ISO-10303-21;
HEADER;
FILE_DESCRIPTION (( 'STEP AP214' ),
    '1' );
FILE_NAME ('same sky SDF-80J.STEP',
    '2025-09-02T09:43:51',
    ( '' ),
    ( '' ),
    'SwSTEP 2.0',
    'SolidWorks 2024',
    '' );
FILE_SCHEMA (( 'AUTOMOTIVE_DESIGN' ));
ENDSEC;

DATA;
#1 =( LENGTH_UNIT ( ) NAMED_UNIT ( * ) SI_UNIT ( .MILLI., .METRE. ) );
#2 = CARTESIAN_POINT ( 'NONE',  ( -4.725584044262980399, 2.728317220033625201, -1.199999999999999956 ) ) ;
#3 = FACE_OUTER_BOUND ( 'NONE', #12147, .T. ) ;
#4 = ORIENTED_EDGE ( 'NONE', *, *, #2847, .T. ) ;
#5 = VERTEX_POINT ( 'NONE', #6403 ) ;
#6 = ORIENTED_EDGE ( 'NONE', *, *, #3788, .T. ) ;
#7 =( GEOMETRIC_REPRESENTATION_CONTEXT ( 3 ) GLOBAL_UNCERTAINTY_ASSIGNED_CONTEXT ( ( #3627 ) ) GLOBAL_UNIT_ASSIGNED_CONTEXT ( ( #9936, #6109, #4089 ) ) REPRESENTATION_CONTEXT ( 'NONE', 'WORKASPACE' ) );
#8 = ORIENTED_EDGE ( 'NONE', *, *, #9963, .T. ) ;
#9 = CARTESIAN_POINT ( 'NONE',  ( -2.850000000000000089, 0.5500000000000000444, -8.000000000000000000 ) ) ;
#10 = DIRECTION ( 'NONE',  ( 0.000000000000000000, 2.168404344971020208E-16, -1.000000000000000000 ) ) ;
#11 = ADVANCED_FACE ( 'NONE', ( #6525 ), #10408, .F. ) ;
#12 = CARTESIAN_POINT ( 'NONE',  ( 0.3499999999999999778, 0.5500000000000000444, -6.000000000000000000 ) ) ;
#13 = CARTESIAN_POINT ( 'NONE',  ( 2.983780846226099737, 10.73882662145499900, -1.199999999999999956 ) ) ;
#14 = VECTOR ( 'NONE', #8039, 1000.000000000000000 ) ;
#15 = CARTESIAN_POINT ( 'NONE',  ( -0.4500000000000309863, 9.820577136594000223, -1.199999999999999956 ) ) ;
#16 = FACE_OUTER_BOUND ( 'NONE', #8171, .T. ) ;
#17 = DIRECTION ( 'NONE',  ( 1.000000000000000000, 0.000000000000000000, 0.000000000000000000 ) ) ;
#18 = DIRECTION ( 'NONE',  ( 0.000000000000000000, 0.000000000000000000, -1.000000000000000000 ) ) ;
#19 = VERTEX_POINT ( 'NONE', #5519 ) ;
#20 = ORIENTED_EDGE ( 'NONE', *, *, #3124, .F. ) ;
#21 = ORIENTED_EDGE ( 'NONE', *, *, #11016, .F. ) ;
#22 = COLOUR_RGB ( '',0.2509803921568627416, 0.2509803921568627416, 0.2509803921568627416 ) ;
#23 = AXIS2_PLACEMENT_3D ( 'NONE', #2498, #1392, #7161 ) ;
#24 = VERTEX_POINT ( 'NONE', #1704 ) ;
#25 = FILL_AREA_STYLE_COLOUR ( '', #9486 ) ;
#26 = EDGE_CURVE ( 'NONE', #7371, #2693, #7544, .T. ) ;
#27 = PLANE ( 'NONE',  #9546 ) ;
#28 = ORIENTED_EDGE ( 'NONE', *, *, #3612, .F. ) ;
#29 = CARTESIAN_POINT ( 'NONE',  ( -0.3499999999999999778, -3.000000000000000000, -9.500000000000000000 ) ) ;
#30 = ADVANCED_FACE ( 'NONE', ( #7422 ), #9355, .T. ) ;
#31 = DIRECTION ( 'NONE',  ( 1.000000000000000000, 0.000000000000000000, 0.000000000000000000 ) ) ;
#32 = CARTESIAN_POINT ( 'NONE',  ( 0.000000000000000000, 10.00000000000000000, -3.200000000000084999 ) ) ;
#33 = VECTOR ( 'NONE', #8085, 1000.000000000000000 ) ;
#34 = PRESENTATION_STYLE_ASSIGNMENT (( #8616 ) ) ;
#35 = VECTOR ( 'NONE', #5028, 1000.000000000000000 ) ;
#36 = SURFACE_STYLE_FILL_AREA ( #8617 ) ;
#37 = FACE_OUTER_BOUND ( 'NONE', #12054, .T. ) ;
#38 = ORIENTED_EDGE ( 'NONE', *, *, #3838, .T. ) ;
#39 = AXIS2_PLACEMENT_3D ( 'NONE', #8550, #11372, #5589 ) ;
#40 = ORIENTED_EDGE ( 'NONE', *, *, #860, .F. ) ;
#41 = SURFACE_STYLE_USAGE ( .BOTH. , #3967 ) ;
#42 = EDGE_CURVE ( 'NONE', #1696, #9243, #10725, .T. ) ;
#43 = AXIS2_PLACEMENT_3D ( 'NONE', #7829, #3109, #1064 ) ;
#44 = PRESENTATION_LAYER_ASSIGNMENT (  '', '', ( #5019 ) ) ;
#45 = PLANE ( 'NONE',  #9051 ) ;
#46 = SURFACE_STYLE_FILL_AREA ( #8624 ) ;
#47 = DIRECTION ( 'NONE',  ( 0.000000000000000000, 0.000000000000000000, 1.000000000000000000 ) ) ;
#48 = CARTESIAN_POINT ( 'NONE',  ( -3.000000000000000000, 2.000000000000000000, 7.299999999999999822 ) ) ;
#49 = SURFACE_STYLE_FILL_AREA ( #6943 ) ;
#50 = CARTESIAN_POINT ( 'NONE',  ( 0.3499999999999999778, -3.000000000000000000, -5.000000000000000000 ) ) ;
#51 = AXIS2_PLACEMENT_3D ( 'NONE', #2458, #3390, #4395 ) ;
#52 = DIRECTION ( 'NONE',  ( 0.000000000000000000, 1.000000000000000000, 2.168404344971015031E-16 ) ) ;
#53 = VECTOR ( 'NONE', #3888, 1000.000000000000000 ) ;
#54 = FACE_OUTER_BOUND ( 'NONE', #7722, .T. ) ;
#55 = AXIS2_PLACEMENT_3D ( 'NONE', #2102, #2915, #5672 ) ;
#56 = ORIENTED_EDGE ( 'NONE', *, *, #3499, .T. ) ;
#57 = DIRECTION ( 'NONE',  ( 0.000000000000000000, -1.000000000000000000, -1.398970545142586048E-16 ) ) ;
#58 = ORIENTED_EDGE ( 'NONE', *, *, #5613, .T. ) ;
#59 = CARTESIAN_POINT ( 'NONE',  ( 7.849999999999999645, 3.200000000000000178, -8.500000000000000000 ) ) ;
#60 =( GEOMETRIC_REPRESENTATION_CONTEXT ( 3 ) GLOBAL_UNCERTAINTY_ASSIGNED_CONTEXT ( ( #7643 ) ) GLOBAL_UNIT_ASSIGNED_CONTEXT ( ( #252, #954, #6903 ) ) REPRESENTATION_CONTEXT ( 'NONE', 'WORKASPACE' ) );
#61 = CARTESIAN_POINT ( 'NONE',  ( 2.000000000000000000, 1.649999999999999911, 5.150000000000000355 ) ) ;
#62 = SURFACE_STYLE_FILL_AREA ( #2117 ) ;
#63 = CIRCLE ( 'NONE', #9082, 1.090380592228739953 ) ;
#64 = LINE ( 'NONE', #6763, #8025 ) ;
#65 = EDGE_CURVE ( 'NONE', #11755, #2675, #10169, .T. ) ;
#66 = FACE_OUTER_BOUND ( 'NONE', #6384, .T. ) ;
#67 = LINE ( 'NONE', #10581, #5305 ) ;
#68 = AXIS2_PLACEMENT_3D ( 'NONE', #4239, #11721, #5042 ) ;
#69 = SURFACE_STYLE_USAGE ( .BOTH. , #3866 ) ;
#70 = EDGE_LOOP ( 'NONE', ( #11658, #7031, #4860, #10415 ) ) ;
#71 = ADVANCED_FACE ( 'NONE', ( #2137 ), #1146, .F. ) ;
#72 = MECHANICAL_DESIGN_GEOMETRIC_PRESENTATION_REPRESENTATION (  '', ( #11678 ), #10675 ) ;
#73 = ORIENTED_EDGE ( 'NONE', *, *, #9922, .T. ) ;
#74 = ORIENTED_EDGE ( 'NONE', *, *, #10286, .T. ) ;
#75 = ORIENTED_EDGE ( 'NONE', *, *, #8730, .F. ) ;
#76 = SURFACE_SIDE_STYLE ('',( #11420 ) ) ;
#77 = FACE_OUTER_BOUND ( 'NONE', #12349, .T. ) ;
#78 = AXIS2_PLACEMENT_3D ( 'NONE', #9385, #10254, #7330 ) ;
#79 = SURFACE_STYLE_USAGE ( .BOTH. , #1019 ) ;
#80 = AXIS2_PLACEMENT_3D ( 'NONE', #8604, #775, #5584 ) ;
#81 = FACE_OUTER_BOUND ( 'NONE', #8601, .T. ) ;
#82 = CARTESIAN_POINT ( 'NONE',  ( 2.850000000000000089, -3.000000000000000000, -8.000000000000000000 ) ) ;
#83 = CARTESIAN_POINT ( 'NONE',  ( 3.200000000000000178, 1.899999999999999911, 7.200000000000000178 ) ) ;
#84 = ORIENTED_EDGE ( 'NONE', *, *, #4505, .T. ) ;
#85 = ADVANCED_FACE ( 'NONE', ( #3069 ), #10535, .F. ) ;
#86 = ORIENTED_EDGE ( 'NONE', *, *, #8919, .T. ) ;
#87 = VERTEX_POINT ( 'NONE', #9673 ) ;
#88 = ORIENTED_EDGE ( 'NONE', *, *, #1638, .T. ) ;
#89 = DIRECTION ( 'NONE',  ( 0.000000000000000000, 0.000000000000000000, -1.000000000000000000 ) ) ;
#90 = AXIS2_PLACEMENT_3D ( 'NONE', #1290, #10931, #8055 ) ;
#91 = FILL_AREA_STYLE ('',( #3139 ) ) ;
#92 = ORIENTED_EDGE ( 'NONE', *, *, #10659, .T. ) ;
#93 = CARTESIAN_POINT ( 'NONE',  ( 1.300000000000000044, 15.75499782797525050, 24.08550494769779959 ) ) ;
#94 = CARTESIAN_POINT ( 'NONE',  ( -7.849999999999999645, 0.5500000000000000444, -7.000000000000000000 ) ) ;
#95 = CARTESIAN_POINT ( 'NONE',  ( 7.849999999999999645, -3.000000000000000000, -8.000000000000000000 ) ) ;
#96 = SURFACE_STYLE_USAGE ( .BOTH. , #8679 ) ;
#97 = DIRECTION ( 'NONE',  ( 1.509360965741520140E-14, -1.000000000000000000, 0.000000000000000000 ) ) ;
#98 = FACE_OUTER_BOUND ( 'NONE', #11049, .T. ) ;
#99 = EDGE_CURVE ( 'NONE', #1266, #9690, #11927, .T. ) ;
#100 =( NAMED_UNIT ( * ) PLANE_ANGLE_UNIT ( ) SI_UNIT ( $, .RADIAN. ) );
#101 = ORIENTED_EDGE ( 'NONE', *, *, #7361, .T. ) ;
#102 = AXIS2_PLACEMENT_3D ( 'NONE', #5818, #1086, #4878 ) ;
#103 = ORIENTED_EDGE ( 'NONE', *, *, #1109, .F. ) ;
#104 = LINE ( 'NONE', #6048, #7653 ) ;
#105 = PRESENTATION_STYLE_ASSIGNMENT (( #3781 ) ) ;
#106 = DIRECTION ( 'NONE',  ( 0.000000000000000000, -1.000000000000000000, -1.398970545142586048E-16 ) ) ;
#107 = PRESENTATION_LAYER_ASSIGNMENT (  '', '', ( #1703 ) ) ;
#108 = FACE_OUTER_BOUND ( 'NONE', #8904, .T. ) ;
#109 = PRESENTATION_STYLE_ASSIGNMENT (( #5987 ) ) ;
#110 = CARTESIAN_POINT ( 'NONE',  ( -0.5610239286132310266, 12.87169557080111915, -1.199999999999999956 ) ) ;
#111 = MECHANICAL_DESIGN_GEOMETRIC_PRESENTATION_REPRESENTATION (  '', ( #297 ), #8505 ) ;
#112 = EDGE_CURVE ( 'NONE', #1845, #2947, #5886, .T. ) ;
#113 = EDGE_CURVE ( 'NONE', #5090, #1199, #7913, .T. ) ;
#114 = VERTEX_POINT ( 'NONE', #11489 ) ;
#115 = VERTEX_POINT ( 'NONE', #13 ) ;
#116 = CARTESIAN_POINT ( 'NONE',  ( -5.349999999999999645, 3.200000000000000178, -4.500000000000000000 ) ) ;
#117 = DIRECTION ( 'NONE',  ( 0.000000000000000000, 7.589415207398510528E-15, -1.000000000000000000 ) ) ;
#118 = CARTESIAN_POINT ( 'NONE',  ( -7.849999999999999645, 0.5500000000000000444, -4.500000000000000000 ) ) ;
#119 =( LENGTH_UNIT ( ) NAMED_UNIT ( * ) SI_UNIT ( .MILLI., .METRE. ) );
#120 = CIRCLE ( 'NONE', #6521, 0.04999999999999969746 ) ;
#121 = AXIS2_PLACEMENT_3D ( 'NONE', #9019, #10959, #2367 ) ;
#122 = DIRECTION ( 'NONE',  ( 0.000000000000000000, 0.000000000000000000, 1.000000000000000000 ) ) ;
#123 = CARTESIAN_POINT ( 'NONE',  ( -7.500000000000000000, 0.000000000000000000, -0.2000000000000000111 ) ) ;
#124 = ORIENTED_EDGE ( 'NONE', *, *, #6609, .F. ) ;
#125 = EDGE_LOOP ( 'NONE', ( #11123, #126, #6852, #1095 ) ) ;
#126 = ORIENTED_EDGE ( 'NONE', *, *, #801, .F. ) ;
#127 = VERTEX_POINT ( 'NONE', #10791 ) ;
#128 = DIRECTION ( 'NONE',  ( 0.000000000000000000, -7.930164461608261228E-15, 1.000000000000000000 ) ) ;
#129 = CARTESIAN_POINT ( 'NONE',  ( 0.000000000000000000, 10.00000000000000000, 7.500000000000000000 ) ) ;
#130 = CARTESIAN_POINT ( 'NONE',  ( 3.499999638942034696, 10.00158978159489997, -1.199999999999999956 ) ) ;
#131 = CARTESIAN_POINT ( 'NONE',  ( -10.34999999999999964, 21.16464466094064889, 7.299999999999999822 ) ) ;
#132 = EDGE_CURVE ( 'NONE', #11664, #11035, #6975, .T. ) ;
#133 = CARTESIAN_POINT ( 'NONE',  ( -4.265774538051229747, 9.147983018184300263, 6.799999999999999822 ) ) ;
#134 = MECHANICAL_DESIGN_GEOMETRIC_PRESENTATION_REPRESENTATION (  '', ( #2130 ), #7749 ) ;
#135 = LINE ( 'NONE', #3005, #7778 ) ;
#136 = DIRECTION ( 'NONE',  ( 0.000000000000000000, 0.000000000000000000, 1.000000000000000000 ) ) ;
#137 = ORIENTED_EDGE ( 'NONE', *, *, #10243, .T. ) ;
#138 = VERTEX_POINT ( 'NONE', #2883 ) ;
#139 = EDGE_LOOP ( 'NONE', ( #10574, #6492, #7488, #8905 ) ) ;
#140 = ORIENTED_EDGE ( 'NONE', *, *, #11146, .T. ) ;
#141 = FILL_AREA_STYLE_COLOUR ( '', #6685 ) ;
#142 = VECTOR ( 'NONE', #11411, 1000.000000000000000 ) ;
#143 = PLANE ( 'NONE',  #6447 ) ;
#144 = VERTEX_POINT ( 'NONE', #5767 ) ;
#145 = DIRECTION ( 'NONE',  ( -1.000000000000000000, 0.000000000000000000, 0.000000000000000000 ) ) ;
#146 = EDGE_CURVE ( 'NONE', #5994, #6026, #8309, .T. ) ;
#147 = CARTESIAN_POINT ( 'NONE',  ( -2.149999999999999911, 3.200000000000000178, -4.500000000000000000 ) ) ;
#148 = AXIS2_PLACEMENT_3D ( 'NONE', #1782, #9434, #4473 ) ;
#149 = PLANE ( 'NONE',  #12074 ) ;
#150 = CARTESIAN_POINT ( 'NONE',  ( 5.349999999999999645, 0.5500000000000000444, -5.500000000000000000 ) ) ;
#151 = CARTESIAN_POINT ( 'NONE',  ( -0.3499999999999999778, -3.000000000000000000, -10.00000000000000000 ) ) ;
#152 = EDGE_CURVE ( 'NONE', #6695, #6732, #10700, .T. ) ;
#153 = CARTESIAN_POINT ( 'NONE',  ( 7.349999999999999645, 2.700000000000000178, 7.299999999999999822 ) ) ;
#154 = LINE ( 'NONE', #3961, #8589 ) ;
#155 = ORIENTED_EDGE ( 'NONE', *, *, #11743, .F. ) ;
#156 =( GEOMETRIC_REPRESENTATION_CONTEXT ( 3 ) GLOBAL_UNCERTAINTY_ASSIGNED_CONTEXT ( ( #8582 ) ) GLOBAL_UNIT_ASSIGNED_CONTEXT ( ( #6995, #7127, #7184 ) ) REPRESENTATION_CONTEXT ( 'NONE', 'WORKASPACE' ) );
#157 = ORIENTED_EDGE ( 'NONE', *, *, #903, .T. ) ;
#158 = FILL_AREA_STYLE ('',( #2096 ) ) ;
#159 = AXIS2_PLACEMENT_3D ( 'NONE', #1979, #5798, #8762 ) ;
#160 = FACE_OUTER_BOUND ( 'NONE', #192, .T. ) ;
#161 = CARTESIAN_POINT ( 'NONE',  ( 15.62500000000000000, 15.62500000000000000, 5.700000000000000178 ) ) ;
#162 = EDGE_CURVE ( 'NONE', #10162, #2818, #8725, .T. ) ;
#163 = SURFACE_STYLE_USAGE ( .BOTH. , #7756 ) ;
#164 = CARTESIAN_POINT ( 'NONE',  ( -4.265339879089330211, 1.075483713515269946, 5.100000000000000533 ) ) ;
#165 = FACE_OUTER_BOUND ( 'NONE', #5849, .T. ) ;
#166 = DIRECTION ( 'NONE',  ( -1.298436238251450266E-29, 1.000000000000000000, 2.414357261555910084E-44 ) ) ;
#167 = CARTESIAN_POINT ( 'NONE',  ( -7.150000000000000355, 3.200000000000000178, -8.500000000000000000 ) ) ;
#168 = MECHANICAL_DESIGN_GEOMETRIC_PRESENTATION_REPRESENTATION (  '', ( #10171 ), #4365 ) ;
#169 = DIRECTION ( 'NONE',  ( -1.000000000000000000, 2.409338161078775428E-16, 3.718869191154470885E-15 ) ) ;
#170 = SURFACE_SIDE_STYLE ('',( #10513 ) ) ;
#171 = PRESENTATION_LAYER_ASSIGNMENT (  '', '', ( #4558 ) ) ;
#172 = EDGE_LOOP ( 'NONE', ( #8984, #7455, #2004, #6374 ) ) ;
#173 = UNCERTAINTY_MEASURE_WITH_UNIT (LENGTH_MEASURE( 1.000000000000000082E-05 ), #9263, 'distance_accuracy_value', 'NONE');
#174 = VERTEX_POINT ( 'NONE', #2069 ) ;
#175 = DIRECTION ( 'NONE',  ( 1.000000000000000000, 0.000000000000000000, 0.000000000000000000 ) ) ;
#176 =( LENGTH_UNIT ( ) NAMED_UNIT ( * ) SI_UNIT ( .MILLI., .METRE. ) );
#177 = EDGE_CURVE ( 'NONE', #1011, #9701, #196, .T. ) ;
#178 = FILL_AREA_STYLE ('',( #10707 ) ) ;
#179 = CARTESIAN_POINT ( 'NONE',  ( 10.11464466094068015, 21.14999999999999858, 5.750000000000070166 ) ) ;
#180 = EDGE_CURVE ( 'NONE', #4763, #10235, #8103, .T. ) ;
#181 = AXIS2_PLACEMENT_3D ( 'NONE', #8088, #11914, #5608 ) ;
#182 = EDGE_CURVE ( 'NONE', #11595, #11419, #10033, .T. ) ;
#183 = CARTESIAN_POINT ( 'NONE',  ( 3.200000000000000178, 7.817097663620468037E-14, 2.399999999999914646 ) ) ;
#184 = MECHANICAL_DESIGN_GEOMETRIC_PRESENTATION_REPRESENTATION (  '', ( #10193 ), #7204 ) ;
#185 = CARTESIAN_POINT ( 'NONE',  ( -10.11220388411718574, 21.39999999999999503, 7.315449846949786838 ) ) ;
#186 =( LENGTH_UNIT ( ) NAMED_UNIT ( * ) SI_UNIT ( .MILLI., .METRE. ) );
#187 = ORIENTED_EDGE ( 'NONE', *, *, #7144, .F. ) ;
#188 = ORIENTED_EDGE ( 'NONE', *, *, #3136, .F. ) ;
#189 =( GEOMETRIC_REPRESENTATION_CONTEXT ( 3 ) GLOBAL_UNCERTAINTY_ASSIGNED_CONTEXT ( ( #990 ) ) GLOBAL_UNIT_ASSIGNED_CONTEXT ( ( #4222, #11834, #6238 ) ) REPRESENTATION_CONTEXT ( 'NONE', 'WORKASPACE' ) );
#190 = EDGE_LOOP ( 'NONE', ( #8434, #10862, #4751, #7221 ) ) ;
#191 = ORIENTED_EDGE ( 'NONE', *, *, #11023, .T. ) ;
#192 = EDGE_LOOP ( 'NONE', ( #358, #7293, #8422, #2513 ) ) ;
#193 =( GEOMETRIC_REPRESENTATION_CONTEXT ( 3 ) GLOBAL_UNCERTAINTY_ASSIGNED_CONTEXT ( ( #505 ) ) GLOBAL_UNIT_ASSIGNED_CONTEXT ( ( #7453, #3702, #7912 ) ) REPRESENTATION_CONTEXT ( 'NONE', 'WORKASPACE' ) );
#194 = DIRECTION ( 'NONE',  ( 1.000000000000000000, 0.000000000000000000, 0.000000000000000000 ) ) ;
#195 = CYLINDRICAL_SURFACE ( 'NONE', #12210, 7.200000000000000178 ) ;
#196 = LINE ( 'NONE', #4003, #5295 ) ;
#197 = EDGE_CURVE ( 'NONE', #8346, #3456, #576, .T. ) ;
#198 = CARTESIAN_POINT ( 'NONE',  ( -5.349999999999999645, -3.000000000000000000, -5.500000000000000000 ) ) ;
#199 = CARTESIAN_POINT ( 'NONE',  ( -1.300000000000000044, 14.25499782797525938, 6.799999999999999822 ) ) ;
#200 = STYLED_ITEM ( 'NONE', ( #12149 ), #9116 ) ;
#201 = SURFACE_STYLE_USAGE ( .BOTH. , #8796 ) ;
#202 = ORIENTED_EDGE ( 'NONE', *, *, #5377, .T. ) ;
#203 = ORIENTED_EDGE ( 'NONE', *, *, #1485, .T. ) ;
#204 = VERTEX_POINT ( 'NONE', #5329 ) ;
#205 = ORIENTED_EDGE ( 'NONE', *, *, #6347, .F. ) ;
#206 = FILL_AREA_STYLE_COLOUR ( '', #2079 ) ;
#207 = DIRECTION ( 'NONE',  ( 1.000000000000000000, -3.854941057726237900E-15, 0.000000000000000000 ) ) ;
#208 = VECTOR ( 'NONE', #9126, 1000.000000000000000 ) ;
#209 = VERTEX_POINT ( 'NONE', #2500 ) ;
#210 = LINE ( 'NONE', #1225, #4629 ) ;
#211 = CARTESIAN_POINT ( 'NONE',  ( 2.149999999999999911, -3.000000000000000000, -7.500000000000000000 ) ) ;
#212 = CARTESIAN_POINT ( 'NONE',  ( 0.3499999999999999778, -3.000000000000000000, -9.500000000000000000 ) ) ;
#213 = CARTESIAN_POINT ( 'NONE',  ( -4.016218431657985199, 9.264352941734809832, -1.199999999999999956 ) ) ;
#214 = VECTOR ( 'NONE', #3127, 1000.000000000000114 ) ;
#215 = EDGE_CURVE ( 'NONE', #2324, #3383, #5199, .T. ) ;
#216 = ORIENTED_EDGE ( 'NONE', *, *, #11995, .T. ) ;
#217 = ORIENTED_EDGE ( 'NONE', *, *, #7993, .F. ) ;
#218 =( NAMED_UNIT ( * ) PLANE_ANGLE_UNIT ( ) SI_UNIT ( $, .RADIAN. ) );
#219 = FACE_OUTER_BOUND ( 'NONE', #4205, .T. ) ;
#220 = DIRECTION ( 'NONE',  ( 0.000000000000000000, 0.000000000000000000, 1.000000000000000000 ) ) ;
#221 = COLOUR_RGB ( '',0.2509803921568627416, 0.2509803921568627416, 0.2509803921568627416 ) ;
#222 = PRESENTATION_LAYER_ASSIGNMENT (  '', '', ( #1633 ) ) ;
#223 = DIRECTION ( 'NONE',  ( -0.3420201433256691015, 0.9396926207859082059, 1.271928173768066172E-15 ) ) ;
#224 = CARTESIAN_POINT ( 'NONE',  ( 10.14999999999999858, 21.39999999999999858, 7.250000000000000000 ) ) ;
#225 = FACE_OUTER_BOUND ( 'NONE', #3198, .T. ) ;
#226 = VERTEX_POINT ( 'NONE', #6334 ) ;
#227 = EDGE_CURVE ( 'NONE', #4612, #9879, #3320, .T. ) ;
#228 = AXIS2_PLACEMENT_3D ( 'NONE', #6804, #10624, #8883 ) ;
#229 = VECTOR ( 'NONE', #175, 1000.000000000000000 ) ;
#230 = VECTOR ( 'NONE', #4096, 1000.000000000000000 ) ;
#231 = CARTESIAN_POINT ( 'NONE',  ( 0.000000000000000000, 0.000000000000000000, -1.199999999999999956 ) ) ;
#232 = VERTEX_POINT ( 'NONE', #7982 ) ;
#233 = DIRECTION ( 'NONE',  ( 1.000000000000000000, 7.709882115452480533E-15, 0.000000000000000000 ) ) ;
#234 =( NAMED_UNIT ( * ) PLANE_ANGLE_UNIT ( ) SI_UNIT ( $, .RADIAN. ) );
#235 = CARTESIAN_POINT ( 'NONE',  ( 2.000000000000000000, -2.401009032218150097, 5.150000000000000355 ) ) ;
#236 = DIRECTION ( 'NONE',  ( 0.000000000000000000, 0.000000000000000000, -1.000000000000000000 ) ) ;
#237 = VECTOR ( 'NONE', #9134, 1000.000000000000000 ) ;
#238 = FILL_AREA_STYLE_COLOUR ( '', #3337 ) ;
#239 = LINE ( 'NONE', #6132, #11934 ) ;
#240 = VERTEX_POINT ( 'NONE', #5262 ) ;
#241 = VERTEX_POINT ( 'NONE', #9975 ) ;
#242 = ADVANCED_FACE ( 'NONE', ( #1511 ), #5132, .F. ) ;
#243 = EDGE_CURVE ( 'NONE', #7857, #9289, #10981, .T. ) ;
#244 = VERTEX_POINT ( 'NONE', #1395 ) ;
#245 = CARTESIAN_POINT ( 'NONE',  ( 8.449999999999999289, 2.700000000000000178, 7.299999999999999822 ) ) ;
#246 = EDGE_LOOP ( 'NONE', ( #5899, #11176, #7218, #2755, #9702, #10412, #8751, #5647, #4690 ) ) ;
#247 = STYLED_ITEM ( 'NONE', ( #9808 ), #5331 ) ;
#248 = ORIENTED_EDGE ( 'NONE', *, *, #892, .F. ) ;
#249 = DIRECTION ( 'NONE',  ( 0.000000000000000000, -1.000000000000000000, -7.930164461608261228E-15 ) ) ;
#250 = VECTOR ( 'NONE', #849, 1000.000000000000000 ) ;
#251 = DIRECTION ( 'NONE',  ( 0.000000000000000000, -1.000000000000000000, 0.000000000000000000 ) ) ;
#252 =( LENGTH_UNIT ( ) NAMED_UNIT ( * ) SI_UNIT ( .MILLI., .METRE. ) );
#253 = PLANE ( 'NONE',  #7804 ) ;
#254 = DIRECTION ( 'NONE',  ( 0.000000000000000000, 0.000000000000000000, 1.000000000000000000 ) ) ;
#255 =( NAMED_UNIT ( * ) SI_UNIT ( $, .STERADIAN. ) SOLID_ANGLE_UNIT ( ) );
#256 = DIRECTION ( 'NONE',  ( 0.4226182617407189257, -0.9063077870366409439, 0.000000000000000000 ) ) ;
#257 = VECTOR ( 'NONE', #6389, 1000.000000000000000 ) ;
#258 = VECTOR ( 'NONE', #12246, 1000.000000000000000 ) ;
#259 = COLOUR_RGB ( '',0.2509803921568627416, 0.2509803921568627416, 0.2509803921568627416 ) ;
#260 = SURFACE_STYLE_USAGE ( .BOTH. , #1284 ) ;
#261 = AXIS2_PLACEMENT_3D ( 'NONE', #5005, #6980, #2014 ) ;
#262 = ORIENTED_EDGE ( 'NONE', *, *, #3855, .T. ) ;
#263 = ADVANCED_FACE ( 'NONE', ( #10095 ), #4261, .F. ) ;
#264 = ADVANCED_FACE ( 'NONE', ( #8976 ), #11101, .F. ) ;
#265 = ORIENTED_EDGE ( 'NONE', *, *, #5973, .F. ) ;
#266 = ORIENTED_EDGE ( 'NONE', *, *, #941, .F. ) ;
#267 = ORIENTED_EDGE ( 'NONE', *, *, #9688, .T. ) ;
#268 = CARTESIAN_POINT ( 'NONE',  ( 7.849999999999999645, 16.65000000000000213, 5.700000000000000178 ) ) ;
#269 = ORIENTED_EDGE ( 'NONE', *, *, #7433, .F. ) ;
#270 = VECTOR ( 'NONE', #10827, 1000.000000000000000 ) ;
#271 =( NAMED_UNIT ( * ) PLANE_ANGLE_UNIT ( ) SI_UNIT ( $, .RADIAN. ) );
#272 = DIRECTION ( 'NONE',  ( 1.000000000000000000, 0.000000000000000000, 0.000000000000000000 ) ) ;
#273 = LINE ( 'NONE', #8933, #8559 ) ;
#274 = EDGE_CURVE ( 'NONE', #5902, #2399, #3256, .T. ) ;
#275 = PRESENTATION_LAYER_ASSIGNMENT (  '', '', ( #1683 ) ) ;
#276 = ORIENTED_EDGE ( 'NONE', *, *, #4689, .T. ) ;
#277 = VERTEX_POINT ( 'NONE', #2335 ) ;
#278 =( NAMED_UNIT ( * ) SI_UNIT ( $, .STERADIAN. ) SOLID_ANGLE_UNIT ( ) );
#279 = LINE ( 'NONE', #7006, #6585 ) ;
#280 = FACE_OUTER_BOUND ( 'NONE', #2610, .T. ) ;
#281 = AXIS2_PLACEMENT_3D ( 'NONE', #10464, #3620, #5690 ) ;
#282 = CARTESIAN_POINT ( 'NONE',  ( -10.14999999999999858, 0.9999999999999009681, -2.699999999999950440 ) ) ;
#283 = EDGE_CURVE ( 'NONE', #8391, #7189, #6145, .T. ) ;
#284 = DIRECTION ( 'NONE',  ( 0.000000000000000000, 7.589415207398510528E-15, -1.000000000000000000 ) ) ;
#285 = CARTESIAN_POINT ( 'NONE',  ( -10.11464466094063930, 21.14999999999999858, 5.750000000000110134 ) ) ;
#286 = AXIS2_PLACEMENT_3D ( 'NONE', #4541, #2731, #3377 ) ;
#287 = AXIS2_PLACEMENT_3D ( 'NONE', #5384, #9222, #3613 ) ;
#288 = EDGE_LOOP ( 'NONE', ( #10059, #6625, #5977, #3078 ) ) ;
#289 = UNCERTAINTY_MEASURE_WITH_UNIT (LENGTH_MEASURE( 1.000000000000000082E-05 ), #7135, 'distance_accuracy_value', 'NONE');
#290 = MECHANICAL_DESIGN_GEOMETRIC_PRESENTATION_REPRESENTATION (  '', ( #9121 ), #11726 ) ;
#291 = VERTEX_POINT ( 'NONE', #8517 ) ;
#292 = CARTESIAN_POINT ( 'NONE',  ( -2.475435743013954859, 7.525688402361390139, -1.199999999999999956 ) ) ;
#293 = CARTESIAN_POINT ( 'NONE',  ( 2.000000000000000000, 1.899999999999999911, 5.150000000000000355 ) ) ;
#294 = CARTESIAN_POINT ( 'NONE',  ( -2.000000000000000000, 1.649999999999999911, 5.150000000000000355 ) ) ;
#295 = FACE_OUTER_BOUND ( 'NONE', #8142, .T. ) ;
#296 = CARTESIAN_POINT ( 'NONE',  ( 0.4499999999999724776, 12.50000000000000000, -1.199999999999999956 ) ) ;
#297 = STYLED_ITEM ( 'NONE', ( #1056 ), #498 ) ;
#298 = EDGE_CURVE ( 'NONE', #3634, #6081, #10151, .T. ) ;
#299 = CARTESIAN_POINT ( 'NONE',  ( -7.150000000000000355, -3.000000000000000000, -7.500000000000000000 ) ) ;
#300 = AXIS2_PLACEMENT_3D ( 'NONE', #6416, #3464, #7436 ) ;
#301 = EDGE_CURVE ( 'NONE', #3685, #3184, #7713, .T. ) ;
#302 =( NAMED_UNIT ( * ) PLANE_ANGLE_UNIT ( ) SI_UNIT ( $, .RADIAN. ) );
#303 = ORIENTED_EDGE ( 'NONE', *, *, #11533, .F. ) ;
#304 = ORIENTED_EDGE ( 'NONE', *, *, #1788, .T. ) ;
#305 = ORIENTED_EDGE ( 'NONE', *, *, #12219, .T. ) ;
#306 = FACE_OUTER_BOUND ( 'NONE', #8649, .T. ) ;
#307 = VERTEX_POINT ( 'NONE', #5561 ) ;
#308 = AXIS2_PLACEMENT_3D ( 'NONE', #285, #6123, #9015 ) ;
#309 = VERTEX_POINT ( 'NONE', #9401 ) ;
#310 = PRESENTATION_STYLE_ASSIGNMENT (( #8970 ) ) ;
#311 = CARTESIAN_POINT ( 'NONE',  ( -2.149999999999999911, 0.5500000000000000444, -8.500000000000000000 ) ) ;
#312 =( GEOMETRIC_REPRESENTATION_CONTEXT ( 3 ) GLOBAL_UNCERTAINTY_ASSIGNED_CONTEXT ( ( #5253 ) ) GLOBAL_UNIT_ASSIGNED_CONTEXT ( ( #11866, #10916, #12048 ) ) REPRESENTATION_CONTEXT ( 'NONE', 'WORKASPACE' ) );
#313 = DIRECTION ( 'NONE',  ( 1.000000000000000000, -2.409338161078775428E-16, -3.718869191154470885E-15 ) ) ;
#314 = DIRECTION ( 'NONE',  ( 0.000000000000000000, 0.000000000000000000, 1.000000000000000000 ) ) ;
#315 = DIRECTION ( 'NONE',  ( 0.8660254037844387076, 0.4999999999999998890, 0.000000000000000000 ) ) ;
#316 = EDGE_CURVE ( 'NONE', #209, #2148, #12293, .T. ) ;
#317 = CARTESIAN_POINT ( 'NONE',  ( 0.4500000000000000111, 4.599999999999999645, -1.199999999999999956 ) ) ;
#318 = FACE_OUTER_BOUND ( 'NONE', #4808, .T. ) ;
#319 = STYLED_ITEM ( 'NONE', ( #12010 ), #1096 ) ;
#320 = FACE_OUTER_BOUND ( 'NONE', #2676, .T. ) ;
#321 = FILL_AREA_STYLE_COLOUR ( '', #10471 ) ;
#322 = ORIENTED_EDGE ( 'NONE', *, *, #3855, .F. ) ;
#323 = COLOUR_RGB ( '',0.2509803921568627416, 0.2509803921568627416, 0.2509803921568627416 ) ;
#324 = ORIENTED_EDGE ( 'NONE', *, *, #9617, .T. ) ;
#325 = ORIENTED_EDGE ( 'NONE', *, *, #5887, .T. ) ;
#326 = ORIENTED_EDGE ( 'NONE', *, *, #4042, .T. ) ;
#327 = CARTESIAN_POINT ( 'NONE',  ( 2.850000000000000089, 0.5500000000000000444, -8.500000000000000000 ) ) ;
#328 = DIRECTION ( 'NONE',  ( 0.000000000000000000, 0.000000000000000000, -1.000000000000000000 ) ) ;
#330 = VERTEX_POINT ( 'NONE', #8281 ) ;
#329 = UNCERTAINTY_MEASURE_WITH_UNIT (LENGTH_MEASURE( 1.000000000000000082E-05 ), #552, 'distance_accuracy_value', 'NONE');
#331 = VECTOR ( 'NONE', #8015, 1000.000000000000000 ) ;
#332 = SURFACE_STYLE_USAGE ( .BOTH. , #5281 ) ;
#333 = EDGE_CURVE ( 'NONE', #6260, #9778, #4557, .T. ) ;
#334 = LINE ( 'NONE', #5081, #8672 ) ;
#335 = EDGE_CURVE ( 'NONE', #4702, #3383, #8497, .T. ) ;
#336 = CYLINDRICAL_SURFACE ( 'NONE', #4050, 0.9000000000000000222 ) ;
#337 = CARTESIAN_POINT ( 'NONE',  ( 2.850000000000000089, 0.5500000000000000444, -8.500000000000000000 ) ) ;
#338 = LINE ( 'NONE', #2464, #4156 ) ;
#339 = LINE ( 'NONE', #213, #7026 ) ;
#340 =( GEOMETRIC_REPRESENTATION_CONTEXT ( 3 ) GLOBAL_UNCERTAINTY_ASSIGNED_CONTEXT ( ( #5273 ) ) GLOBAL_UNIT_ASSIGNED_CONTEXT ( ( #8834, #11654, #10901 ) ) REPRESENTATION_CONTEXT ( 'NONE', 'WORKASPACE' ) );
#341 = ORIENTED_EDGE ( 'NONE', *, *, #2913, .T. ) ;
#342 = ORIENTED_EDGE ( 'NONE', *, *, #9815, .F. ) ;
#343 =( LENGTH_UNIT ( ) NAMED_UNIT ( * ) SI_UNIT ( .MILLI., .METRE. ) );
#344 = AXIS2_PLACEMENT_3D ( 'NONE', #2361, #12022, #6182 ) ;
#345 = CARTESIAN_POINT ( 'NONE',  ( 1.696012879608045143, 7.975688402361480911, -1.199999999999999956 ) ) ;
#346 = DIRECTION ( 'NONE',  ( 0.3420201433256683243, 0.9396926207859085389, -1.271928173768063411E-15 ) ) ;
#347 = FACE_OUTER_BOUND ( 'NONE', #1219, .T. ) ;
#348 = EDGE_CURVE ( 'NONE', #10588, #3828, #11281, .T. ) ;
#349 = STYLED_ITEM ( 'NONE', ( #12413 ), #11519 ) ;
#350 = CARTESIAN_POINT ( 'NONE',  ( 10.10976310729378014, 21.37484117970969777, 7.381540638008350363 ) ) ;
#351 = CARTESIAN_POINT ( 'NONE',  ( 2.850000000000000089, 0.5500000000000000444, -7.000000000000000000 ) ) ;
#352 = FILL_AREA_STYLE ('',( #7198 ) ) ;
#353 = PLANE ( 'NONE',  #159 ) ;
#354 = DIRECTION ( 'NONE',  ( -0.3420201433256683243, 0.9396926207859085389, 2.590942143123509019E-31 ) ) ;
#355 =( GEOMETRIC_REPRESENTATION_CONTEXT ( 3 ) GLOBAL_UNCERTAINTY_ASSIGNED_CONTEXT ( ( #636 ) ) GLOBAL_UNIT_ASSIGNED_CONTEXT ( ( #4293, #10010, #1545 ) ) REPRESENTATION_CONTEXT ( 'NONE', 'WORKASPACE' ) );
#356 = EDGE_CURVE ( 'NONE', #9682, #9458, #11343, .T. ) ;
#357 = CLOSED_SHELL ( 'NONE', ( #11789, #5756, #3270, #3037, #11644, #2067, #242, #11996 ) ) ;
#358 = ORIENTED_EDGE ( 'NONE', *, *, #1242, .T. ) ;
#359 = CARTESIAN_POINT ( 'NONE',  ( -0.4500000000000279887, 12.50000000000000000, 6.799999999999999822 ) ) ;
#360 = LINE ( 'NONE', #7090, #10884 ) ;
#361 = DIRECTION ( 'NONE',  ( 1.000000000000000000, 0.000000000000000000, 0.000000000000000000 ) ) ;
#362 = CIRCLE ( 'NONE', #5161, 0.1500000000000008271 ) ;
#363 = SURFACE_SIDE_STYLE ('',( #3175 ) ) ;
#364 = COLOUR_RGB ( '',0.2509803921568627416, 0.2509803921568627416, 0.2509803921568627416 ) ;
#365 = LINE ( 'NONE', #9029, #10508 ) ;
#366 = PLANE ( 'NONE',  #9804 ) ;
#367 = EDGE_LOOP ( 'NONE', ( #21, #9846, #4184, #4646, #907, #9122 ) ) ;
#368 = ORIENTED_EDGE ( 'NONE', *, *, #5727, .F. ) ;
#369 = ORIENTED_EDGE ( 'NONE', *, *, #8791, .F. ) ;
#370 = DIRECTION ( 'NONE',  ( 9.843573744019160371E-15, -1.000000000000000000, -7.589415207398510528E-15 ) ) ;
#371 = EDGE_LOOP ( 'NONE', ( #11627, #6356, #4952, #3803 ) ) ;
#372 = ADVANCED_FACE ( 'NONE', ( #1569 ), #753, .F. ) ;
#373 = MECHANICAL_DESIGN_GEOMETRIC_PRESENTATION_REPRESENTATION (  '', ( #8605 ), #7621 ) ;
#374 = ORIENTED_EDGE ( 'NONE', *, *, #1556, .F. ) ;
#375 = DIRECTION ( 'NONE',  ( 1.000000000000000000, 0.000000000000000000, 0.000000000000000000 ) ) ;
#376 =( NAMED_UNIT ( * ) PLANE_ANGLE_UNIT ( ) SI_UNIT ( $, .RADIAN. ) );
#377 = VECTOR ( 'NONE', #5205, 1000.000000000000000 ) ;
#378 = CARTESIAN_POINT ( 'NONE',  ( 4.469323853433955662, 2.084079939631069855, 6.799999999999999822 ) ) ;
#379 =( NAMED_UNIT ( * ) SI_UNIT ( $, .STERADIAN. ) SOLID_ANGLE_UNIT ( ) );
#380 = SURFACE_STYLE_FILL_AREA ( #4379 ) ;
#381 = CARTESIAN_POINT ( 'NONE',  ( -10.09999999999999964, 8.900000000000000355, 7.250000000000000000 ) ) ;
#382 = AXIS2_PLACEMENT_3D ( 'NONE', #11320, #8433, #5844 ) ;
#383 = CARTESIAN_POINT ( 'NONE',  ( -7.500000000000000000, -2.103310660150810030, -0.2000000000000000111 ) ) ;
#384 = FACE_OUTER_BOUND ( 'NONE', #11056, .T. ) ;
#385 = DIRECTION ( 'NONE',  ( 1.000000000000000000, 0.000000000000000000, 0.000000000000000000 ) ) ;
#386 = SURFACE_STYLE_USAGE ( .BOTH. , #9982 ) ;
#387 = AXIS2_PLACEMENT_3D ( 'NONE', #1237, #2167, #5027 ) ;
#388 = CARTESIAN_POINT ( 'NONE',  ( 4.649999999999999467, 3.200000000000000178, -8.500000000000000000 ) ) ;
#389 = LINE ( 'NONE', #4386, #4650 ) ;
#390 = ORIENTED_EDGE ( 'NONE', *, *, #4155, .F. ) ;
#391 = UNCERTAINTY_MEASURE_WITH_UNIT (LENGTH_MEASURE( 1.000000000000000082E-05 ), #2128, 'distance_accuracy_value', 'NONE');
#392 = ORIENTED_EDGE ( 'NONE', *, *, #11288, .T. ) ;
#393 = ORIENTED_EDGE ( 'NONE', *, *, #7091, .F. ) ;
#394 = EDGE_CURVE ( 'NONE', #9049, #1972, #7467, .T. ) ;
#395 = EDGE_LOOP ( 'NONE', ( #191, #2891, #5962, #7190 ) ) ;
#396 = CARTESIAN_POINT ( 'NONE',  ( 7.500000000000000000, -2.103310660150734979, -0.2000000000000000111 ) ) ;
#397 = CARTESIAN_POINT ( 'NONE',  ( 0.3499999999999999778, 0.5500000000000000444, -5.500000000000000000 ) ) ;
#398 = ORIENTED_EDGE ( 'NONE', *, *, #8372, .T. ) ;
#399 = VECTOR ( 'NONE', #10153, 1000.000000000000000 ) ;
#400 = CARTESIAN_POINT ( 'NONE',  ( 0.000000000000000000, 10.00000000000000000, -4.599999999999999645 ) ) ;
#401 = CONICAL_SURFACE ( 'NONE', #11823, 1.320190296114374107, 0.7853981633974560506 ) ;
#402 = CARTESIAN_POINT ( 'NONE',  ( 0.4500000000000080047, 11.37942286340599907, -1.199999999999999956 ) ) ;
#403 = SURFACE_STYLE_USAGE ( .BOTH. , #11760 ) ;
#404 = PRESENTATION_STYLE_ASSIGNMENT (( #8998 ) ) ;
#405 = CARTESIAN_POINT ( 'NONE',  ( 4.646130973617839999, 9.963660026517290547, 6.799999999999999822 ) ) ;
#406 = SURFACE_STYLE_FILL_AREA ( #2091 ) ;
#407 = EDGE_CURVE ( 'NONE', #6408, #4462, #3551, .T. ) ;
#408 = VECTOR ( 'NONE', #5246, 1000.000000000000000 ) ;
#409 = UNCERTAINTY_MEASURE_WITH_UNIT (LENGTH_MEASURE( 1.000000000000000082E-05 ), #3909, 'distance_accuracy_value', 'NONE');
#410 = ADVANCED_FACE ( 'NONE', ( #2562 ), #9320, .F. ) ;
#411 = CIRCLE ( 'NONE', #8411, 1.600000000000000755 ) ;
#412 = ADVANCED_FACE ( 'NONE', ( #9765 ), #4908, .F. ) ;
#413 = VERTEX_POINT ( 'NONE', #5094 ) ;
#414 = ORIENTED_EDGE ( 'NONE', *, *, #4217, .F. ) ;
#415 = DIRECTION ( 'NONE',  ( 0.9063077870366492705, 0.4226182617407010511, 0.000000000000000000 ) ) ;
#416 =( NAMED_UNIT ( * ) PLANE_ANGLE_UNIT ( ) SI_UNIT ( $, .RADIAN. ) );
#417 = DIRECTION ( 'NONE',  ( 0.000000000000000000, 0.000000000000000000, 1.000000000000000000 ) ) ;
#418 = FACE_OUTER_BOUND ( 'NONE', #5708, .T. ) ;
#419 = PRESENTATION_STYLE_ASSIGNMENT (( #8132 ) ) ;
#420 = CARTESIAN_POINT ( 'NONE',  ( 0.3499999999999999778, 3.200000000000000178, -9.000000000000000000 ) ) ;
#421 = CARTESIAN_POINT ( 'NONE',  ( 10.14999999999999858, 0.000000000000000000, -11.25000000000000000 ) ) ;
#422 = AXIS2_PLACEMENT_3D ( 'NONE', #5498, #5620, #1688 ) ;
#423 = FILL_AREA_STYLE_COLOUR ( '', #5954 ) ;
#424 = B_SPLINE_CURVE_WITH_KNOTS ( 'NONE', 3,
 ( #11472, #2871, #10455, #1927, #8394, #9463 ),
 .UNSPECIFIED., .F., .F.,
 ( 4, 2, 4 ),
 ( 0.000000000000000000, 0.5000000000000000000, 1.000000000000000000 ),
 .UNSPECIFIED. ) ;
#425 = DIRECTION ( 'NONE',  ( 7.695236278102649552E-29, -7.755234363190430788E-15, 1.000000000000000000 ) ) ;
#426 = EDGE_CURVE ( 'NONE', #10074, #3137, #10623, .T. ) ;
#427 = UNCERTAINTY_MEASURE_WITH_UNIT (LENGTH_MEASURE( 1.000000000000000082E-05 ), #2852, 'distance_accuracy_value', 'NONE');
#428 = CARTESIAN_POINT ( 'NONE',  ( -0.6999999999999999556, -3.473890113076134811E-15, -8.699999999999999289 ) ) ;
#429 = AXIS2_PLACEMENT_3D ( 'NONE', #7449, #1847, #983 ) ;
#430 = ORIENTED_EDGE ( 'NONE', *, *, #6583, .F. ) ;
#431 = SURFACE_STYLE_FILL_AREA ( #7264 ) ;
#432 = DIRECTION ( 'NONE',  ( 6.971475708610980243E-15, 6.637659432594290832E-44, 1.000000000000000000 ) ) ;
#433 = PRESENTATION_STYLE_ASSIGNMENT (( #559 ) ) ;
#434 = DIRECTION ( 'NONE',  ( -1.000000000000000000, 2.168404344970880185E-16, 0.000000000000000000 ) ) ;
#435 = DIRECTION ( 'NONE',  ( 0.000000000000000000, 0.000000000000000000, 1.000000000000000000 ) ) ;
#436 = DIRECTION ( 'NONE',  ( 0.000000000000000000, 0.000000000000000000, 1.000000000000000000 ) ) ;
#437 = DIRECTION ( 'NONE',  ( 0.000000000000000000, 0.000000000000000000, -1.000000000000000000 ) ) ;
#438 = COLOUR_RGB ( '',0.2509803921568627416, 0.2509803921568627416, 0.2509803921568627416 ) ;
#439 = DIRECTION ( 'NONE',  ( -1.000000000000000000, 0.000000000000000000, 0.000000000000000000 ) ) ;
#440 = ORIENTED_EDGE ( 'NONE', *, *, #7519, .F. ) ;
#441 = VERTEX_POINT ( 'NONE', #1361 ) ;
#442 = DIRECTION ( 'NONE',  ( 0.000000000000000000, 7.537786532518270800E-15, -1.000000000000000000 ) ) ;
#443 = ORIENTED_EDGE ( 'NONE', *, *, #1692, .T. ) ;
#444 = FILL_AREA_STYLE_COLOUR ( '', #2435 ) ;
#445 = CARTESIAN_POINT ( 'NONE',  ( 2.000000000000000000, 1.699999999999999956, 5.150000000000000355 ) ) ;
#446 = FILL_AREA_STYLE_COLOUR ( '', #1810 ) ;
#447 = CARTESIAN_POINT ( 'NONE',  ( 4.646130973617869309, 9.963660026517279888, -1.199999999999999956 ) ) ;
#448 =( GEOMETRIC_REPRESENTATION_CONTEXT ( 3 ) GLOBAL_UNCERTAINTY_ASSIGNED_CONTEXT ( ( #1311 ) ) GLOBAL_UNIT_ASSIGNED_CONTEXT ( ( #5904, #271, #6922 ) ) REPRESENTATION_CONTEXT ( 'NONE', 'WORKASPACE' ) );
#449 =( LENGTH_UNIT ( ) NAMED_UNIT ( * ) SI_UNIT ( .MILLI., .METRE. ) );
#450 = EDGE_CURVE ( 'NONE', #19, #12367, #9820, .T. ) ;
#451 = VECTOR ( 'NONE', #1189, 1000.000000000000114 ) ;
#452 = DIRECTION ( 'NONE',  ( 0.000000000000000000, 1.000000000000000000, 0.000000000000000000 ) ) ;
#453 =( NAMED_UNIT ( * ) PLANE_ANGLE_UNIT ( ) SI_UNIT ( $, .RADIAN. ) );
#454 = ADVANCED_FACE ( 'NONE', ( #10817 ), #6047, .F. ) ;
#455 = FACE_OUTER_BOUND ( 'NONE', #4433, .T. ) ;
#456 = COLOUR_RGB ( '',0.2509803921568627416, 0.2509803921568627416, 0.2509803921568627416 ) ;
#457 = DIRECTION ( 'NONE',  ( -1.000000000000000000, 0.000000000000000000, 0.000000000000000000 ) ) ;
#458 = ORIENTED_EDGE ( 'NONE', *, *, #8761, .F. ) ;
#459 = AXIS2_PLACEMENT_3D ( 'NONE', #7699, #1053, #2103 ) ;
#460 = COLOUR_RGB ( '',0.2509803921568627416, 0.2509803921568627416, 0.2509803921568627416 ) ;
#461 = ORIENTED_EDGE ( 'NONE', *, *, #5133, .F. ) ;
#462 = VERTEX_POINT ( 'NONE', #478 ) ;
#463 = ORIENTED_EDGE ( 'NONE', *, *, #10433, .F. ) ;
#464 = SURFACE_STYLE_USAGE ( .BOTH. , #8232 ) ;
#465 = PRESENTATION_STYLE_ASSIGNMENT (( #10933 ) ) ;
#466 = VERTEX_POINT ( 'NONE', #4287 ) ;
#467 = CIRCLE ( 'NONE', #4844, 5.899999999999999467 ) ;
#468 =( NAMED_UNIT ( * ) PLANE_ANGLE_UNIT ( ) SI_UNIT ( $, .RADIAN. ) );
#469 =( NAMED_UNIT ( * ) SI_UNIT ( $, .STERADIAN. ) SOLID_ANGLE_UNIT ( ) );
#470 = VECTOR ( 'NONE', #2594, 1000.000000000000000 ) ;
#471 = DIRECTION ( 'NONE',  ( 1.000000000000000000, 0.000000000000000000, 0.000000000000000000 ) ) ;
#472 = AXIS2_PLACEMENT_3D ( 'NONE', #2946, #8664, #6785 ) ;
#473 = EDGE_CURVE ( 'NONE', #10516, #3561, #10307, .T. ) ;
#474 = FILL_AREA_STYLE_COLOUR ( '', #3956 ) ;
#475 = DIRECTION ( 'NONE',  ( 1.000000000000000000, 0.000000000000000000, 0.000000000000000000 ) ) ;
#476 = ORIENTED_EDGE ( 'NONE', *, *, #4607, .T. ) ;
#477 = VERTEX_POINT ( 'NONE', #7136 ) ;
#478 = CARTESIAN_POINT ( 'NONE',  ( -4.016218431657985199, 9.264352941734809832, 6.799999999999999822 ) ) ;
#479 = LINE ( 'NONE', #11896, #3616 ) ;
#480 = CARTESIAN_POINT ( 'NONE',  ( 8.400000000000000355, 10.00000000000000000, -4.599999999999999645 ) ) ;
#481 = CARTESIAN_POINT ( 'NONE',  ( 10.11219703591992136, 21.40200000000000102, 7.316158502544310771 ) ) ;
#482 = DIRECTION ( 'NONE',  ( 0.000000000000000000, 0.000000000000000000, -1.000000000000000000 ) ) ;
#483 = LINE ( 'NONE', #3469, #740 ) ;
#484 = ADVANCED_FACE ( 'NONE', ( #10946 ), #1421, .F. ) ;
#485 = VECTOR ( 'NONE', #5406, 1000.000000000000000 ) ;
#486 = CARTESIAN_POINT ( 'NONE',  ( 10.14999999999999858, 21.19999999999999929, 5.700000000000070344 ) ) ;
#487 = DIRECTION ( 'NONE',  ( 1.000000000000000000, 0.000000000000000000, 0.000000000000000000 ) ) ;
#488 = ORIENTED_EDGE ( 'NONE', *, *, #1801, .T. ) ;
#489 = SURFACE_SIDE_STYLE ('',( #431 ) ) ;
#490 = CIRCLE ( 'NONE', #4281, 0.7999999999999994893 ) ;
#491 = AXIS2_PLACEMENT_3D ( 'NONE', #5051, #4806, #9660 ) ;
#492 = CARTESIAN_POINT ( 'NONE',  ( -2.000000000000000000, 1.699999999999999956, 5.500000000000000000 ) ) ;
#493 = DIRECTION ( 'NONE',  ( 0.000000000000000000, 0.000000000000000000, -1.000000000000000000 ) ) ;
#494 = LINE ( 'NONE', #4301, #4904 ) ;
#495 = CARTESIAN_POINT ( 'NONE',  ( 1.915147174717049872, 9.396136669551898635, 6.799999999999999822 ) ) ;
#496 = UNCERTAINTY_MEASURE_WITH_UNIT (LENGTH_MEASURE( 1.000000000000000082E-05 ), #9955, 'distance_accuracy_value', 'NONE');
#497 = EDGE_CURVE ( 'NONE', #1888, #8654, #6560, .T. ) ;
#498 = ADVANCED_FACE ( 'NONE', ( #2918 ), #6749, .T. ) ;
#499 = STYLED_ITEM ( 'NONE', ( #2942 ), #3164 ) ;
#500 = DIRECTION ( 'NONE',  ( 9.925400323074659393E-15, -1.000000000000000000, -7.537786532518269223E-15 ) ) ;
#501 =( NAMED_UNIT ( * ) PLANE_ANGLE_UNIT ( ) SI_UNIT ( $, .RADIAN. ) );
#502 = DIRECTION ( 'NONE',  ( 1.000000000000000000, 0.000000000000000000, 0.000000000000000000 ) ) ;
#503 = ORIENTED_EDGE ( 'NONE', *, *, #9892, .T. ) ;
#504 = ORIENTED_EDGE ( 'NONE', *, *, #11231, .F. ) ;
#505 = UNCERTAINTY_MEASURE_WITH_UNIT (LENGTH_MEASURE( 1.000000000000000082E-05 ), #7453, 'distance_accuracy_value', 'NONE');
#506 = DIRECTION ( 'NONE',  ( -1.000000000000000000, 2.168404344970880185E-16, 3.718869191154470885E-15 ) ) ;
#507 = ORIENTED_EDGE ( 'NONE', *, *, #1181, .T. ) ;
#508 = CARTESIAN_POINT ( 'NONE',  ( 2.000000000000000000, -3.500000000000000000, 4.899999999999999467 ) ) ;
#509 = DIRECTION ( 'NONE',  ( 0.000000000000000000, 0.000000000000000000, -1.000000000000000000 ) ) ;
#510 = CARTESIAN_POINT ( 'NONE',  ( 7.849999999999999645, 13.15000000000000036, -4.599999999999999645 ) ) ;
#511 = FACE_OUTER_BOUND ( 'NONE', #1985, .T. ) ;
#512 = CARTESIAN_POINT ( 'NONE',  ( 7.849999999999999645, 0.5500000000000000444, -8.000000000000000000 ) ) ;
#513 = CARTESIAN_POINT ( 'NONE',  ( 10.05000000000000071, 21.10000000000000142, 7.299999999999999822 ) ) ;
#514 = VECTOR ( 'NONE', #11206, 1000.000000000000000 ) ;
#515 = EDGE_CURVE ( 'NONE', #9349, #8702, #2862, .T. ) ;
#516 = DIRECTION ( 'NONE',  ( -1.000000000000000000, 0.000000000000000000, 0.000000000000000000 ) ) ;
#517 = PLANE ( 'NONE',  #12402 ) ;
#518 = AXIS2_PLACEMENT_3D ( 'NONE', #2421, #12206, #487 ) ;
#519 = ORIENTED_EDGE ( 'NONE', *, *, #11254, .F. ) ;
#520 = UNCERTAINTY_MEASURE_WITH_UNIT (LENGTH_MEASURE( 1.000000000000000082E-05 ), #10644, 'distance_accuracy_value', 'NONE');
#521 = VERTEX_POINT ( 'NONE', #12347 ) ;
#522 = ORIENTED_EDGE ( 'NONE', *, *, #11163, .F. ) ;
#523 = STYLED_ITEM ( 'NONE', ( #5622 ), #2029 ) ;
#524 = VECTOR ( 'NONE', #2712, 1000.000000000000000 ) ;
#525 = ORIENTED_EDGE ( 'NONE', *, *, #12362, .F. ) ;
#526 = DIRECTION ( 'NONE',  ( -3.898255002195069934E-16, 1.000000000000000000, 0.000000000000000000 ) ) ;
#527 = EDGE_CURVE ( 'NONE', #3062, #9428, #11523, .T. ) ;
#528 = SURFACE_SIDE_STYLE ('',( #12002 ) ) ;
#529 = ORIENTED_EDGE ( 'NONE', *, *, #215, .T. ) ;
#530 = CIRCLE ( 'NONE', #7929, 0.2500000000000002220 ) ;
#531 = CARTESIAN_POINT ( 'NONE',  ( 0.3499999999999999778, 3.200000000000000178, -9.000000000000000000 ) ) ;
#532 = VECTOR ( 'NONE', #7451, 1000.000000000000000 ) ;
#533 = DIRECTION ( 'NONE',  ( 0.000000000000000000, 0.000000000000000000, -1.000000000000000000 ) ) ;
#534 = STYLED_ITEM ( 'NONE', ( #2558 ), #4848 ) ;
#535 = LINE ( 'NONE', #3336, #1766 ) ;
#536 = ORIENTED_EDGE ( 'NONE', *, *, #8284, .T. ) ;
#537 = VERTEX_POINT ( 'NONE', #7700 ) ;
#538 = VECTOR ( 'NONE', #7501, 1000.000000000000000 ) ;
#539 = EDGE_CURVE ( 'NONE', #5644, #3414, #10569, .T. ) ;
#540 = ORIENTED_EDGE ( 'NONE', *, *, #8002, .F. ) ;
#541 = FILL_AREA_STYLE_COLOUR ( '', #1223 ) ;
#542 = CARTESIAN_POINT ( 'NONE',  ( -1.576611713483625055, 12.39811920918740107, 6.799999999999999822 ) ) ;
#543 = UNCERTAINTY_MEASURE_WITH_UNIT (LENGTH_MEASURE( 1.000000000000000082E-05 ), #10261, 'distance_accuracy_value', 'NONE');
#544 = DIRECTION ( 'NONE',  ( 0.000000000000000000, 1.000000000000000000, 0.000000000000000000 ) ) ;
#545 =( NAMED_UNIT ( * ) SI_UNIT ( $, .STERADIAN. ) SOLID_ANGLE_UNIT ( ) );
#546 = LINE ( 'NONE', #7948, #9069 ) ;
#547 = ADVANCED_FACE ( 'NONE', ( #5612 ), #993, .T. ) ;
#548 = DIRECTION ( 'NONE',  ( 0.9396926207859082059, -0.3420201433256691015, 0.000000000000000000 ) ) ;
#549 = CARTESIAN_POINT ( 'NONE',  ( 0.000000000000000000, 10.00000000000000000, 7.299999999999999822 ) ) ;
#550 = CARTESIAN_POINT ( 'NONE',  ( -5.349999999999999645, -3.000000000000000000, -5.000000000000000000 ) ) ;
#551 = VECTOR ( 'NONE', #11346, 1000.000000000000114 ) ;
#552 =( LENGTH_UNIT ( ) NAMED_UNIT ( * ) SI_UNIT ( .MILLI., .METRE. ) );
#553 = AXIS2_PLACEMENT_3D ( 'NONE', #10007, #7076, #3222 ) ;
#554 = EDGE_CURVE ( 'NONE', #7233, #5552, #5736, .T. ) ;
#555 = ORIENTED_EDGE ( 'NONE', *, *, #9219, .T. ) ;
#556 = CARTESIAN_POINT ( 'NONE',  ( -10.15000000000017977, 17.89999999999999858, -11.24999999999986144 ) ) ;
#557 = AXIS2_PLACEMENT_3D ( 'NONE', #8266, #7213, #680 ) ;
#558 = DIRECTION ( 'NONE',  ( 0.000000000000000000, -3.854941057726394883E-15, 1.000000000000000000 ) ) ;
#559 = SURFACE_STYLE_USAGE ( .BOTH. , #11787 ) ;
#560 = FILL_AREA_STYLE ('',( #2251 ) ) ;
#561 = LINE ( 'NONE', #5046, #1007 ) ;
#562 = CARTESIAN_POINT ( 'NONE',  ( -10.11464466094063930, 21.19999999999999929, 7.250000000000000000 ) ) ;
#563 = CARTESIAN_POINT ( 'NONE',  ( -7.500000000000000000, 0.000000000000000000, -1.290380592228666190 ) ) ;
#564 = CARTESIAN_POINT ( 'NONE',  ( 2.475435743014049894, 6.625688402361410212, -1.199999999999999956 ) ) ;
#565 = STYLED_ITEM ( 'NONE', ( #10068 ), #11677 ) ;
#566 = EDGE_LOOP ( 'NONE', ( #8448, #10469, #11139, #794 ) ) ;
#567 = ORIENTED_EDGE ( 'NONE', *, *, #3681, .F. ) ;
#568 = PRESENTATION_STYLE_ASSIGNMENT (( #7103 ) ) ;
#569 = EDGE_CURVE ( 'NONE', #2197, #127, #11777, .T. ) ;
#570 = CARTESIAN_POINT ( 'NONE',  ( 0.000000000000000000, 10.00000000000000000, 6.799999999999999822 ) ) ;
#571 = EDGE_CURVE ( 'NONE', #7921, #6786, #7822, .T. ) ;
#572 = AXIS2_PLACEMENT_3D ( 'NONE', #11172, #6406, #10231 ) ;
#573 = CARTESIAN_POINT ( 'NONE',  ( -10.11464466094063930, 21.39999999999999858, 7.250000000000000000 ) ) ;
#574 = SURFACE_STYLE_USAGE ( .BOTH. , #8223 ) ;
#575 = CARTESIAN_POINT ( 'NONE',  ( 0.000000000000000000, 4.599999999999999645, -1.199999999999999956 ) ) ;
#576 = LINE ( 'NONE', #1275, #7126 ) ;
#577 = VECTOR ( 'NONE', #6229, 1000.000000000000227 ) ;
#578 = LINE ( 'NONE', #631, #6955 ) ;
#579 = CARTESIAN_POINT ( 'NONE',  ( -3.000000000000000000, 1.649999999999999911, 4.899999999999999467 ) ) ;
#580 = STYLED_ITEM ( 'NONE', ( #9346 ), #4208 ) ;
#581 = CARTESIAN_POINT ( 'NONE',  ( 2.000000000000000000, 1.899999999999999911, 5.150000000000000355 ) ) ;
#582 = ORIENTED_EDGE ( 'NONE', *, *, #8002, .T. ) ;
#583 = VECTOR ( 'NONE', #5975, 1000.000000000000000 ) ;
#584 = ORIENTED_EDGE ( 'NONE', *, *, #3054, .T. ) ;
#585 = EDGE_LOOP ( 'NONE', ( #9261, #4028, #10276, #7085 ) ) ;
#586 = ORIENTED_EDGE ( 'NONE', *, *, #4172, .F. ) ;
#587 = DIRECTION ( 'NONE',  ( 0.000000000000000000, 0.000000000000000000, 1.000000000000000000 ) ) ;
#588 = EDGE_CURVE ( 'NONE', #4769, #5902, #2304, .T. ) ;
#589 = DIRECTION ( 'NONE',  ( -1.000000000000000000, 0.000000000000000000, 0.000000000000000000 ) ) ;
#590 = ORIENTED_EDGE ( 'NONE', *, *, #3738, .F. ) ;
#591 = DIRECTION ( 'NONE',  ( 9.912705577010326930E-15, -1.000000000000000000, -7.930164461608261228E-15 ) ) ;
#592 = COLOUR_RGB ( '',0.2509803921568627416, 0.2509803921568627416, 0.2509803921568627416 ) ;
#593 = SURFACE_SIDE_STYLE ('',( #8351 ) ) ;
#594 = FILL_AREA_STYLE_COLOUR ( '', #5208 ) ;
#595 = ORIENTED_EDGE ( 'NONE', *, *, #9836, .F. ) ;
#596 = EDGE_LOOP ( 'NONE', ( #8156, #10734, #6385, #4271 ) ) ;
#597 = STYLED_ITEM ( 'NONE', ( #9194 ), #6499 ) ;
#598 = ORIENTED_EDGE ( 'NONE', *, *, #3006, .T. ) ;
#599 =( LENGTH_UNIT ( ) NAMED_UNIT ( * ) SI_UNIT ( .MILLI., .METRE. ) );
#600 = LINE ( 'NONE', #7251, #2110 ) ;
#601 = DIRECTION ( 'NONE',  ( -1.000000000000000000, 0.000000000000000000, 0.000000000000000000 ) ) ;
#602 = DIRECTION ( 'NONE',  ( 0.000000000000000000, -1.000000000000000000, -6.546126324440780651E-16 ) ) ;
#603 = SURFACE_SIDE_STYLE ('',( #1543 ) ) ;
#604 = LINE ( 'NONE', #11015, #5726 ) ;
#605 = COLOUR_RGB ( '',0.2509803921568627416, 0.2509803921568627416, 0.2509803921568627416 ) ;
#606 = FILL_AREA_STYLE ('',( #423 ) ) ;
#607 = EDGE_CURVE ( 'NONE', #3387, #9202, #8075, .T. ) ;
#608 = VECTOR ( 'NONE', #2312, 1000.000000000000000 ) ;
#609 = ORIENTED_EDGE ( 'NONE', *, *, #12011, .F. ) ;
#610 = ORIENTED_EDGE ( 'NONE', *, *, #1033, .T. ) ;
#611 = LINE ( 'NONE', #9207, #12244 ) ;
#612 = DIRECTION ( 'NONE',  ( 0.000000000000000000, -1.000000000000000000, -6.546126324440780651E-16 ) ) ;
#613 = AXIS2_PLACEMENT_3D ( 'NONE', #7435, #10180, #12073 ) ;
#614 = CARTESIAN_POINT ( 'NONE',  ( 10.05000000000000071, 0.000000000000000000, 7.299999999999999822 ) ) ;
#615 = FACE_OUTER_BOUND ( 'NONE', #1826, .T. ) ;
#616 = CYLINDRICAL_SURFACE ( 'NONE', #6962, 8.400000000000000355 ) ;
#617 = SURFACE_STYLE_USAGE ( .BOTH. , #9212 ) ;
#618 = EDGE_CURVE ( 'NONE', #5615, #5431, #3104, .T. ) ;
#619 = ORIENTED_EDGE ( 'NONE', *, *, #497, .T. ) ;
#620 = VERTEX_POINT ( 'NONE', #4163 ) ;
#621 = MECHANICAL_DESIGN_GEOMETRIC_PRESENTATION_REPRESENTATION (  '', ( #6019 ), #5416 ) ;
#622 = DIRECTION ( 'NONE',  ( 8.078951323039540844E-15, 1.000000000000000000, 0.000000000000000000 ) ) ;
#623 = PLANE ( 'NONE',  #8644 ) ;
#624 =( LENGTH_UNIT ( ) NAMED_UNIT ( * ) SI_UNIT ( .MILLI., .METRE. ) );
#625 = CARTESIAN_POINT ( 'NONE',  ( 10.14999999999999858, 21.16464466094069863, 5.700000000000000178 ) ) ;
#626 = FILL_AREA_STYLE_COLOUR ( '', #2656 ) ;
#627 = DIRECTION ( 'NONE',  ( -2.481737741748065027E-14, -1.000000000000000000, 0.000000000000000000 ) ) ;
#628 = CARTESIAN_POINT ( 'NONE',  ( 10.11464466094068015, 21.19999999999999929, 5.750000000000070166 ) ) ;
#629 = PRESENTATION_LAYER_ASSIGNMENT (  '', '', ( #6028 ) ) ;
#630 = AXIS2_PLACEMENT_3D ( 'NONE', #4713, #8612, #8744 ) ;
#631 = CARTESIAN_POINT ( 'NONE',  ( -3.000000000000000000, 1.949999999999999956, 7.299999999999999822 ) ) ;
#632 = CARTESIAN_POINT ( 'NONE',  ( 10.05000000000000071, -1.224646799147346027E-17, 7.299999999999999822 ) ) ;
#633 = EDGE_CURVE ( 'NONE', #5431, #3151, #3293, .T. ) ;
#634 = EDGE_CURVE ( 'NONE', #3854, #11511, #5993, .T. ) ;
#635 = ORIENTED_EDGE ( 'NONE', *, *, #3770, .F. ) ;
#636 = UNCERTAINTY_MEASURE_WITH_UNIT (LENGTH_MEASURE( 1.000000000000000082E-05 ), #4293, 'distance_accuracy_value', 'NONE');
#637 = EDGE_LOOP ( 'NONE', ( #1863, #1043, #7570, #11569 ) ) ;
#638 = ORIENTED_EDGE ( 'NONE', *, *, #4344, .T. ) ;
#639 = AXIS2_PLACEMENT_3D ( 'NONE', #9706, #4909, #9881 ) ;
#640 = VERTEX_POINT ( 'NONE', #11639 ) ;
#641 = CARTESIAN_POINT ( 'NONE',  ( -3.686287386450729867E-16, 1.699999999999999956, 7.250000000000000000 ) ) ;
#642 = VECTOR ( 'NONE', #1625, 1000.000000000000000 ) ;
#643 = AXIS2_PLACEMENT_3D ( 'NONE', #6496, #10440, #5607 ) ;
#644 = CARTESIAN_POINT ( 'NONE',  ( 10.11464466094068015, 21.14999999999999858, 5.750000000000070166 ) ) ;
#645 = ORIENTED_EDGE ( 'NONE', *, *, #2323, .T. ) ;
#646 = DIRECTION ( 'NONE',  ( 0.000000000000000000, 6.546126324440780651E-16, -1.000000000000000000 ) ) ;
#647 = B_SPLINE_CURVE_WITH_KNOTS ( 'NONE', 3,
 ( #6889, #185, #10967, #3989, #4247, #1134 ),
 .UNSPECIFIED., .F., .F.,
 ( 4, 2, 4 ),
 ( 0.000000000000000000, 0.5000000000000000000, 1.000000000000000000 ),
 .UNSPECIFIED. ) ;
#648 = COLOUR_RGB ( '',0.2509803921568627416, 0.2509803921568627416, 0.2509803921568627416 ) ;
#649 = ADVANCED_FACE ( 'NONE', ( #225 ), #1309, .F. ) ;
#650 = VECTOR ( 'NONE', #1350, 1000.000000000000000 ) ;
#651 = EDGE_CURVE ( 'NONE', #11468, #8925, #7526, .T. ) ;
#652 =( GEOMETRIC_REPRESENTATION_CONTEXT ( 3 ) GLOBAL_UNCERTAINTY_ASSIGNED_CONTEXT ( ( #4596 ) ) GLOBAL_UNIT_ASSIGNED_CONTEXT ( ( #6556, #10201, #798 ) ) REPRESENTATION_CONTEXT ( 'NONE', 'WORKASPACE' ) );
#653 = SURFACE_STYLE_USAGE ( .BOTH. , #1652 ) ;
#654 = ORIENTED_EDGE ( 'NONE', *, *, #2928, .F. ) ;
#655 = ORIENTED_EDGE ( 'NONE', *, *, #7842, .F. ) ;
#656 = DIRECTION ( 'NONE',  ( 1.000000000000000000, 0.000000000000000000, 0.000000000000000000 ) ) ;
#657 = VECTOR ( 'NONE', #9851, 1000.000000000000114 ) ;
#658 = ORIENTED_EDGE ( 'NONE', *, *, #1677, .T. ) ;
#659 = LINE ( 'NONE', #9497, #10813 ) ;
#660 = DIRECTION ( 'NONE',  ( 0.9063077870366489375, 0.4226182617407014397, 0.000000000000000000 ) ) ;
#661 = DIRECTION ( 'NONE',  ( 0.000000000000000000, 0.000000000000000000, 1.000000000000000000 ) ) ;
#662 = SURFACE_SIDE_STYLE ('',( #4653 ) ) ;
#663 = FACE_OUTER_BOUND ( 'NONE', #10106, .T. ) ;
#664 = PRESENTATION_STYLE_ASSIGNMENT (( #9253 ) ) ;
#665 = DIRECTION ( 'NONE',  ( 0.000000000000000000, 0.000000000000000000, -1.000000000000000000 ) ) ;
#666 = VECTOR ( 'NONE', #9412, 1000.000000000000000 ) ;
#667 = VECTOR ( 'NONE', #3874, 1000.000000000000000 ) ;
#668 = DIRECTION ( 'NONE',  ( 0.000000000000000000, -8.673617379884027583E-16, 1.000000000000000000 ) ) ;
#669 = AXIS2_PLACEMENT_3D ( 'NONE', #4252, #1504, #4185 ) ;
#670 = EDGE_LOOP ( 'NONE', ( #4391, #5145, #2467, #619, #10500, #4534, #11008, #5124, #4181 ) ) ;
#671 = VERTEX_POINT ( 'NONE', #4972 ) ;
#672 = CARTESIAN_POINT ( 'NONE',  ( 7.849999999999999645, 17.02499999999999858, -11.24999999999986144 ) ) ;
#673 = VECTOR ( 'NONE', #4110, 1000.000000000000000 ) ;
#674 = CARTESIAN_POINT ( 'NONE',  ( -10.11464466094063930, 21.14999999999999858, 5.700000000000110312 ) ) ;
#675 = EDGE_CURVE ( 'NONE', #1094, #6892, #7142, .T. ) ;
#676 = DIRECTION ( 'NONE',  ( 0.000000000000000000, 1.000000000000000000, 0.000000000000000000 ) ) ;
#677 = DIRECTION ( 'NONE',  ( 2.168404344970880185E-16, 1.000000000000000000, -8.064012112477930683E-31 ) ) ;
#678 = AXIS2_PLACEMENT_3D ( 'NONE', #7620, #89, #10546 ) ;
#679 = CARTESIAN_POINT ( 'NONE',  ( 0.000000000000000000, -4.403065489371615016E-14, 5.699999999999909583 ) ) ;
#680 = DIRECTION ( 'NONE',  ( 0.000000000000000000, 0.000000000000000000, 1.000000000000000000 ) ) ;
#681 = CARTESIAN_POINT ( 'NONE',  ( 2.475435743013954859, 7.525688402361390139, 6.799999999999999822 ) ) ;
#682 = ORIENTED_EDGE ( 'NONE', *, *, #8237, .F. ) ;
#683 = ORIENTED_EDGE ( 'NONE', *, *, #7673, .F. ) ;
#684 = VECTOR ( 'NONE', #12238, 1000.000000000000000 ) ;
#685 = PLANE ( 'NONE',  #2660 ) ;
#686 = DIRECTION ( 'NONE',  ( 1.000000000000000000, -2.282530889443169980E-16, 0.000000000000000000 ) ) ;
#687 = DIRECTION ( 'NONE',  ( 0.000000000000000000, 0.000000000000000000, -1.000000000000000000 ) ) ;
#688 = LINE ( 'NONE', #4494, #11222 ) ;
#689 = ADVANCED_FACE ( 'NONE', ( #7889 ), #3225, .F. ) ;
#690 = CARTESIAN_POINT ( 'NONE',  ( -10.15000000000021885, 21.10000000000000142, 5.700000000000070344 ) ) ;
#691 = LINE ( 'NONE', #6391, #9331 ) ;
#692 = DIRECTION ( 'NONE',  ( 0.000000000000000000, 0.000000000000000000, -1.000000000000000000 ) ) ;
#693 = CARTESIAN_POINT ( 'NONE',  ( 4.016218431657985199, 9.264352941734809832, -1.199999999999999956 ) ) ;
#694 = EDGE_CURVE ( 'NONE', #8155, #2324, #7952, .T. ) ;
#695 = CARTESIAN_POINT ( 'NONE',  ( -8.449999999999999289, 2.700000000000000178, 7.299999999999999822 ) ) ;
#696 = CARTESIAN_POINT ( 'NONE',  ( 0.000000000000000000, 10.00000000000000000, 7.250000000000000000 ) ) ;
#697 = ORIENTED_EDGE ( 'NONE', *, *, #5598, .F. ) ;
#698 = VECTOR ( 'NONE', #11546, 1000.000000000000114 ) ;
#699 = ORIENTED_EDGE ( 'NONE', *, *, #2537, .F. ) ;
#700 = VERTEX_POINT ( 'NONE', #11903 ) ;
#701 = VECTOR ( 'NONE', #3936, 1000.000000000000000 ) ;
#702 = ORIENTED_EDGE ( 'NONE', *, *, #947, .F. ) ;
#703 = CARTESIAN_POINT ( 'NONE',  ( 7.849999999999999645, 12.77500000000000036, -11.25000000000000000 ) ) ;
#704 = EDGE_CURVE ( 'NONE', #12369, #6951, #2365, .T. ) ;
#705 = CARTESIAN_POINT ( 'NONE',  ( 0.3499999999999999778, 3.200000000000000178, -9.000000000000000000 ) ) ;
#706 =( LENGTH_UNIT ( ) NAMED_UNIT ( * ) SI_UNIT ( .MILLI., .METRE. ) );
#707 = FACE_OUTER_BOUND ( 'NONE', #5523, .T. ) ;
#708 =( GEOMETRIC_REPRESENTATION_CONTEXT ( 3 ) GLOBAL_UNCERTAINTY_ASSIGNED_CONTEXT ( ( #2347 ) ) GLOBAL_UNIT_ASSIGNED_CONTEXT ( ( #2098, #7004, #5919 ) ) REPRESENTATION_CONTEXT ( 'NONE', 'WORKASPACE' ) );
#709 = CARTESIAN_POINT ( 'NONE',  ( -7.850000000000148859, 14.90000000000000036, -4.599999999999999645 ) ) ;
#710 = SURFACE_STYLE_USAGE ( .BOTH. , #6655 ) ;
#711 =( NAMED_UNIT ( * ) SI_UNIT ( $, .STERADIAN. ) SOLID_ANGLE_UNIT ( ) );
#712 = COLOUR_RGB ( '',0.2509803921568627416, 0.2509803921568627416, 0.2509803921568627416 ) ;
#713 = ORIENTED_EDGE ( 'NONE', *, *, #7928, .F. ) ;
#714 = ORIENTED_EDGE ( 'NONE', *, *, #9006, .T. ) ;
#715 = ORIENTED_EDGE ( 'NONE', *, *, #3770, .T. ) ;
#716 = LINE ( 'NONE', #2526, #7490 ) ;
#717 =( GEOMETRIC_REPRESENTATION_CONTEXT ( 3 ) GLOBAL_UNCERTAINTY_ASSIGNED_CONTEXT ( ( #10280 ) ) GLOBAL_UNIT_ASSIGNED_CONTEXT ( ( #2786, #2658, #4597 ) ) REPRESENTATION_CONTEXT ( 'NONE', 'WORKASPACE' ) );
#718 = EDGE_CURVE ( 'NONE', #6232, #5630, #10761, .T. ) ;
#719 = ORIENTED_EDGE ( 'NONE', *, *, #12102, .F. ) ;
#720 = CARTESIAN_POINT ( 'NONE',  ( 1.300000000000000044, 14.25499782797525938, -3.200000000000084999 ) ) ;
#721 = EDGE_CURVE ( 'NONE', #8036, #8464, #2241, .T. ) ;
#722 = LINE ( 'NONE', #4522, #8318 ) ;
#723 = STYLED_ITEM ( 'NONE', ( #8898 ), #2194 ) ;
#724 = DIRECTION ( 'NONE',  ( 0.000000000000000000, 1.000000000000000000, 0.000000000000000000 ) ) ;
#725 =( LENGTH_UNIT ( ) NAMED_UNIT ( * ) SI_UNIT ( .MILLI., .METRE. ) );
#726 = SURFACE_STYLE_FILL_AREA ( #12324 ) ;
#727 = SURFACE_STYLE_USAGE ( .BOTH. , #3646 ) ;
#728 = CARTESIAN_POINT ( 'NONE',  ( -10.32305672590241841, 21.15976310729380216, 7.380496664690859632 ) ) ;
#729 = DIRECTION ( 'NONE',  ( 0.000000000000000000, 0.000000000000000000, -1.000000000000000000 ) ) ;
#730 = SURFACE_STYLE_USAGE ( .BOTH. , #6422 ) ;
#731 = PRESENTATION_STYLE_ASSIGNMENT (( #1487 ) ) ;
#732 = CARTESIAN_POINT ( 'NONE',  ( 10.11464466094068015, 21.19999999999999929, 5.500000000000079048 ) ) ;
#733 = VERTEX_POINT ( 'NONE', #1122 ) ;
#734 = ORIENTED_EDGE ( 'NONE', *, *, #1788, .F. ) ;
#735 = CARTESIAN_POINT ( 'NONE',  ( 10.11464466094068015, 21.19999999999999929, 5.750000000000070166 ) ) ;
#736 = ADVANCED_FACE ( 'NONE', ( #1245 ), #4915, .T. ) ;
#737 = DIRECTION ( 'NONE',  ( -0.8660254037844387076, 0.4999999999999998890, 0.000000000000000000 ) ) ;
#738 = DIRECTION ( 'NONE',  ( 0.000000000000000000, -1.000000000000000000, -7.589415207398527883E-15 ) ) ;
#739 = DIRECTION ( 'NONE',  ( 0.000000000000000000, 0.000000000000000000, 1.000000000000000000 ) ) ;
#740 = VECTOR ( 'NONE', #7320, 1000.000000000000000 ) ;
#741 = CARTESIAN_POINT ( 'NONE',  ( -5.030347782046989735, 10.78761563117025979, -1.199999999999999956 ) ) ;
#742 = DIRECTION ( 'NONE',  ( -1.000000000000000000, 0.000000000000000000, 3.942553354492745404E-15 ) ) ;
#743 = CARTESIAN_POINT ( 'NONE',  ( -2.850000000000000089, 3.200000000000000178, -8.500000000000000000 ) ) ;
#744 = EDGE_LOOP ( 'NONE', ( #7033, #6818, #10336, #8542, #2909, #4370 ) ) ;
#745 = EDGE_LOOP ( 'NONE', ( #10927, #1159, #4270, #7328 ) ) ;
#746 = LINE ( 'NONE', #9528, #2276 ) ;
#747 = VECTOR ( 'NONE', #882, 1000.000000000000000 ) ;
#748 = PLANE ( 'NONE',  #11246 ) ;
#749 = PRESENTATION_STYLE_ASSIGNMENT (( #10147 ) ) ;
#750 = DIRECTION ( 'NONE',  ( 0.000000000000000000, 1.000000000000000000, 0.000000000000000000 ) ) ;
#751 = CARTESIAN_POINT ( 'NONE',  ( 10.11464466094068015, 21.39999999999999858, 7.250000000000000000 ) ) ;
#752 = DIRECTION ( 'NONE',  ( 1.000000000000000000, 0.000000000000000000, 0.000000000000000000 ) ) ;
#753 = PLANE ( 'NONE',  #287 ) ;
#754 = AXIS2_PLACEMENT_3D ( 'NONE', #3347, #4352, #10951 ) ;
#755 = CARTESIAN_POINT ( 'NONE',  ( -1.696012879608009838, 7.975688402361449825, -1.199999999999999956 ) ) ;
#756 = CARTESIAN_POINT ( 'NONE',  ( -2.850000000000000089, 3.200000000000000178, -8.500000000000000000 ) ) ;
#757 = CARTESIAN_POINT ( 'NONE',  ( 2.677937912262149833, 1.248742956551454064, -1.199999999999999956 ) ) ;
#758 = ORIENTED_EDGE ( 'NONE', *, *, #9812, .F. ) ;
#759 = EDGE_CURVE ( 'NONE', #9458, #4332, #8891, .T. ) ;
#760 = ORIENTED_EDGE ( 'NONE', *, *, #12102, .T. ) ;
#761 = ORIENTED_EDGE ( 'NONE', *, *, #11556, .F. ) ;
#762 = EDGE_LOOP ( 'NONE', ( #3042, #11766, #11999, #2609 ) ) ;
#763 =( GEOMETRIC_REPRESENTATION_CONTEXT ( 3 ) GLOBAL_UNCERTAINTY_ASSIGNED_CONTEXT ( ( #11050 ) ) GLOBAL_UNIT_ASSIGNED_CONTEXT ( ( #12264, #11250, #9571 ) ) REPRESENTATION_CONTEXT ( 'NONE', 'WORKASPACE' ) );
#764 = UNCERTAINTY_MEASURE_WITH_UNIT (LENGTH_MEASURE( 1.000000000000000082E-05 ), #8493, 'distance_accuracy_value', 'NONE');
#765 = DIRECTION ( 'NONE',  ( -1.000000000000000000, 0.000000000000000000, 0.000000000000000000 ) ) ;
#766 = LINE ( 'NONE', #531, #10672 ) ;
#767 = AXIS2_PLACEMENT_3D ( 'NONE', #709, #4512, #7426 ) ;
#768 =( NAMED_UNIT ( * ) PLANE_ANGLE_UNIT ( ) SI_UNIT ( $, .RADIAN. ) );
#769 = VECTOR ( 'NONE', #1530, 1000.000000000000000 ) ;
#770 = CARTESIAN_POINT ( 'NONE',  ( -10.10976310729376060, 21.19461134518049761, 7.276099332938199993 ) ) ;
#771 = ADVANCED_FACE ( 'NONE', ( #7201 ), #9318, .F. ) ;
#772 = ORIENTED_EDGE ( 'NONE', *, *, #9812, .T. ) ;
#773 = ORIENTED_EDGE ( 'NONE', *, *, #5283, .T. ) ;
#774 = ORIENTED_EDGE ( 'NONE', *, *, #9381, .T. ) ;
#775 = DIRECTION ( 'NONE',  ( 7.481554888512469916E-29, -7.537786532518270800E-15, 1.000000000000000000 ) ) ;
#776 = PRESENTATION_LAYER_ASSIGNMENT (  '', '', ( #5173 ) ) ;
#777 = ORIENTED_EDGE ( 'NONE', *, *, #2630, .T. ) ;
#778 = DIRECTION ( 'NONE',  ( -2.168404344971010101E-16, 1.000000000000000000, 0.000000000000000000 ) ) ;
#779 = CARTESIAN_POINT ( 'NONE',  ( -0.4500000000000130007, 8.400000000000000355, -1.199999999999999956 ) ) ;
#780 = AXIS2_PLACEMENT_3D ( 'NONE', #82, #7670, #17 ) ;
#781 = CARTESIAN_POINT ( 'NONE',  ( -10.09999999999999964, 8.900000000000000355, 7.299999999999999822 ) ) ;
#782 = CARTESIAN_POINT ( 'NONE',  ( 0.000000000000000000, 10.00000000000000000, 7.299999999999999822 ) ) ;
#783 = PLANE ( 'NONE',  #5232 ) ;
#784 = VECTOR ( 'NONE', #1324, 1000.000000000000000 ) ;
#785 = CARTESIAN_POINT ( 'NONE',  ( -7.849999999999999645, 0.5500000000000000444, -4.500000000000000000 ) ) ;
#786 = CARTESIAN_POINT ( 'NONE',  ( -10.16563342331495967, 21.15244762281254864, 7.500000000000000000 ) ) ;
#787 = LINE ( 'NONE', #8430, #3333 ) ;
#788 = PRESENTATION_STYLE_ASSIGNMENT (( #11318 ) ) ;
#789 = EDGE_CURVE ( 'NONE', #1358, #10466, #530, .T. ) ;
#790 = ADVANCED_FACE ( 'NONE', ( #12143 ), #8138, .F. ) ;
#791 = COLOUR_RGB ( '',0.2509803921568627416, 0.2509803921568627416, 0.2509803921568627416 ) ;
#792 = LINE ( 'NONE', #4599, #12416 ) ;
#793 = ORIENTED_EDGE ( 'NONE', *, *, #8047, .F. ) ;
#794 = ORIENTED_EDGE ( 'NONE', *, *, #7350, .F. ) ;
#795 = CARTESIAN_POINT ( 'NONE',  ( 4.649999999999999467, 3.200000000000000178, -8.500000000000000000 ) ) ;
#796 = DIRECTION ( 'NONE',  ( 1.000000000000000000, 0.000000000000000000, 0.000000000000000000 ) ) ;
#797 = VECTOR ( 'NONE', #2593, 1000.000000000000000 ) ;
#798 =( NAMED_UNIT ( * ) SI_UNIT ( $, .STERADIAN. ) SOLID_ANGLE_UNIT ( ) );
#799 = LINE ( 'NONE', #7698, #8960 ) ;
#801 = EDGE_CURVE ( 'NONE', #6892, #4105, #6719, .T. ) ;
#800 = VECTOR ( 'NONE', #7147, 1000.000000000000000 ) ;
#802 =( LENGTH_UNIT ( ) NAMED_UNIT ( * ) SI_UNIT ( .MILLI., .METRE. ) );
#803 = CARTESIAN_POINT ( 'NONE',  ( 3.000000000000000000, 2.000000000000000000, 7.299999999999999822 ) ) ;
#804 = DIRECTION ( 'NONE',  ( 1.000000000000000000, 0.000000000000000000, 0.000000000000000000 ) ) ;
#805 = DIRECTION ( 'NONE',  ( 9.843573744019160371E-15, -1.000000000000000000, 0.000000000000000000 ) ) ;
#806 = ADVANCED_FACE ( 'NONE', ( #3525 ), #3351, .F. ) ;
#807 = EDGE_LOOP ( 'NONE', ( #9176, #8781, #584, #11617, #9829, #6659, #86, #10195, #2937 ) ) ;
#808 = PRESENTATION_LAYER_ASSIGNMENT (  '', '', ( #10013 ) ) ;
#809 = STYLED_ITEM ( 'NONE', ( #5918 ), #9130 ) ;
#810 = ORIENTED_EDGE ( 'NONE', *, *, #5929, .F. ) ;
#811 = FACE_OUTER_BOUND ( 'NONE', #11541, .T. ) ;
#812 =( NAMED_UNIT ( * ) PLANE_ANGLE_UNIT ( ) SI_UNIT ( $, .RADIAN. ) );
#813 = DIRECTION ( 'NONE',  ( -1.509360965741520140E-14, 1.000000000000000000, 0.000000000000000000 ) ) ;
#814 = PLANE ( 'NONE',  #1331 ) ;
#815 = CARTESIAN_POINT ( 'NONE',  ( 2.149999999999999911, 3.200000000000000178, -8.500000000000000000 ) ) ;
#816 = PLANE ( 'NONE',  #4565 ) ;
#817 = DIRECTION ( 'NONE',  ( 0.000000000000000000, 0.000000000000000000, -1.000000000000000000 ) ) ;
#818 = DIRECTION ( 'NONE',  ( -1.000000000000000000, 0.000000000000000000, 0.000000000000000000 ) ) ;
#819 =( GEOMETRIC_REPRESENTATION_CONTEXT ( 3 ) GLOBAL_UNCERTAINTY_ASSIGNED_CONTEXT ( ( #7826 ) ) GLOBAL_UNIT_ASSIGNED_CONTEXT ( ( #3610, #812, #3793 ) ) REPRESENTATION_CONTEXT ( 'NONE', 'WORKASPACE' ) );
#820 = EDGE_CURVE ( 'NONE', #1111, #7674, #3649, .T. ) ;
#821 = DIRECTION ( 'NONE',  ( -0.8660254037844387076, 0.4999999999999998890, 0.000000000000000000 ) ) ;
#822 = ORIENTED_EDGE ( 'NONE', *, *, #4758, .T. ) ;
#823 = ORIENTED_EDGE ( 'NONE', *, *, #1889, .F. ) ;
#824 = ORIENTED_EDGE ( 'NONE', *, *, #12171, .F. ) ;
#825 = ORIENTED_EDGE ( 'NONE', *, *, #6742, .F. ) ;
#826 = DIRECTION ( 'NONE',  ( 0.000000000000000000, -1.000000000000000000, 0.000000000000000000 ) ) ;
#827 = DIRECTION ( 'NONE',  ( 0.000000000000000000, -1.000000000000000000, -7.434529182757745592E-15 ) ) ;
#828 = AXIS2_PLACEMENT_3D ( 'NONE', #2602, #3532, #9514 ) ;
#829 = DIRECTION ( 'NONE',  ( 0.000000000000000000, 0.7071067811865475727, -0.7071067811865475727 ) ) ;
#830 = ADVANCED_FACE ( 'NONE', ( #9506 ), #9378, .F. ) ;
#831 = DIRECTION ( 'NONE',  ( 0.4226182617406998854, -0.9063077870366498257, 0.000000000000000000 ) ) ;
#832 = CARTESIAN_POINT ( 'NONE',  ( -0.3499999999999999778, -3.000000000000000000, -4.500000000000000000 ) ) ;
#833 = AXIS2_PLACEMENT_3D ( 'NONE', #2039, #1115, #4095 ) ;
#834 = MECHANICAL_DESIGN_GEOMETRIC_PRESENTATION_REPRESENTATION (  '', ( #8878 ), #10470 ) ;
#835 = AXIS2_PLACEMENT_3D ( 'NONE', #1103, #10424, #1835 ) ;
#836 = EDGE_LOOP ( 'NONE', ( #6493, #5209, #4795, #4991 ) ) ;
#837 = ORIENTED_EDGE ( 'NONE', *, *, #569, .F. ) ;
#838 = ORIENTED_EDGE ( 'NONE', *, *, #10118, .F. ) ;
#839 = DIRECTION ( 'NONE',  ( 0.000000000000000000, 0.000000000000000000, 1.000000000000000000 ) ) ;
#840 = DIRECTION ( 'NONE',  ( 1.000000000000000000, 8.182657905550979512E-17, 0.000000000000000000 ) ) ;
#841 = ORIENTED_EDGE ( 'NONE', *, *, #6902, .T. ) ;
#842 = DIRECTION ( 'NONE',  ( 1.000000000000000000, 0.000000000000000000, 0.000000000000000000 ) ) ;
#843 = SURFACE_STYLE_USAGE ( .BOTH. , #6417 ) ;
#844 = LINE ( 'NONE', #7561, #4779 ) ;
#845 = EDGE_CURVE ( 'NONE', #2164, #9588, #11319, .T. ) ;
#846 = PRESENTATION_LAYER_ASSIGNMENT (  '', '', ( #8445 ) ) ;
#847 = FILL_AREA_STYLE_COLOUR ( '', #7053 ) ;
#848 = COLOUR_RGB ( '',0.2509803921568627416, 0.2509803921568627416, 0.2509803921568627416 ) ;
#849 = DIRECTION ( 'NONE',  ( 0.000000000000000000, 0.000000000000000000, 1.000000000000000000 ) ) ;
#850 = CARTESIAN_POINT ( 'NONE',  ( 10.11464466094068015, 21.14999999999999858, 5.750000000000070166 ) ) ;
#851 = UNCERTAINTY_MEASURE_WITH_UNIT (LENGTH_MEASURE( 1.000000000000000082E-05 ), #4525, 'distance_accuracy_value', 'NONE');
#852 = SURFACE_SIDE_STYLE ('',( #11017 ) ) ;
#853 = LINE ( 'NONE', #1842, #5322 ) ;
#854 = EDGE_LOOP ( 'NONE', ( #4766, #6396, #713 ) ) ;
#855 = PRESENTATION_LAYER_ASSIGNMENT (  '', '', ( #8265 ) ) ;
#856 = ORIENTED_EDGE ( 'NONE', *, *, #1376, .T. ) ;
#857 = LINE ( 'NONE', #6615, #11019 ) ;
#858 = FILL_AREA_STYLE ('',( #4602 ) ) ;
#859 = CARTESIAN_POINT ( 'NONE',  ( 0.4499999999999855227, 8.699999999999999289, -1.199999999999999956 ) ) ;
#860 = EDGE_CURVE ( 'NONE', #3281, #5668, #3836, .T. ) ;
#861 = CARTESIAN_POINT ( 'NONE',  ( -2.000000000000000000, 1.699999999999999956, 5.500000000000000000 ) ) ;
#862 = FILL_AREA_STYLE_COLOUR ( '', #6046 ) ;
#863 = DIRECTION ( 'NONE',  ( -1.000000000000000000, -1.298436238251450266E-29, 3.718869191154470885E-15 ) ) ;
#864 = VECTOR ( 'NONE', #370, 1000.000000000000000 ) ;
#865 = DIRECTION ( 'NONE',  ( 1.000000000000000000, 0.000000000000000000, 0.000000000000000000 ) ) ;
#866 = DIRECTION ( 'NONE',  ( 0.000000000000000000, 0.000000000000000000, 1.000000000000000000 ) ) ;
#867 = AXIS2_PLACEMENT_3D ( 'NONE', #3632, #8415, #6656 ) ;
#868 = CARTESIAN_POINT ( 'NONE',  ( 0.000000000000000000, 4.599999999999999645, -1.199999999999999956 ) ) ;
#869 = DIRECTION ( 'NONE',  ( 0.000000000000000000, 0.000000000000000000, 1.000000000000000000 ) ) ;
#870 = EDGE_LOOP ( 'NONE', ( #7219, #5321 ) ) ;
#871 = CARTESIAN_POINT ( 'NONE',  ( -7.349999999999999645, 2.699999999999925127, 7.299999999999999822 ) ) ;
#872 = AXIS2_PLACEMENT_3D ( 'NONE', #2743, #5621, #10266 ) ;
#873 = ORIENTED_EDGE ( 'NONE', *, *, #588, .T. ) ;
#874 = FILL_AREA_STYLE ('',( #9461 ) ) ;
#875 = FILL_AREA_STYLE ('',( #5868 ) ) ;
#876 = AXIS2_PLACEMENT_3D ( 'NONE', #6479, #2586, #12192 ) ;
#877 = PRESENTATION_STYLE_ASSIGNMENT (( #7592 ) ) ;
#878 = CARTESIAN_POINT ( 'NONE',  ( -3.500000000000000000, -7.828123272804930129E-16, 7.299999999999999822 ) ) ;
#879 = EDGE_CURVE ( 'NONE', #9142, #11595, #8928, .T. ) ;
#880 = DIRECTION ( 'NONE',  ( -4.837695403017760315E-16, 1.000000000000000000, 0.000000000000000000 ) ) ;
#881 = ADVANCED_FACE ( 'NONE', ( #98 ), #8432, .F. ) ;
#882 = DIRECTION ( 'NONE',  ( 0.000000000000000000, 0.000000000000000000, 1.000000000000000000 ) ) ;
#883 = COLOUR_RGB ( '',0.2509803921568627416, 0.2509803921568627416, 0.2509803921568627416 ) ;
#884 = FILL_AREA_STYLE ('',( #4625 ) ) ;
#885 = ORIENTED_EDGE ( 'NONE', *, *, #10118, .T. ) ;
#886 = VERTEX_POINT ( 'NONE', #10431 ) ;
#887 = ORIENTED_EDGE ( 'NONE', *, *, #42, .F. ) ;
#888 = ORIENTED_EDGE ( 'NONE', *, *, #4055, .F. ) ;
#889 = SURFACE_SIDE_STYLE ('',( #9481 ) ) ;
#890 = CARTESIAN_POINT ( 'NONE',  ( 0.3499999999999999778, 3.200000000000000178, -10.50000000000000000 ) ) ;
#891 = ORIENTED_EDGE ( 'NONE', *, *, #11568, .F. ) ;
#892 = EDGE_CURVE ( 'NONE', #7479, #4568, #1968, .T. ) ;
#893 = AXIS2_PLACEMENT_3D ( 'NONE', #7542, #8655, #11352 ) ;
#894 = DIRECTION ( 'NONE',  ( -0.4999999999999928946, 0.8660254037844428154, 0.000000000000000000 ) ) ;
#895 = DIRECTION ( 'NONE',  ( -1.000000000000000000, -9.757819552369546217E-15, 0.000000000000000000 ) ) ;
#896 =( NAMED_UNIT ( * ) SI_UNIT ( $, .STERADIAN. ) SOLID_ANGLE_UNIT ( ) );
#897 = STYLED_ITEM ( 'NONE', ( #12276 ), #3295 ) ;
#898 = AXIS2_PLACEMENT_3D ( 'NONE', #4438, #10268, #1807 ) ;
#899 = DIRECTION ( 'NONE',  ( -1.000000000000000000, 0.000000000000000000, 0.000000000000000000 ) ) ;
#900 = ORIENTED_EDGE ( 'NONE', *, *, #5269, .T. ) ;
#901 = ORIENTED_EDGE ( 'NONE', *, *, #8440, .T. ) ;
#902 = ORIENTED_EDGE ( 'NONE', *, *, #6790, .T. ) ;
#903 = EDGE_CURVE ( 'NONE', #138, #1813, #1785, .T. ) ;
#904 = VERTEX_POINT ( 'NONE', #9439 ) ;
#905 =( NAMED_UNIT ( * ) PLANE_ANGLE_UNIT ( ) SI_UNIT ( $, .RADIAN. ) );
#906 = DIRECTION ( 'NONE',  ( -0.9063077870366401667, 0.4226182617407204800, 0.000000000000000000 ) ) ;
#907 = ORIENTED_EDGE ( 'NONE', *, *, #1756, .F. ) ;
#908 = CARTESIAN_POINT ( 'NONE',  ( -5.505006907668969163, 3.178317220033414880, -1.199999999999999956 ) ) ;
#909 =( NAMED_UNIT ( * ) SI_UNIT ( $, .STERADIAN. ) SOLID_ANGLE_UNIT ( ) );
#910 = CARTESIAN_POINT ( 'NONE',  ( 10.11464466094068015, -4.403065489371615016E-14, 5.699999999999909583 ) ) ;
#911 = LINE ( 'NONE', #2779, #7613 ) ;
#912 = DIRECTION ( 'NONE',  ( 0.000000000000000000, -1.000000000000000000, 0.000000000000000000 ) ) ;
#913 = CARTESIAN_POINT ( 'NONE',  ( -10.32305672590245038, 21.15976310729375953, 7.380496664690820552 ) ) ;
#914 = DIRECTION ( 'NONE',  ( 0.000000000000000000, -1.000000000000000000, 0.000000000000000000 ) ) ;
#915 = DIRECTION ( 'NONE',  ( 1.000000000000000000, 9.925400323074660971E-15, 0.000000000000000000 ) ) ;
#916 = VECTOR ( 'NONE', #2174, 1000.000000000000000 ) ;
#917 = EDGE_CURVE ( 'NONE', #8925, #4612, #853, .T. ) ;
#918 = ORIENTED_EDGE ( 'NONE', *, *, #4248, .F. ) ;
#919 = VECTOR ( 'NONE', #5686, 1000.000000000000000 ) ;
#920 = AXIS2_PLACEMENT_3D ( 'NONE', #11735, #3251, #1390 ) ;
#921 = ORIENTED_EDGE ( 'NONE', *, *, #2496, .T. ) ;
#922 =( NAMED_UNIT ( * ) PLANE_ANGLE_UNIT ( ) SI_UNIT ( $, .RADIAN. ) );
#923 = CARTESIAN_POINT ( 'NONE',  ( 1.689859732951970006, 2.926922915137600167, -1.199999999999999956 ) ) ;
#924 = DIRECTION ( 'NONE',  ( 0.000000000000000000, -1.000000000000000000, 0.000000000000000000 ) ) ;
#925 = LINE ( 'NONE', #4726, #8068 ) ;
#926 = PLANE ( 'NONE',  #286 ) ;
#927 = LINE ( 'NONE', #5735, #9361 ) ;
#928 = CIRCLE ( 'NONE', #10319, 0.9000000000000000222 ) ;
#929 =( NAMED_UNIT ( * ) SI_UNIT ( $, .STERADIAN. ) SOLID_ANGLE_UNIT ( ) );
#930 = VECTOR ( 'NONE', #11906, 1000.000000000000000 ) ;
#931 = DIRECTION ( 'NONE',  ( 1.000000000000000000, 0.000000000000000000, 0.000000000000000000 ) ) ;
#932 = VERTEX_POINT ( 'NONE', #8556 ) ;
#933 = ADVANCED_FACE ( 'NONE', ( #3774 ), #10874, .F. ) ;
#934 = VERTEX_POINT ( 'NONE', #1356 ) ;
#935 =( NAMED_UNIT ( * ) SI_UNIT ( $, .STERADIAN. ) SOLID_ANGLE_UNIT ( ) );
#936 = LINE ( 'NONE', #1989, #11532 ) ;
#937 = DIRECTION ( 'NONE',  ( 0.000000000000000000, 0.000000000000000000, 1.000000000000000000 ) ) ;
#938 = PRESENTATION_STYLE_ASSIGNMENT (( #6760 ) ) ;
#939 = FACE_OUTER_BOUND ( 'NONE', #6534, .T. ) ;
#940 =( NAMED_UNIT ( * ) PLANE_ANGLE_UNIT ( ) SI_UNIT ( $, .RADIAN. ) );
#941 = EDGE_CURVE ( 'NONE', #1490, #9565, #3960, .T. ) ;
#942 = AXIS2_PLACEMENT_3D ( 'NONE', #7655, #9658, #817 ) ;
#943 = CARTESIAN_POINT ( 'NONE',  ( -1.135724311311009815, 8.946136669551890463, 6.799999999999999822 ) ) ;
#944 = UNCERTAINTY_MEASURE_WITH_UNIT (LENGTH_MEASURE( 1.000000000000000082E-05 ), #9570, 'distance_accuracy_value', 'NONE');
#945 = ORIENTED_EDGE ( 'NONE', *, *, #2874, .T. ) ;
#946 = ADVANCED_FACE ( 'NONE', ( #9698 ), #11826, .F. ) ;
#947 = EDGE_CURVE ( 'NONE', #11351, #6341, #11624, .T. ) ;
#948 = ORIENTED_EDGE ( 'NONE', *, *, #9333, .F. ) ;
#949 = ORIENTED_EDGE ( 'NONE', *, *, #11955, .T. ) ;
#950 = ORIENTED_EDGE ( 'NONE', *, *, #7172, .T. ) ;
#951 = FACE_OUTER_BOUND ( 'NONE', #8560, .T. ) ;
#952 = SURFACE_STYLE_USAGE ( .BOTH. , #3873 ) ;
#953 = VECTOR ( 'NONE', #10097, 1000.000000000000000 ) ;
#954 =( NAMED_UNIT ( * ) PLANE_ANGLE_UNIT ( ) SI_UNIT ( $, .RADIAN. ) );
#955 = ORIENTED_EDGE ( 'NONE', *, *, #11448, .F. ) ;
#956 = VECTOR ( 'NONE', #122, 1000.000000000000000 ) ;
#957 =( LENGTH_UNIT ( ) NAMED_UNIT ( * ) SI_UNIT ( .MILLI., .METRE. ) );
#958 =( LENGTH_UNIT ( ) NAMED_UNIT ( * ) SI_UNIT ( .MILLI., .METRE. ) );
#959 = DIRECTION ( 'NONE',  ( 0.000000000000000000, 1.000000000000000000, 0.000000000000000000 ) ) ;
#960 = COLOUR_RGB ( '',0.6666666666666666297, 0.6980392156862744724, 0.7686274509803920907 ) ;
#961 = CARTESIAN_POINT ( 'NONE',  ( -10.11464466094063930, 21.40200000000000102, 7.250000000000000000 ) ) ;
#962 = ORIENTED_EDGE ( 'NONE', *, *, #3209, .T. ) ;
#963 = ADVANCED_FACE ( 'NONE', ( #1229 ), #7873, .F. ) ;
#964 = COLOUR_RGB ( '',0.2509803921568627416, 0.2509803921568627416, 0.2509803921568627416 ) ;
#965 = ORIENTED_EDGE ( 'NONE', *, *, #113, .F. ) ;
#966 = ORIENTED_EDGE ( 'NONE', *, *, #8918, .F. ) ;
#967 = CLOSED_SHELL ( 'NONE', ( #4916, #3522, #10056, #12160, #11813, #3824, #10822, #963, #3352, #1610 ) ) ;
#968 = ORIENTED_EDGE ( 'NONE', *, *, #7480, .F. ) ;
#969 = DIRECTION ( 'NONE',  ( 0.000000000000000000, 0.000000000000000000, -1.000000000000000000 ) ) ;
#970 = DIRECTION ( 'NONE',  ( 1.000000000000000000, 9.925400323074660971E-15, 0.000000000000000000 ) ) ;
#971 = ORIENTED_EDGE ( 'NONE', *, *, #5445, .T. ) ;
#972 = CARTESIAN_POINT ( 'NONE',  ( 0.000000000000000000, 21.19999999999999929, -0.1999999999999174938 ) ) ;
#973 = CARTESIAN_POINT ( 'NONE',  ( 3.254858606420005351, 7.075688402361520524, -1.199999999999999956 ) ) ;
#974 = STYLED_ITEM ( 'NONE', ( #1587 ), #12050 ) ;
#975 = SURFACE_STYLE_FILL_AREA ( #3708 ) ;
#976 = LINE ( 'NONE', #7872, #5951 ) ;
#977 = FILL_AREA_STYLE ('',( #1904 ) ) ;
#978 = DIRECTION ( 'NONE',  ( 1.000000000000000000, 1.031457201932155075E-14, 0.000000000000000000 ) ) ;
#979 = ORIENTED_EDGE ( 'NONE', *, *, #3838, .F. ) ;
#980 = EDGE_CURVE ( 'NONE', #466, #5007, #8872, .T. ) ;
#981 = ORIENTED_EDGE ( 'NONE', *, *, #11932, .T. ) ;
#982 = SURFACE_STYLE_USAGE ( .BOTH. , #8689 ) ;
#983 = DIRECTION ( 'NONE',  ( 1.000000000000000000, 0.000000000000000000, 0.000000000000000000 ) ) ;
#984 = PLANE ( 'NONE',  #7800 ) ;
#985 = FACE_OUTER_BOUND ( 'NONE', #10473, .T. ) ;
#986 = LINE ( 'NONE', #164, #8859 ) ;
#987 = FILL_AREA_STYLE_COLOUR ( '', #12167 ) ;
#988 = FACE_OUTER_BOUND ( 'NONE', #11337, .T. ) ;
#989 = ADVANCED_FACE ( 'NONE', ( #6863 ), #2959, .F. ) ;
#990 = UNCERTAINTY_MEASURE_WITH_UNIT (LENGTH_MEASURE( 1.000000000000000082E-05 ), #4222, 'distance_accuracy_value', 'NONE');
#991 = COLOUR_RGB ( '',0.2509803921568627416, 0.2509803921568627416, 0.2509803921568627416 ) ;
#992 = CARTESIAN_POINT ( 'NONE',  ( -5.031806216528360132, 8.790776580121079320, 6.799999999999999822 ) ) ;
#993 = PLANE ( 'NONE',  #7517 ) ;
#994 = DIRECTION ( 'NONE',  ( -1.000000000000000000, 0.000000000000000000, 0.000000000000000000 ) ) ;
#995 = ORIENTED_EDGE ( 'NONE', *, *, #6689, .T. ) ;
#996 = ORIENTED_EDGE ( 'NONE', *, *, #10659, .F. ) ;
#997 = DIRECTION ( 'NONE',  ( 1.000000000000000000, 0.000000000000000000, 0.000000000000000000 ) ) ;
#998 = DIRECTION ( 'NONE',  ( 0.000000000000000000, 1.301042606982603842E-16, -1.000000000000000000 ) ) ;
#999 = PRESENTATION_LAYER_ASSIGNMENT (  '', '', ( #597 ) ) ;
#1000 = SURFACE_STYLE_USAGE ( .BOTH. , #9595 ) ;
#1001 = VECTOR ( 'NONE', #7447, 1000.000000000000000 ) ;
#1002 = SURFACE_STYLE_FILL_AREA ( #9597 ) ;
#1003 = EDGE_CURVE ( 'NONE', #8734, #462, #339, .T. ) ;
#1004 = EDGE_CURVE ( 'NONE', #2523, #10904, #4024, .T. ) ;
#1005 = CARTESIAN_POINT ( 'NONE',  ( -10.11464466094063930, 21.19999999999999929, 7.299999999999999822 ) ) ;
#1006 = SURFACE_STYLE_FILL_AREA ( #10399 ) ;
#1007 = VECTOR ( 'NONE', #6319, 1000.000000000000000 ) ;
#1008 = CARTESIAN_POINT ( 'NONE',  ( 10.14999999999999858, 17.02499999999999858, -6.099999999999869971 ) ) ;
#1009 = ORIENTED_EDGE ( 'NONE', *, *, #7433, .T. ) ;
#1010 = AXIS2_PLACEMENT_3D ( 'NONE', #1234, #9579, #6936 ) ;
#1011 = VERTEX_POINT ( 'NONE', #6039 ) ;
#1012 =( NAMED_UNIT ( * ) SI_UNIT ( $, .STERADIAN. ) SOLID_ANGLE_UNIT ( ) );
#1013 = ORIENTED_EDGE ( 'NONE', *, *, #113, .T. ) ;
#1014 = ORIENTED_EDGE ( 'NONE', *, *, #7956, .F. ) ;
#1015 = CARTESIAN_POINT ( 'NONE',  ( -7.500000000000000000, 0.1653805922286634700, -1.125000000000000000 ) ) ;
#1016 = SURFACE_SIDE_STYLE ('',( #2133 ) ) ;
#1017 = EDGE_CURVE ( 'NONE', #2725, #11697, #11695, .T. ) ;
#1018 = VECTOR ( 'NONE', #251, 1000.000000000000000 ) ;
#1019 = SURFACE_SIDE_STYLE ('',( #8659 ) ) ;
#1020 = CARTESIAN_POINT ( 'NONE',  ( 2.475435743014045009, 8.425688402361471319, 6.799999999999999822 ) ) ;
#1021 =( LENGTH_UNIT ( ) NAMED_UNIT ( * ) SI_UNIT ( .MILLI., .METRE. ) );
#1022 = PRESENTATION_STYLE_ASSIGNMENT (( #260 ) ) ;
#1023 = ORIENTED_EDGE ( 'NONE', *, *, #3724, .T. ) ;
#1024 = ORIENTED_EDGE ( 'NONE', *, *, #1568, .F. ) ;
#1025 = ORIENTED_EDGE ( 'NONE', *, *, #7241, .F. ) ;
#1026 = ORIENTED_EDGE ( 'NONE', *, *, #7993, .T. ) ;
#1027 = LINE ( 'NONE', #2020, #11492 ) ;
#1028 = DIRECTION ( 'NONE',  ( 0.000000000000000000, 0.000000000000000000, 1.000000000000000000 ) ) ;
#1029 = VERTEX_POINT ( 'NONE', #10811 ) ;
#1030 = CARTESIAN_POINT ( 'NONE',  ( -5.410704217613820255, 11.60329263950301915, -1.199999999999999956 ) ) ;
#1031 = EDGE_CURVE ( 'NONE', #19, #2399, #3092, .T. ) ;
#1032 = CARTESIAN_POINT ( 'NONE',  ( 2.475435743014049894, 6.625688402361410212, 6.799999999999999822 ) ) ;
#1033 = EDGE_CURVE ( 'NONE', #3179, #10111, #2227, .T. ) ;
#1034 = CARTESIAN_POINT ( 'NONE',  ( -10.23049666469082197, 21.15488155364688083, 7.473056725902455177 ) ) ;
#1035 = LINE ( 'NONE', #212, #6166 ) ;
#1036 = COLOUR_RGB ( '',0.2509803921568627416, 0.2509803921568627416, 0.2509803921568627416 ) ;
#1037 = VECTOR ( 'NONE', #10613, 1000.000000000000000 ) ;
#1038 = CARTESIAN_POINT ( 'NONE',  ( 3.200000000000000178, -11.55226042087226013, -6.252260420872049806 ) ) ;
#1039 = B_SPLINE_SURFACE_WITH_KNOTS ( 'NONE', 1, 3, ( 
 ( #961, #11428, #6722, #7427, #11301, #4699 ),
 ( #5521, #1950, #11234, #4639, #2703, #5707 ),
 ( #4762, #11495, #770, #4578, #7486, #10289 ),
 ( #4513, #10348, #12248, #9360, #7615, #3572 ) ),
 .UNSPECIFIED., .F., .F., .F.,
 ( 2, 1, 1, 2 ),
 ( 4, 2, 4 ),
 ( -0.01000000000000000021, 0.000000000000000000, 1.000000000000000000, 1.010099999999999998 ),
 ( 0.000000000000000000, 0.5000000000000000000, 1.000000000000000000 ),
 .UNSPECIFIED. ) ;
#1040 = CARTESIAN_POINT ( 'NONE',  ( 2.603424410659469945, 9.923149613122019375, 6.799999999999999822 ) ) ;
#1041 = ORIENTED_EDGE ( 'NONE', *, *, #11898, .T. ) ;
#1042 = COLOUR_RGB ( '',0.2509803921568627416, 0.2509803921568627416, 0.2509803921568627416 ) ;
#1043 = ORIENTED_EDGE ( 'NONE', *, *, #618, .F. ) ;
#1044 = CARTESIAN_POINT ( 'NONE',  ( 2.475435743013954859, 7.525688402361390139, -1.199999999999999956 ) ) ;
#1045 = MECHANICAL_DESIGN_GEOMETRIC_PRESENTATION_REPRESENTATION (  '', ( #6439 ), #5826 ) ;
#1046 = AXIS2_PLACEMENT_3D ( 'NONE', #9641, #3907, #11574 ) ;
#1047 = DIRECTION ( 'NONE',  ( -2.409338161078900167E-16, 1.000000000000000000, 0.000000000000000000 ) ) ;
#1048 =( LENGTH_UNIT ( ) NAMED_UNIT ( * ) SI_UNIT ( .MILLI., .METRE. ) );
#1049 = FACE_BOUND ( 'NONE', #12173, .T. ) ;
#1050 = EDGE_CURVE ( 'NONE', #1643, #7371, #2522, .T. ) ;
#1051 = DIRECTION ( 'NONE',  ( 0.000000000000000000, 7.434529182757750325E-15, -1.000000000000000000 ) ) ;
#1052 = FACE_OUTER_BOUND ( 'NONE', #10282, .T. ) ;
#1053 = DIRECTION ( 'NONE',  ( 0.000000000000000000, 0.000000000000000000, -1.000000000000000000 ) ) ;
#1054 = CARTESIAN_POINT ( 'NONE',  ( -8.449999999999999289, 2.700000000000000178, 7.500000000000000000 ) ) ;
#1055 =( GEOMETRIC_REPRESENTATION_CONTEXT ( 3 ) GLOBAL_UNCERTAINTY_ASSIGNED_CONTEXT ( ( #11028 ) ) GLOBAL_UNIT_ASSIGNED_CONTEXT ( ( #6225, #1346, #7121 ) ) REPRESENTATION_CONTEXT ( 'NONE', 'WORKASPACE' ) );
#1056 = PRESENTATION_STYLE_ASSIGNMENT (( #7518 ) ) ;
#1057 = VECTOR ( 'NONE', #11797, 1000.000000000000000 ) ;
#1058 = DIRECTION ( 'NONE',  ( 0.000000000000000000, 7.589415207398510528E-15, -1.000000000000000000 ) ) ;
#1059 = VECTOR ( 'NONE', #8628, 1000.000000000000000 ) ;
#1060 = ORIENTED_EDGE ( 'NONE', *, *, #473, .T. ) ;
#1061 = SURFACE_STYLE_FILL_AREA ( #6880 ) ;
#1062 = ADVANCED_FACE ( 'NONE', ( #10232 ), #6407, .F. ) ;
#1063 = ORIENTED_EDGE ( 'NONE', *, *, #9774, .T. ) ;
#1064 = DIRECTION ( 'NONE',  ( 1.000000000000000000, 0.000000000000000000, 0.000000000000000000 ) ) ;
#1065 = SURFACE_STYLE_USAGE ( .BOTH. , #10637 ) ;
#1066 = AXIS2_PLACEMENT_3D ( 'NONE', #10228, #1646, #827 ) ;
#1067 = CARTESIAN_POINT ( 'NONE',  ( 10.14999999999999858, 21.16464466094064889, 7.250000000000000000 ) ) ;
#1068 =( NAMED_UNIT ( * ) PLANE_ANGLE_UNIT ( ) SI_UNIT ( $, .RADIAN. ) );
#1069 =( NAMED_UNIT ( * ) PLANE_ANGLE_UNIT ( ) SI_UNIT ( $, .RADIAN. ) );
#1070 = CIRCLE ( 'NONE', #4257, 0.5000000000000004441 ) ;
#1071 = DIRECTION ( 'NONE',  ( 1.000000000000000000, 0.000000000000000000, 0.000000000000000000 ) ) ;
#1072 = COLOUR_RGB ( '',0.2509803921568627416, 0.2509803921568627416, 0.2509803921568627416 ) ;
#1073 = DIRECTION ( 'NONE',  ( -3.718869191154470885E-15, 0.000000000000000000, -1.000000000000000000 ) ) ;
#1074 = PRESENTATION_LAYER_ASSIGNMENT (  '', '', ( #10262 ) ) ;
#1076 =( NAMED_UNIT ( * ) SI_UNIT ( $, .STERADIAN. ) SOLID_ANGLE_UNIT ( ) );
#1075 = VECTOR ( 'NONE', #4214, 1000.000000000000000 ) ;
#1077 = ORIENTED_EDGE ( 'NONE', *, *, #2404, .T. ) ;
#1078 = VERTEX_POINT ( 'NONE', #5285 ) ;
#1079 = DIRECTION ( 'NONE',  ( 1.000000000000000000, 0.000000000000000000, 0.000000000000000000 ) ) ;
#1080 = ORIENTED_EDGE ( 'NONE', *, *, #8990, .F. ) ;
#1081 = EDGE_CURVE ( 'NONE', #7336, #12419, #2406, .T. ) ;
#1082 = ORIENTED_EDGE ( 'NONE', *, *, #4231, .F. ) ;
#1083 =( LENGTH_UNIT ( ) NAMED_UNIT ( * ) SI_UNIT ( .MILLI., .METRE. ) );
#1084 = CARTESIAN_POINT ( 'NONE',  ( -7.850000000000148859, 14.90000000000000036, -4.599999999999999645 ) ) ;
#1085 = DIRECTION ( 'NONE',  ( 0.000000000000000000, 0.000000000000000000, 1.000000000000000000 ) ) ;
#1086 = DIRECTION ( 'NONE',  ( 0.000000000000000000, 0.000000000000000000, -1.000000000000000000 ) ) ;
#1087 = EDGE_CURVE ( 'NONE', #10131, #6264, #5323, .T. ) ;
#1088 = CARTESIAN_POINT ( 'NONE',  ( 5.505006907668989591, 3.178317220033385126, 6.799999999999999822 ) ) ;
#1089 = VECTOR ( 'NONE', #10765, 1000.000000000000000 ) ;
#1090 = CARTESIAN_POINT ( 'NONE',  ( -4.649999999999999467, 0.5500000000000000444, -5.500000000000000000 ) ) ;
#1091 = DIRECTION ( 'NONE',  ( 7.709882115452480533E-15, -1.000000000000000000, 0.000000000000000000 ) ) ;
#1092 = CARTESIAN_POINT ( 'NONE',  ( 0.9000000000000000222, 10.59999999999999964, -1.199999999999999956 ) ) ;
#1093 = ORIENTED_EDGE ( 'NONE', *, *, #4140, .F. ) ;
#1094 = VERTEX_POINT ( 'NONE', #7364 ) ;
#1095 = ORIENTED_EDGE ( 'NONE', *, *, #10006, .T. ) ;
#1096 = ADVANCED_FACE ( 'NONE', ( #5462 ), #9998, .F. ) ;
#1097 = EDGE_LOOP ( 'NONE', ( #4479, #2143, #1082, #5074 ) ) ;
#1098 = DIRECTION ( 'NONE',  ( 0.000000000000000000, 0.000000000000000000, -1.000000000000000000 ) ) ;
#1099 = DIRECTION ( 'NONE',  ( 1.000000000000000000, 0.000000000000000000, 0.000000000000000000 ) ) ;
#1100 = ORIENTED_EDGE ( 'NONE', *, *, #2144, .T. ) ;
#1101 = PRESENTATION_STYLE_ASSIGNMENT (( #6793 ) ) ;
#1102 = LINE ( 'NONE', #94, #1593 ) ;
#1103 = CARTESIAN_POINT ( 'NONE',  ( 0.000000000000000000, 10.00000000000000000, 6.799999999999999822 ) ) ;
#1104 = AXIS2_PLACEMENT_3D ( 'NONE', #3814, #5640, #7545 ) ;
#1105 = CARTESIAN_POINT ( 'NONE',  ( 0.9413803641798609290, 13.68737257913410055, 6.799999999999999822 ) ) ;
#1106 = SURFACE_STYLE_USAGE ( .BOTH. , #8553 ) ;
#1107 = FILL_AREA_STYLE ('',( #8681 ) ) ;
#1108 = CARTESIAN_POINT ( 'NONE',  ( 5.030347782046989735, 10.78761563117025979, -1.199999999999999956 ) ) ;
#1109 = EDGE_CURVE ( 'NONE', #240, #9819, #1686, .T. ) ;
#1110 = EDGE_CURVE ( 'NONE', #3994, #2164, #10115, .T. ) ;
#1111 = VERTEX_POINT ( 'NONE', #8239 ) ;
#1112 = VECTOR ( 'NONE', #3374, 1000.000000000000000 ) ;
#1113 = ORIENTED_EDGE ( 'NONE', *, *, #527, .T. ) ;
#1114 = DIRECTION ( 'NONE',  ( 0.4226182617406034625, 0.9063077870366947897, 0.000000000000000000 ) ) ;
#1115 = DIRECTION ( 'NONE',  ( -1.000000000000000000, -1.298436238251450266E-29, 3.718869191154470885E-15 ) ) ;
#1116 = CARTESIAN_POINT ( 'NONE',  ( -10.05000000000000071, 8.599999999999999645, 7.299999999999999822 ) ) ;
#1117 = CARTESIAN_POINT ( 'NONE',  ( 7.849999999999999645, 3.200000000000000178, -4.500000000000000000 ) ) ;
#1118 = VECTOR ( 'NONE', #11655, 1000.000000000000000 ) ;
#1119 =( NAMED_UNIT ( * ) PLANE_ANGLE_UNIT ( ) SI_UNIT ( $, .RADIAN. ) );
#1120 = LINE ( 'NONE', #4913, #9754 ) ;
#1121 = DIRECTION ( 'NONE',  ( 0.000000000000000000, 2.168404344971020208E-16, -1.000000000000000000 ) ) ;
#1122 = CARTESIAN_POINT ( 'NONE',  ( 10.09999999999999964, 21.14999999999999858, 7.500000000000000000 ) ) ;
#1123 =( GEOMETRIC_REPRESENTATION_CONTEXT ( 3 ) GLOBAL_UNCERTAINTY_ASSIGNED_CONTEXT ( ( #9035 ) ) GLOBAL_UNIT_ASSIGNED_CONTEXT ( ( #6822, #9720, #3050 ) ) REPRESENTATION_CONTEXT ( 'NONE', 'WORKASPACE' ) );
#1124 = EDGE_LOOP ( 'NONE', ( #9111, #2757, #5529, #10991 ) ) ;
#1125 = EDGE_CURVE ( 'NONE', #3137, #9966, #5771, .T. ) ;
#1126 = SURFACE_STYLE_FILL_AREA ( #3914 ) ;
#1127 = ORIENTED_EDGE ( 'NONE', *, *, #1677, .F. ) ;
#1128 = CARTESIAN_POINT ( 'NONE',  ( -2.850000000000000089, 0.5500000000000000444, -7.000000000000000000 ) ) ;
#1129 = MECHANICAL_DESIGN_GEOMETRIC_PRESENTATION_REPRESENTATION (  '', ( #4902 ), #717 ) ;
#1130 = CARTESIAN_POINT ( 'NONE',  ( -0.6176823424701239906, 1.396877518358544013, 5.100000000000000533 ) ) ;
#1131 = FILL_AREA_STYLE_COLOUR ( '', #12090 ) ;
#1132 = FACE_OUTER_BOUND ( 'NONE', #3108, .T. ) ;
#1133 =( GEOMETRIC_REPRESENTATION_CONTEXT ( 3 ) GLOBAL_UNCERTAINTY_ASSIGNED_CONTEXT ( ( #3360 ) ) GLOBAL_UNIT_ASSIGNED_CONTEXT ( ( #624, #3670, #5496 ) ) REPRESENTATION_CONTEXT ( 'NONE', 'WORKASPACE' ) );
#1134 = CARTESIAN_POINT ( 'NONE',  ( -10.09999999999999964, 21.14999999999999858, 7.500000000000000000 ) ) ;
#1135 = CARTESIAN_POINT ( 'NONE',  ( 0.6999999999999839684, 3.200000000000000178, -8.699999999999999289 ) ) ;
#1136 = ORIENTED_EDGE ( 'NONE', *, *, #3635, .F. ) ;
#1137 = ORIENTED_EDGE ( 'NONE', *, *, #8918, .T. ) ;
#1138 = ORIENTED_EDGE ( 'NONE', *, *, #3006, .F. ) ;
#1139 = DIRECTION ( 'NONE',  ( 2.168404344971010101E-16, -1.000000000000000000, 1.825171967322139805E-47 ) ) ;
#1140 = ORIENTED_EDGE ( 'NONE', *, *, #1827, .F. ) ;
#1141 = AXIS2_PLACEMENT_3D ( 'NONE', #6368, #914, #9254 ) ;
#1142 = ORIENTED_EDGE ( 'NONE', *, *, #7131, .F. ) ;
#1143 = CARTESIAN_POINT ( 'NONE',  ( 5.349999999999999645, -3.000000000000000000, -4.500000000000000000 ) ) ;
#1144 = LINE ( 'NONE', #7849, #8660 ) ;
#1145 = SURFACE_SIDE_STYLE ('',( #9430 ) ) ;
#1146 = CYLINDRICAL_SURFACE ( 'NONE', #4085, 0.9250000000000001554 ) ;
#1147 = CARTESIAN_POINT ( 'NONE',  ( -7.849999999999999645, 3.200000000000000178, -8.500000000000000000 ) ) ;
#1148 = LINE ( 'NONE', #10793, #3714 ) ;
#1149 = VECTOR ( 'NONE', #4527, 1000.000000000000000 ) ;
#1150 = CYLINDRICAL_SURFACE ( 'NONE', #4355, 0.7999999999999994893 ) ;
#1151 = ADVANCED_FACE ( 'NONE', ( #1767 ), #10540, .F. ) ;
#1152 = FILL_AREA_STYLE ('',( #11549 ) ) ;
#1153 = ADVANCED_FACE ( 'NONE', ( #12187 ), #1039, .T. ) ;
#1154 = DIRECTION ( 'NONE',  ( -0.9063077870366491595, 0.4226182617407010511, 0.000000000000000000 ) ) ;
#1155 = ORIENTED_EDGE ( 'NONE', *, *, #1250, .T. ) ;
#1157 = ORIENTED_EDGE ( 'NONE', *, *, #8825, .F. ) ;
#1156 = AXIS2_PLACEMENT_3D ( 'NONE', #2446, #9519, #4324 ) ;
#1158 = VERTEX_POINT ( 'NONE', #9619 ) ;
#1159 = ORIENTED_EDGE ( 'NONE', *, *, #7896, .F. ) ;
#1160 = PLANE ( 'NONE',  #1299 ) ;
#1161 = DIRECTION ( 'NONE',  ( 0.000000000000000000, 5.782411586589360597E-16, -1.000000000000000000 ) ) ;
#1162 = ORIENTED_EDGE ( 'NONE', *, *, #4071, .T. ) ;
#1163 = CARTESIAN_POINT ( 'NONE',  ( 4.396574867224590122, 10.08002995006780012, -1.199999999999999956 ) ) ;
#1164 = CARTESIAN_POINT ( 'NONE',  ( 4.649999999999999467, -3.000000000000000000, -5.500000000000000000 ) ) ;
#1165 = MECHANICAL_DESIGN_GEOMETRIC_PRESENTATION_REPRESENTATION (  '', ( #4341 ), #6751 ) ;
#1166 = FACE_OUTER_BOUND ( 'NONE', #3010, .T. ) ;
#1167 = EDGE_CURVE ( 'NONE', #9690, #8654, #8353, .T. ) ;
#1168 = EDGE_CURVE ( 'NONE', #1199, #5755, #1472, .T. ) ;
#1169 = CARTESIAN_POINT ( 'NONE',  ( 0.000000000000000000, 0.000000000000000000, -1.199999999999999956 ) ) ;
#1170 = VECTOR ( 'NONE', #10202, 1000.000000000000000 ) ;
#1171 = PRESENTATION_LAYER_ASSIGNMENT (  '', '', ( #11781 ) ) ;
#1172 = ORIENTED_EDGE ( 'NONE', *, *, #7457, .F. ) ;
#1173 = EDGE_LOOP ( 'NONE', ( #8721, #7398, #7051, #8800 ) ) ;
#1174 = PRESENTATION_STYLE_ASSIGNMENT (( #9764 ) ) ;
#1175 =( NAMED_UNIT ( * ) SI_UNIT ( $, .STERADIAN. ) SOLID_ANGLE_UNIT ( ) );
#1176 = FILL_AREA_STYLE ('',( #1423 ) ) ;
#1177 = SURFACE_STYLE_USAGE ( .BOTH. , #2042 ) ;
#1178 = PLANE ( 'NONE',  #11353 ) ;
#1179 = LINE ( 'NONE', #11518, #2636 ) ;
#1180 = EDGE_CURVE ( 'NONE', #5716, #4568, #2639, .T. ) ;
#1181 = EDGE_CURVE ( 'NONE', #9588, #8346, #11486, .T. ) ;
#1182 = SURFACE_SIDE_STYLE ('',( #9771 ) ) ;
#1183 = COLOUR_RGB ( '',0.2509803921568627416, 0.2509803921568627416, 0.2509803921568627416 ) ;
#1184 = DIRECTION ( 'NONE',  ( 1.000000000000000000, 8.182657905550979512E-17, 0.000000000000000000 ) ) ;
#1185 = SURFACE_STYLE_USAGE ( .BOTH. , #170 ) ;
#1186 = EDGE_LOOP ( 'NONE', ( #3801, #595, #11883, #6709 ) ) ;
#1187 = UNCERTAINTY_MEASURE_WITH_UNIT (LENGTH_MEASURE( 1.000000000000000082E-05 ), #4296, 'distance_accuracy_value', 'NONE');
#1188 = ORIENTED_EDGE ( 'NONE', *, *, #3614, .F. ) ;
#1189 = DIRECTION ( 'NONE',  ( -0.4999999999999827915, 0.8660254037844485886, 0.000000000000000000 ) ) ;
#1190 = DIRECTION ( 'NONE',  ( 0.000000000000000000, 0.000000000000000000, 1.000000000000000000 ) ) ;
#1191 = DIRECTION ( 'NONE',  ( 0.9063077870366561539, 0.4226182617406860631, 0.000000000000000000 ) ) ;
#1192 = LINE ( 'NONE', #5937, #5266 ) ;
#1193 = CARTESIAN_POINT ( 'NONE',  ( -5.349999999999999645, 3.200000000000000178, -4.500000000000000000 ) ) ;
#1194 = EDGE_CURVE ( 'NONE', #3244, #4549, #8599, .T. ) ;
#1195 = EDGE_CURVE ( 'NONE', #2895, #4548, #2861, .T. ) ;
#1196 = PRESENTATION_LAYER_ASSIGNMENT (  '', '', ( #5385 ) ) ;
#1197 = CARTESIAN_POINT ( 'NONE',  ( 0.3499999999999999778, 0.5500000000000000444, -6.000000000000000000 ) ) ;
#1198 = ORIENTED_EDGE ( 'NONE', *, *, #9529, .T. ) ;
#1199 = VERTEX_POINT ( 'NONE', #9420 ) ;
#1200 = STYLED_ITEM ( 'NONE', ( #2299 ), #6430 ) ;
#1201 = ORIENTED_EDGE ( 'NONE', *, *, #10865, .T. ) ;
#1202 = PRESENTATION_STYLE_ASSIGNMENT (( #11596 ) ) ;
#1203 = ORIENTED_EDGE ( 'NONE', *, *, #5089, .F. ) ;
#1204 = ORIENTED_EDGE ( 'NONE', *, *, #11376, .T. ) ;
#1205 = AXIS2_PLACEMENT_3D ( 'NONE', #4997, #2776, #9739 ) ;
#1206 = CARTESIAN_POINT ( 'NONE',  ( 0.3499999999999999778, 0.5500000000000000444, -9.000000000000000000 ) ) ;
#1207 = DIRECTION ( 'NONE',  ( 0.000000000000000000, 0.000000000000000000, 1.000000000000000000 ) ) ;
#1208 = DIRECTION ( 'NONE',  ( 0.000000000000000000, 0.000000000000000000, 1.000000000000000000 ) ) ;
#1209 =( LENGTH_UNIT ( ) NAMED_UNIT ( * ) SI_UNIT ( .MILLI., .METRE. ) );
#1210 = VECTOR ( 'NONE', #7682, 1000.000000000000000 ) ;
#1211 =( LENGTH_UNIT ( ) NAMED_UNIT ( * ) SI_UNIT ( .MILLI., .METRE. ) );
#1212 = PRESENTATION_STYLE_ASSIGNMENT (( #386 ) ) ;
#1213 = AXIS2_PLACEMENT_3D ( 'NONE', #2424, #1430, #5242 ) ;
#1214 = SURFACE_STYLE_USAGE ( .BOTH. , #5959 ) ;
#1215 = PLANE ( 'NONE',  #9679 ) ;
#1216 = ORIENTED_EDGE ( 'NONE', *, *, #1031, .T. ) ;
#1217 = EDGE_LOOP ( 'NONE', ( #4872, #5700, #2354, #10000, #6665, #6752, #3339, #12352, #2423 ) ) ;
#1218 = VERTEX_POINT ( 'NONE', #832 ) ;
#1219 = EDGE_LOOP ( 'NONE', ( #5034, #4404 ) ) ;
#1220 =( NAMED_UNIT ( * ) SI_UNIT ( $, .STERADIAN. ) SOLID_ANGLE_UNIT ( ) );
#1221 = EDGE_CURVE ( 'NONE', #3995, #7657, #3455, .T. ) ;
#1222 = DIRECTION ( 'NONE',  ( 0.000000000000000000, 0.000000000000000000, -1.000000000000000000 ) ) ;
#1223 = COLOUR_RGB ( '',0.2509803921568627416, 0.2509803921568627416, 0.2509803921568627416 ) ;
#1224 = VERTEX_POINT ( 'NONE', #3692 ) ;
#1225 = CARTESIAN_POINT ( 'NONE',  ( -10.11464466094063930, 21.19999999999999929, 7.299999999999999822 ) ) ;
#1226 = DIRECTION ( 'NONE',  ( 1.000000000000000000, 0.000000000000000000, 0.000000000000000000 ) ) ;
#1227 = SURFACE_STYLE_USAGE ( .BOTH. , #6228 ) ;
#1228 = DIRECTION ( 'NONE',  ( 0.000000000000000000, 0.000000000000000000, 1.000000000000000000 ) ) ;
#1229 = FACE_OUTER_BOUND ( 'NONE', #7416, .T. ) ;
#1230 = AXIS2_PLACEMENT_3D ( 'NONE', #972, #7911, #6901 ) ;
#1231 = ORIENTED_EDGE ( 'NONE', *, *, #11568, .T. ) ;
#1232 = EDGE_CURVE ( 'NONE', #7720, #11755, #7551, .T. ) ;
#1233 = ORIENTED_EDGE ( 'NONE', *, *, #7002, .F. ) ;
#1234 = CARTESIAN_POINT ( 'NONE',  ( -10.34999999999999964, 21.39999999999999858, 5.700000000000000178 ) ) ;
#1235 = CARTESIAN_POINT ( 'NONE',  ( 3.000000000000000000, 1.899999999999999911, 7.250000000000000000 ) ) ;
#1236 = CYLINDRICAL_SURFACE ( 'NONE', #228, 0.9000000000000220046 ) ;
#1237 = CARTESIAN_POINT ( 'NONE',  ( 10.14999999999999858, 21.16464466094064889, 7.299999999999999822 ) ) ;
#1238 = VECTOR ( 'NONE', #9956, 1000.000000000000000 ) ;
#1239 = CARTESIAN_POINT ( 'NONE',  ( 10.14999999999999858, 3.200000000000000178, -4.500000000000000000 ) ) ;
#1240 =( GEOMETRIC_REPRESENTATION_CONTEXT ( 3 ) GLOBAL_UNCERTAINTY_ASSIGNED_CONTEXT ( ( #9938 ) ) GLOBAL_UNIT_ASSIGNED_CONTEXT ( ( #5473, #7630, #9756 ) ) REPRESENTATION_CONTEXT ( 'NONE', 'WORKASPACE' ) );
#1241 = SURFACE_STYLE_USAGE ( .BOTH. , #5233 ) ;
#1242 = EDGE_CURVE ( 'NONE', #904, #3399, #9083, .T. ) ;
#1243 = CARTESIAN_POINT ( 'NONE',  ( 2.603424410659469945, 9.923149613122019375, -1.199999999999999956 ) ) ;
#1244 = DIRECTION ( 'NONE',  ( 0.000000000000000000, 1.000000000000000000, 7.589415207398510528E-15 ) ) ;
#1245 = FACE_OUTER_BOUND ( 'NONE', #3366, .T. ) ;
#1246 = CARTESIAN_POINT ( 'NONE',  ( -2.000000000000000000, -2.401009032218150097, 5.100000000000000533 ) ) ;
#1247 = VERTEX_POINT ( 'NONE', #3132 ) ;
#1248 = VECTOR ( 'NONE', #10845, 1000.000000000000000 ) ;
#1249 = VECTOR ( 'NONE', #8563, 1000.000000000000000 ) ;
#1250 = EDGE_CURVE ( 'NONE', #3556, #7371, #9746, .T. ) ;
#1251 = ORIENTED_EDGE ( 'NONE', *, *, #9314, .T. ) ;
#1252 = LINE ( 'NONE', #3048, #2611 ) ;
#1253 = CARTESIAN_POINT ( 'NONE',  ( 0.3499999999999999778, 3.200000000000000178, -6.000000000000000000 ) ) ;
#1254 = FACE_OUTER_BOUND ( 'NONE', #3823, .T. ) ;
#1255 = PRESENTATION_LAYER_ASSIGNMENT (  '', '', ( #6643 ) ) ;
#1256 = STYLED_ITEM ( 'NONE', ( #1736 ), #7216 ) ;
#1257 = PLANE ( 'NONE',  #8758 ) ;
#1258 =( NAMED_UNIT ( * ) PLANE_ANGLE_UNIT ( ) SI_UNIT ( $, .RADIAN. ) );
#1259 = ORIENTED_EDGE ( 'NONE', *, *, #10247, .F. ) ;
#1260 = ORIENTED_EDGE ( 'NONE', *, *, #146, .F. ) ;
#1261 = ORIENTED_EDGE ( 'NONE', *, *, #7626, .F. ) ;
#1262 = SURFACE_STYLE_USAGE ( .BOTH. , #4936 ) ;
#1263 = ORIENTED_EDGE ( 'NONE', *, *, #820, .F. ) ;
#1264 = AXIS2_PLACEMENT_3D ( 'NONE', #6918, #7926, #11557 ) ;
#1265 = EDGE_CURVE ( 'NONE', #8419, #9115, #6867, .T. ) ;
#1266 = VERTEX_POINT ( 'NONE', #1092 ) ;
#1267 = CARTESIAN_POINT ( 'NONE',  ( -10.14999999999999858, 21.16464466094074837, -0.1999999999997809919 ) ) ;
#1268 = ADVANCED_FACE ( 'NONE', ( #3075 ), #6093, .T. ) ;
#1269 =( LENGTH_UNIT ( ) NAMED_UNIT ( * ) SI_UNIT ( .MILLI., .METRE. ) );
#1270 = AXIS2_PLACEMENT_3D ( 'NONE', #8312, #1781, #3467 ) ;
#1271 = CARTESIAN_POINT ( 'NONE',  ( 10.14999999999999858, 12.77500000000000036, -6.099999999999901057 ) ) ;
#1272 = LINE ( 'NONE', #10031, #5446 ) ;
#1273 = UNCERTAINTY_MEASURE_WITH_UNIT (LENGTH_MEASURE( 1.000000000000000082E-05 ), #8950, 'distance_accuracy_value', 'NONE');
#1274 = CARTESIAN_POINT ( 'NONE',  ( -10.11464466094063930, 21.14999999999999858, 5.500000000000110134 ) ) ;
#1275 = CARTESIAN_POINT ( 'NONE',  ( -10.34999999999999964, 8.900000000000000355, 7.500000000000000000 ) ) ;
#1276 = PRESENTATION_STYLE_ASSIGNMENT (( #9042 ) ) ;
#1277 = CARTESIAN_POINT ( 'NONE',  ( -5.410704217614039635, 11.60329263950290013, -1.199999999999999956 ) ) ;
#1278 = VECTOR ( 'NONE', #765, 1000.000000000000000 ) ;
#1279 = CARTESIAN_POINT ( 'NONE',  ( 8.550000000000000711, 19.50000000000000000, -11.24999999999984013 ) ) ;
#1280 = VECTOR ( 'NONE', #4338, 1000.000000000000000 ) ;
#1281 =( GEOMETRIC_REPRESENTATION_CONTEXT ( 3 ) GLOBAL_UNCERTAINTY_ASSIGNED_CONTEXT ( ( #543 ) ) GLOBAL_UNIT_ASSIGNED_CONTEXT ( ( #10261, #12418, #1861 ) ) REPRESENTATION_CONTEXT ( 'NONE', 'WORKASPACE' ) );
#1282 = CARTESIAN_POINT ( 'NONE',  ( -3.200000000000000178, 1.899999999999970157, -17.80452084174450178 ) ) ;
#1283 = AXIS2_PLACEMENT_3D ( 'NONE', #2246, #5933, #997 ) ;
#1284 = SURFACE_SIDE_STYLE ('',( #8857 ) ) ;
#1285 = PRESENTATION_LAYER_ASSIGNMENT (  '', '', ( #6670 ) ) ;
#1286 = VERTEX_POINT ( 'NONE', #5823 ) ;
#1287 = EDGE_LOOP ( 'NONE', ( #8174, #9530, #203, #6911, #5762, #2766, #5694, #1289 ) ) ;
#1288 = ORIENTED_EDGE ( 'NONE', *, *, #177, .F. ) ;
#1289 = ORIENTED_EDGE ( 'NONE', *, *, #9773, .T. ) ;
#1290 = CARTESIAN_POINT ( 'NONE',  ( -1.689859732951970006, 2.926922915137645020, -1.199999999999999956 ) ) ;
#1291 = ADVANCED_FACE ( 'NONE', ( #9859 ), #8920, .F. ) ;
#1292 = AXIS2_PLACEMENT_3D ( 'NONE', #7651, #11473, #2872 ) ;
#1293 = ORIENTED_EDGE ( 'NONE', *, *, #10139, .F. ) ;
#1294 = MECHANICAL_DESIGN_GEOMETRIC_PRESENTATION_REPRESENTATION (  '', ( #7290 ), #4862 ) ;
#1295 = CARTESIAN_POINT ( 'NONE',  ( -1.968193061355719919, 11.21240298306872063, -1.199999999999999956 ) ) ;
#1296 = SURFACE_STYLE_FILL_AREA ( #1107 ) ;
#1297 = PRESENTATION_STYLE_ASSIGNMENT (( #3147 ) ) ;
#1298 = ADVANCED_FACE ( 'NONE', ( #3197 ), #7047, .F. ) ;
#1299 = AXIS2_PLACEMENT_3D ( 'NONE', #4334, #8292, #12001 ) ;
#1300 = EDGE_LOOP ( 'NONE', ( #5192, #3790, #7765, #9986, #7509 ) ) ;
#1301 = EDGE_LOOP ( 'NONE', ( #6788, #9125, #322, #2866 ) ) ;
#1302 =( NAMED_UNIT ( * ) SI_UNIT ( $, .STERADIAN. ) SOLID_ANGLE_UNIT ( ) );
#1303 = CARTESIAN_POINT ( 'NONE',  ( -7.299999999999999822, 10.00000000000000000, 7.299999999999999822 ) ) ;
#1304 =( GEOMETRIC_REPRESENTATION_CONTEXT ( 3 ) GLOBAL_UNCERTAINTY_ASSIGNED_CONTEXT ( ( #7314 ) ) GLOBAL_UNIT_ASSIGNED_CONTEXT ( ( #1083, #2264, #10653 ) ) REPRESENTATION_CONTEXT ( 'NONE', 'WORKASPACE' ) );
#1305 = LINE ( 'NONE', #3157, #237 ) ;
#1306 = PRESENTATION_STYLE_ASSIGNMENT (( #6052 ) ) ;
#1307 = FACE_OUTER_BOUND ( 'NONE', #6291, .T. ) ;
#1308 = CARTESIAN_POINT ( 'NONE',  ( 2.149999999999999911, 0.5500000000000000444, -7.000000000000000000 ) ) ;
#1309 = PLANE ( 'NONE',  #308 ) ;
#1310 = EDGE_CURVE ( 'NONE', #2540, #11053, #2278, .T. ) ;
#1311 = UNCERTAINTY_MEASURE_WITH_UNIT (LENGTH_MEASURE( 1.000000000000000082E-05 ), #5904, 'distance_accuracy_value', 'NONE');
#1312 = CARTESIAN_POINT ( 'NONE',  ( 2.366431913239629647, 3.200000000000000178, -4.500000000000000000 ) ) ;
#1313 = ORIENTED_EDGE ( 'NONE', *, *, #4960, .T. ) ;
#1314 = SURFACE_STYLE_FILL_AREA ( #6248 ) ;
#1315 = DIRECTION ( 'NONE',  ( 0.000000000000000000, 1.301042606982603842E-16, -1.000000000000000000 ) ) ;
#1316 = FACE_OUTER_BOUND ( 'NONE', #12175, .T. ) ;
#1317 = LINE ( 'NONE', #10832, #7686 ) ;
#1318 =( NAMED_UNIT ( * ) PLANE_ANGLE_UNIT ( ) SI_UNIT ( $, .RADIAN. ) );
#1319 = DIRECTION ( 'NONE',  ( 1.000000000000000000, 0.000000000000000000, 0.000000000000000000 ) ) ;
#1320 = VECTOR ( 'NONE', #3040, 1000.000000000000000 ) ;
#1321 = CARTESIAN_POINT ( 'NONE',  ( -0.7660316784771360465, -0.3572064380632170022, -1.199999999999999956 ) ) ;
#1322 = CARTESIAN_POINT ( 'NONE',  ( -10.10488155364686058, 21.17609933293815061, 7.294611345180529227 ) ) ;
#1323 = EDGE_CURVE ( 'NONE', #8436, #12240, #3942, .T. ) ;
#1324 = DIRECTION ( 'NONE',  ( 0.000000000000000000, 0.000000000000000000, 1.000000000000000000 ) ) ;
#1325 = ORIENTED_EDGE ( 'NONE', *, *, #6475, .F. ) ;
#1326 = ORIENTED_EDGE ( 'NONE', *, *, #5567, .F. ) ;
#1327 = LINE ( 'NONE', #5125, #7681 ) ;
#1328 = EDGE_LOOP ( 'NONE', ( #6189, #4826, #4235, #582 ) ) ;
#1329 =( GEOMETRIC_REPRESENTATION_CONTEXT ( 3 ) GLOBAL_UNCERTAINTY_ASSIGNED_CONTEXT ( ( #10866 ) ) GLOBAL_UNIT_ASSIGNED_CONTEXT ( ( #5479, #11018, #11077 ) ) REPRESENTATION_CONTEXT ( 'NONE', 'WORKASPACE' ) );
#1330 = VERTEX_POINT ( 'NONE', #7793 ) ;
#1331 = AXIS2_PLACEMENT_3D ( 'NONE', #10394, #1748, #4496 ) ;
#1332 = DIRECTION ( 'NONE',  ( 1.350045915771309964E-29, -1.000000000000000000, 1.387778780781445922E-16 ) ) ;
#1333 = DIRECTION ( 'NONE',  ( 1.000000000000000000, -3.143661842441965119E-30, -1.363345999654151846E-44 ) ) ;
#1334 = SURFACE_STYLE_USAGE ( .BOTH. , #8914 ) ;
#1335 = DIRECTION ( 'NONE',  ( 0.000000000000000000, 0.000000000000000000, -1.000000000000000000 ) ) ;
#1336 = DIRECTION ( 'NONE',  ( -1.000000000000000000, 0.000000000000000000, 0.000000000000000000 ) ) ;
#1337 = DIRECTION ( 'NONE',  ( 0.000000000000000000, 7.589415207398529460E-15, -1.000000000000000000 ) ) ;
#1338 = ADVANCED_FACE ( 'NONE', ( #11609 ), #1215, .F. ) ;
#1339 = ADVANCED_FACE ( 'NONE', ( #5389 ), #11159, .F. ) ;
#1340 = SURFACE_STYLE_FILL_AREA ( #1455 ) ;
#1341 = ORIENTED_EDGE ( 'NONE', *, *, #6234, .T. ) ;
#1342 = ORIENTED_EDGE ( 'NONE', *, *, #2402, .F. ) ;
#1343 = ORIENTED_EDGE ( 'NONE', *, *, #7093, .F. ) ;
#1344 = EDGE_LOOP ( 'NONE', ( #9174, #11007, #8376, #10326 ) ) ;
#1345 = DIRECTION ( 'NONE',  ( -1.000000000000000000, 0.000000000000000000, 0.000000000000000000 ) ) ;
#1346 =( NAMED_UNIT ( * ) PLANE_ANGLE_UNIT ( ) SI_UNIT ( $, .RADIAN. ) );
#1348 = ORIENTED_EDGE ( 'NONE', *, *, #6917, .T. ) ;
#1347 = UNCERTAINTY_MEASURE_WITH_UNIT (LENGTH_MEASURE( 1.000000000000000082E-05 ), #8536, 'distance_accuracy_value', 'NONE');
#1349 =( GEOMETRIC_REPRESENTATION_CONTEXT ( 3 ) GLOBAL_UNCERTAINTY_ASSIGNED_CONTEXT ( ( #3264 ) ) GLOBAL_UNIT_ASSIGNED_CONTEXT ( ( #3159, #2240, #7010 ) ) REPRESENTATION_CONTEXT ( 'NONE', 'WORKASPACE' ) );
#1350 = DIRECTION ( 'NONE',  ( 0.000000000000000000, -1.000000000000000000, 0.000000000000000000 ) ) ;
#1351 = ADVANCED_FACE ( 'NONE', ( #8287 ), #5139, .T. ) ;
#1352 = DIRECTION ( 'NONE',  ( 0.000000000000000000, 1.000000000000000000, 0.000000000000000000 ) ) ;
#1353 = SURFACE_STYLE_FILL_AREA ( #7936 ) ;
#1354 = EDGE_CURVE ( 'NONE', #2148, #9185, #11269, .T. ) ;
#1355 =( NAMED_UNIT ( * ) PLANE_ANGLE_UNIT ( ) SI_UNIT ( $, .RADIAN. ) );
#1356 = CARTESIAN_POINT ( 'NONE',  ( 1.915147174717049872, 9.396136669551898635, -1.199999999999999956 ) ) ;
#1357 = ORIENTED_EDGE ( 'NONE', *, *, #4676, .F. ) ;
#1358 = VERTEX_POINT ( 'NONE', #9107 ) ;
#1359 = FACE_OUTER_BOUND ( 'NONE', #10541, .T. ) ;
#1360 = VECTOR ( 'NONE', #11960, 1000.000000000000000 ) ;
#1361 = CARTESIAN_POINT ( 'NONE',  ( -7.849999999999999645, -3.000000000000000000, -7.000000000000000000 ) ) ;
#1362 = FILL_AREA_STYLE ('',( #3285 ) ) ;
#1363 = DIRECTION ( 'NONE',  ( 0.000000000000000000, 0.000000000000000000, -1.000000000000000000 ) ) ;
#1364 = AXIS2_PLACEMENT_3D ( 'NONE', #5546, #11267, #742 ) ;
#1365 = CARTESIAN_POINT ( 'NONE',  ( 10.11464466094068015, 21.19798000000000116, 7.250000000000000000 ) ) ;
#1366 = DIRECTION ( 'NONE',  ( 0.000000000000000000, 0.000000000000000000, 1.000000000000000000 ) ) ;
#1367 = CARTESIAN_POINT ( 'NONE',  ( -7.500000000000000000, 6.499999999999929834, -1.125000000000000000 ) ) ;
#1368 = DIRECTION ( 'NONE',  ( 0.8660254037844431485, 0.4999999999999921174, 0.000000000000000000 ) ) ;
#1369 = DIRECTION ( 'NONE',  ( -1.000000000000000000, 0.000000000000000000, 0.000000000000000000 ) ) ;
#1370 = MECHANICAL_DESIGN_GEOMETRIC_PRESENTATION_REPRESENTATION (  '', ( #7978 ), #9971 ) ;
#1371 = AXIS2_PLACEMENT_3D ( 'NONE', #11564, #9697, #5842 ) ;
#1372 = CLOSED_SHELL ( 'NONE', ( #1420, #9004, #6964, #5116, #8159, #2352, #5671, #8935 ) ) ;
#1373 = ORIENTED_EDGE ( 'NONE', *, *, #9511, .F. ) ;
#1374 = SURFACE_STYLE_FILL_AREA ( #5039 ) ;
#1375 = FACE_OUTER_BOUND ( 'NONE', #3903, .T. ) ;
#1376 = EDGE_CURVE ( 'NONE', #5466, #2348, #389, .T. ) ;
#1377 =( NAMED_UNIT ( * ) PLANE_ANGLE_UNIT ( ) SI_UNIT ( $, .RADIAN. ) );
#1378 = DIRECTION ( 'NONE',  ( 0.000000000000000000, -1.000000000000000000, 0.000000000000000000 ) ) ;
#1379 = UNCERTAINTY_MEASURE_WITH_UNIT (LENGTH_MEASURE( 1.000000000000000082E-05 ), #6032, 'distance_accuracy_value', 'NONE');
#1380 = FILL_AREA_STYLE_COLOUR ( '', #9769 ) ;
#1381 = TOROIDAL_SURFACE ( 'NONE', #7585, 7.250000000000000000, 0.05000000000000000278 ) ;
#1382 = CARTESIAN_POINT ( 'NONE',  ( -10.11219725895064059, 21.19999999999999929, 7.263125500384349564 ) ) ;
#1383 = CARTESIAN_POINT ( 'NONE',  ( 10.14999999999999858, 1.000000000000000000, -2.699999999999950440 ) ) ;
#1384 = ORIENTED_EDGE ( 'NONE', *, *, #450, .F. ) ;
#1385 = UNCERTAINTY_MEASURE_WITH_UNIT (LENGTH_MEASURE( 1.000000000000000082E-05 ), #12320, 'distance_accuracy_value', 'NONE');
#1386 = DIRECTION ( 'NONE',  ( 1.000000000000000000, 0.000000000000000000, 0.000000000000000000 ) ) ;
#1387 = ORIENTED_EDGE ( 'NONE', *, *, #554, .T. ) ;
#1388 = VECTOR ( 'NONE', #2119, 1000.000000000000000 ) ;
#1389 = CARTESIAN_POINT ( 'NONE',  ( 2.000000000000000000, 1.649999999999999911, 5.100000000000000533 ) ) ;
#1390 = DIRECTION ( 'NONE',  ( 1.000000000000000000, 0.000000000000000000, 0.000000000000000000 ) ) ;
#1391 = AXIS2_PLACEMENT_3D ( 'NONE', #9917, #4327, #11208 ) ;
#1392 = DIRECTION ( 'NONE',  ( 0.000000000000000000, 0.000000000000000000, 1.000000000000000000 ) ) ;
#1393 = ADVANCED_FACE ( 'NONE', ( #6153 ), #2506, .F. ) ;
#1394 = SURFACE_STYLE_USAGE ( .BOTH. , #8975 ) ;
#1395 = CARTESIAN_POINT ( 'NONE',  ( -2.149999999999999911, 0.5500000000000000444, -8.000000000000000000 ) ) ;
#1396 = MECHANICAL_DESIGN_GEOMETRIC_PRESENTATION_REPRESENTATION (  '', ( #5385 ), #3375 ) ;
#1397 = CYLINDRICAL_SURFACE ( 'NONE', #11828, 1.600000000000000755 ) ;
#1398 = VECTOR ( 'NONE', #9882, 1000.000000000000000 ) ;
#1399 = ORIENTED_EDGE ( 'NONE', *, *, #3107, .F. ) ;
#1400 = UNCERTAINTY_MEASURE_WITH_UNIT (LENGTH_MEASURE( 1.000000000000000082E-05 ), #10382, 'distance_accuracy_value', 'NONE');
#1401 = VECTOR ( 'NONE', #2206, 1000.000000000000000 ) ;
#1402 = EDGE_LOOP ( 'NONE', ( #10041, #2572 ) ) ;
#1403 = ORIENTED_EDGE ( 'NONE', *, *, #1250, .F. ) ;
#1404 = EDGE_LOOP ( 'NONE', ( #3818, #6639, #2879, #7672 ) ) ;
#1405 = CARTESIAN_POINT ( 'NONE',  ( 0.4500000000000000111, 4.599999999999999645, 6.799999999999999822 ) ) ;
#1406 = ADVANCED_FACE ( 'NONE', ( #4445 ), #10158, .F. ) ;
#1407 = LINE ( 'NONE', #9114, #12266 ) ;
#1408 = VERTEX_POINT ( 'NONE', #943 ) ;
#1409 = FACE_BOUND ( 'NONE', #3593, .T. ) ;
#1410 = AXIS2_PLACEMENT_3D ( 'NONE', #9205, #8081, #6316 ) ;
#1411 = CARTESIAN_POINT ( 'NONE',  ( -3.200000000000000178, 4.640969560236579934E-14, 2.399999999999914646 ) ) ;
#1412 =( LENGTH_UNIT ( ) NAMED_UNIT ( * ) SI_UNIT ( .MILLI., .METRE. ) );
#1413 = SURFACE_STYLE_USAGE ( .BOTH. , #9997 ) ;
#1414 = UNCERTAINTY_MEASURE_WITH_UNIT (LENGTH_MEASURE( 1.000000000000000082E-05 ), #10727, 'distance_accuracy_value', 'NONE');
#1415 = PRESENTATION_LAYER_ASSIGNMENT (  '', '', ( #809 ) ) ;
#1416 = ORIENTED_EDGE ( 'NONE', *, *, #7841, .T. ) ;
#1417 = ADVANCED_FACE ( 'NONE', ( #1811 ), #11705, .F. ) ;
#1418 = EDGE_LOOP ( 'NONE', ( #8204, #7487, #2769, #5587 ) ) ;
#1419 =( NAMED_UNIT ( * ) SI_UNIT ( $, .STERADIAN. ) SOLID_ANGLE_UNIT ( ) );
#1420 = ADVANCED_FACE ( 'NONE', ( #12172 ), #8463, .F. ) ;
#1421 = PLANE ( 'NONE',  #12321 ) ;
#1422 = CARTESIAN_POINT ( 'NONE',  ( 2.000000000000000000, 1.649999999999999911, 5.150000000000000355 ) ) ;
#1423 = FILL_AREA_STYLE_COLOUR ( '', #991 ) ;
#1424 = SURFACE_STYLE_FILL_AREA ( #9131 ) ;
#1425 = FILL_AREA_STYLE_COLOUR ( '', #3631 ) ;
#1426 = PLANE ( 'NONE',  #3728 ) ;
#1427 = SURFACE_SIDE_STYLE ('',( #10130 ) ) ;
#1428 = AXIS2_PLACEMENT_3D ( 'NONE', #6552, #4537, #3780 ) ;
#1429 = VERTEX_POINT ( 'NONE', #8524 ) ;
#1430 = DIRECTION ( 'NONE',  ( -8.182657905550979512E-17, 1.000000000000000000, 0.000000000000000000 ) ) ;
#1431 = DIRECTION ( 'NONE',  ( 0.000000000000000000, 0.000000000000000000, 1.000000000000000000 ) ) ;
#1432 = DIRECTION ( 'NONE',  ( 1.298436238251450266E-29, -1.000000000000000000, -2.414357261555910084E-44 ) ) ;
#1433 = DIRECTION ( 'NONE',  ( 0.000000000000000000, 0.000000000000000000, 1.000000000000000000 ) ) ;
#1434 = LINE ( 'NONE', #8029, #6807 ) ;
#1435 = EDGE_CURVE ( 'NONE', #4058, #700, #7899, .T. ) ;
#1436 = CARTESIAN_POINT ( 'NONE',  ( -10.14999999999999858, 0.9999999999999009681, -4.500000000000000000 ) ) ;
#1437 = FACE_OUTER_BOUND ( 'NONE', #2992, .T. ) ;
#1438 = CIRCLE ( 'NONE', #11853, 0.2500000000000000000 ) ;
#1439 = FACE_OUTER_BOUND ( 'NONE', #8058, .T. ) ;
#1440 = VERTEX_POINT ( 'NONE', #12296 ) ;
#1441 = ADVANCED_FACE ( 'NONE', ( #9474 ), #6638, .T. ) ;
#1442 = EDGE_LOOP ( 'NONE', ( #9844, #4274, #7296, #810 ) ) ;
#1443 =( NAMED_UNIT ( * ) SI_UNIT ( $, .STERADIAN. ) SOLID_ANGLE_UNIT ( ) );
#1444 = ORIENTED_EDGE ( 'NONE', *, *, #11720, .T. ) ;
#1445 = DIRECTION ( 'NONE',  ( 0.000000000000000000, 0.000000000000000000, -1.000000000000000000 ) ) ;
#1446 = SURFACE_SIDE_STYLE ('',( #1507 ) ) ;
#1447 = CARTESIAN_POINT ( 'NONE',  ( -2.850000000000000089, 0.5500000000000000444, -8.500000000000000000 ) ) ;
#1448 = LINE ( 'NONE', #5260, #12275 ) ;
#1449 = COLOUR_RGB ( '',0.2509803921568627416, 0.2509803921568627416, 0.2509803921568627416 ) ;
#1450 = CYLINDRICAL_SURFACE ( 'NONE', #1710, 0.04999999999999991257 ) ;
#1451 = CARTESIAN_POINT ( 'NONE',  ( -10.15000000000014069, 12.77500000000000036, -6.099999999999901057 ) ) ;
#1452 = MECHANICAL_DESIGN_GEOMETRIC_PRESENTATION_REPRESENTATION (  '', ( #1256 ), #5240 ) ;
#1453 = CARTESIAN_POINT ( 'NONE',  ( 2.149999999999999911, 0.5500000000000000444, -4.500000000000000000 ) ) ;
#1454 = PLANE ( 'NONE',  #6567 ) ;
#1455 = FILL_AREA_STYLE ('',( #11809 ) ) ;
#1456 = AXIS2_PLACEMENT_3D ( 'NONE', #4141, #3886, #1222 ) ;
#1457 = SURFACE_STYLE_FILL_AREA ( #10103 ) ;
#1458 = VERTEX_POINT ( 'NONE', #4563 ) ;
#1459 = EDGE_CURVE ( 'NONE', #1697, #6081, #9541, .T. ) ;
#1460 = STYLED_ITEM ( 'NONE', ( #6994 ), #7705 ) ;
#1461 = ORIENTED_EDGE ( 'NONE', *, *, #1870, .F. ) ;
#1462 = ORIENTED_EDGE ( 'NONE', *, *, #11765, .T. ) ;
#1463 = ORIENTED_EDGE ( 'NONE', *, *, #227, .T. ) ;
#1464 = FACE_OUTER_BOUND ( 'NONE', #9084, .T. ) ;
#1465 = EDGE_CURVE ( 'NONE', #5007, #10175, #8401, .T. ) ;
#1466 = ORIENTED_EDGE ( 'NONE', *, *, #4013, .T. ) ;
#1467 = VECTOR ( 'NONE', #6402, 1000.000000000000000 ) ;
#1468 =( NAMED_UNIT ( * ) SI_UNIT ( $, .STERADIAN. ) SOLID_ANGLE_UNIT ( ) );
#1469 = DIRECTION ( 'NONE',  ( 0.000000000000000000, 1.000000000000000000, 0.000000000000000000 ) ) ;
#1470 = CIRCLE ( 'NONE', #10467, 7.200000000000000178 ) ;
#1471 = CARTESIAN_POINT ( 'NONE',  ( 7.849999999999999645, 14.90000000000011937, -9.549747468305820775 ) ) ;
#1472 = CIRCLE ( 'NONE', #867, 0.8999999999999889200 ) ;
#1473 = FACE_OUTER_BOUND ( 'NONE', #10295, .T. ) ;
#1474 = ADVANCED_FACE ( 'NONE', ( #3 ), #3799, .F. ) ;
#1475 = MECHANICAL_DESIGN_GEOMETRIC_PRESENTATION_REPRESENTATION (  '', ( #10262 ), #8083 ) ;
#1476 = ORIENTED_EDGE ( 'NONE', *, *, #718, .T. ) ;
#1477 = ORIENTED_EDGE ( 'NONE', *, *, #4071, .F. ) ;
#1478 = VECTOR ( 'NONE', #2938, 1000.000000000000000 ) ;
#1479 = ORIENTED_EDGE ( 'NONE', *, *, #2469, .F. ) ;
#1480 = DIRECTION ( 'NONE',  ( 0.000000000000000000, 0.000000000000000000, 1.000000000000000000 ) ) ;
#1481 = SURFACE_STYLE_FILL_AREA ( #2533 ) ;
#1482 = DIRECTION ( 'NONE',  ( 0.000000000000000000, -1.000000000000000000, -7.434529182757745592E-15 ) ) ;
#1483 = PLANE ( 'NONE',  #8173 ) ;
#1484 = DIRECTION ( 'NONE',  ( -1.000000000000000000, -4.962700161537330485E-15, -3.766399207573045466E-29 ) ) ;
#1485 = EDGE_CURVE ( 'NONE', #6868, #2297, #3927, .T. ) ;
#1486 = PRESENTATION_LAYER_ASSIGNMENT (  '', '', ( #6069 ) ) ;
#1487 = SURFACE_STYLE_USAGE ( .BOTH. , #9199 ) ;
#1488 = EDGE_CURVE ( 'NONE', #11821, #7857, #6767, .T. ) ;
#1489 = EDGE_CURVE ( 'NONE', #1714, #1519, #7968, .T. ) ;
#1490 = VERTEX_POINT ( 'NONE', #11592 ) ;
#1491 = VECTOR ( 'NONE', #8407, 1000.000000000000000 ) ;
#1492 = AXIS2_PLACEMENT_3D ( 'NONE', #5565, #2813, #4746 ) ;
#1493 = LINE ( 'NONE', #2313, #1818 ) ;
#1494 = CARTESIAN_POINT ( 'NONE',  ( -3.000000000000000000, 1.649999999999999911, 5.100000000000000533 ) ) ;
#1495 = CARTESIAN_POINT ( 'NONE',  ( 7.200000000000000178, 10.00000000000000000, 6.000000000000000000 ) ) ;
#1496 = DIRECTION ( 'NONE',  ( -1.000000000000000000, 0.000000000000000000, 0.000000000000000000 ) ) ;
#1497 = SURFACE_STYLE_USAGE ( .BOTH. , #10083 ) ;
#1498 = CARTESIAN_POINT ( 'NONE',  ( 10.14999999999999858, 21.16219725895064840, 7.263125500384320254 ) ) ;
#1499 = MECHANICAL_DESIGN_GEOMETRIC_PRESENTATION_REPRESENTATION (  '', ( #2686 ), #5084 ) ;
#1500 = DIRECTION ( 'NONE',  ( 1.000000000000000000, 0.000000000000000000, 0.000000000000000000 ) ) ;
#1501 = ADVANCED_FACE ( 'NONE', ( #3057 ), #4057, .T. ) ;
#1502 = ORIENTED_EDGE ( 'NONE', *, *, #426, .F. ) ;
#1503 = ORIENTED_EDGE ( 'NONE', *, *, #9511, .T. ) ;
#1504 = DIRECTION ( 'NONE',  ( 0.000000000000000000, 1.000000000000000000, 3.614007241618349757E-17 ) ) ;
#1505 = ORIENTED_EDGE ( 'NONE', *, *, #8284, .F. ) ;
#1506 = CARTESIAN_POINT ( 'NONE',  ( -0.4500000000000309863, 9.820577136594000223, -1.199999999999999956 ) ) ;
#1507 = SURFACE_STYLE_FILL_AREA ( #4122 ) ;
#1508 =( GEOMETRIC_REPRESENTATION_CONTEXT ( 3 ) GLOBAL_UNCERTAINTY_ASSIGNED_CONTEXT ( ( #4211 ) ) GLOBAL_UNIT_ASSIGNED_CONTEXT ( ( #6114, #7814, #1175 ) ) REPRESENTATION_CONTEXT ( 'NONE', 'WORKASPACE' ) );
#1509 = CARTESIAN_POINT ( 'NONE',  ( 2.149999999999999911, -3.000000000000000000, -8.000000000000000000 ) ) ;
#1510 = CARTESIAN_POINT ( 'NONE',  ( 1.956968149050240413, 13.21379621752035938, 6.799999999999999822 ) ) ;
#1511 = FACE_OUTER_BOUND ( 'NONE', #10633, .T. ) ;
#1512 = SURFACE_SIDE_STYLE ('',( #4440 ) ) ;
#1513 = LINE ( 'NONE', #2566, #8168 ) ;
#1514 = STYLED_ITEM ( 'NONE', ( #731 ), #771 ) ;
#1515 = DIRECTION ( 'NONE',  ( 0.000000000000000000, 0.000000000000000000, -1.000000000000000000 ) ) ;
#1516 = EDGE_LOOP ( 'NONE', ( #9483, #8969, #8893, #7618 ) ) ;
#1517 = UNCERTAINTY_MEASURE_WITH_UNIT (LENGTH_MEASURE( 1.000000000000000082E-05 ), #802, 'distance_accuracy_value', 'NONE');
#1518 = ORIENTED_EDGE ( 'NONE', *, *, #12377, .T. ) ;
#1519 = VERTEX_POINT ( 'NONE', #2933 ) ;
#1520 = AXIS2_PLACEMENT_3D ( 'NONE', #10122, #12018, #9247 ) ;
#1521 = ORIENTED_EDGE ( 'NONE', *, *, #10719, .T. ) ;
#1522 = CARTESIAN_POINT ( 'NONE',  ( 0.4499999999999724776, 12.50000000000000000, -1.199999999999999956 ) ) ;
#1523 = LINE ( 'NONE', #8057, #6856 ) ;
#1524 = VERTEX_POINT ( 'NONE', #11657 ) ;
#1525 = VECTOR ( 'NONE', #7806, 1000.000000000000000 ) ;
#1526 = ADVANCED_FACE ( 'NONE', ( #8647 ), #4869, .T. ) ;
#1527 = COLOUR_RGB ( '',0.2509803921568627416, 0.2509803921568627416, 0.2509803921568627416 ) ;
#1528 = SURFACE_SIDE_STYLE ('',( #10284 ) ) ;
#1529 = PRESENTATION_LAYER_ASSIGNMENT (  '', '', ( #7540 ) ) ;
#1530 = DIRECTION ( 'NONE',  ( -8.182657905550979512E-17, 1.000000000000000000, 0.000000000000000000 ) ) ;
#1531 = CARTESIAN_POINT ( 'NONE',  ( -10.05000000000000071, -1.224646799160395975E-17, 7.500000000000000000 ) ) ;
#1532 = ORIENTED_EDGE ( 'NONE', *, *, #10585, .T. ) ;
#1533 = ORIENTED_EDGE ( 'NONE', *, *, #12376, .F. ) ;
#1534 = VECTOR ( 'NONE', #1484, 1000.000000000000000 ) ;
#1535 = VERTEX_POINT ( 'NONE', #2875 ) ;
#1536 = PRESENTATION_STYLE_ASSIGNMENT (( #6045 ) ) ;
#1537 = DIRECTION ( 'NONE',  ( 1.000000000000000000, 0.000000000000000000, 0.000000000000000000 ) ) ;
#1538 = UNCERTAINTY_MEASURE_WITH_UNIT (LENGTH_MEASURE( 1.000000000000000082E-05 ), #6853, 'distance_accuracy_value', 'NONE');
#1539 = DIRECTION ( 'NONE',  ( 7.532798415146101022E-29, -7.589415207398510528E-15, 1.000000000000000000 ) ) ;
#1540 = ADVANCED_FACE ( 'NONE', ( #6707, #2123 ), #10583, .T. ) ;
#1541 = FACE_BOUND ( 'NONE', #3014, .T. ) ;
#1542 = LINE ( 'NONE', #5356, #10458 ) ;
#1543 = SURFACE_STYLE_FILL_AREA ( #10127 ) ;
#1544 = CARTESIAN_POINT ( 'NONE',  ( 2.149999999999999911, 3.200000000000000178, -8.500000000000000000 ) ) ;
#1545 =( NAMED_UNIT ( * ) SI_UNIT ( $, .STERADIAN. ) SOLID_ANGLE_UNIT ( ) );
#1546 = AXIS2_PLACEMENT_3D ( 'NONE', #3554, #2622, #5265 ) ;
#1547 = EDGE_LOOP ( 'NONE', ( #7811, #2075, #11817, #3009 ) ) ;
#1548 = VECTOR ( 'NONE', #5545, 1000.000000000000000 ) ;
#1549 = ORIENTED_EDGE ( 'NONE', *, *, #10586, .T. ) ;
#1550 = SURFACE_STYLE_USAGE ( .BOTH. , #10132 ) ;
#1551 = VECTOR ( 'NONE', #8326, 1000.000000000000000 ) ;
#1552 = CARTESIAN_POINT ( 'NONE',  ( -7.200000000000000178, 10.00000000000000000, 7.299999999999999822 ) ) ;
#1553 = LINE ( 'NONE', #3658, #8682 ) ;
#1554 = EDGE_CURVE ( 'NONE', #2229, #1643, #9725, .T. ) ;
#1555 = CARTESIAN_POINT ( 'NONE',  ( -3.000000000000000000, 1.649999999999999911, 5.150000000000000355 ) ) ;
#1556 = EDGE_CURVE ( 'NONE', #3995, #9968, #3990, .T. ) ;
#1557 = DIRECTION ( 'NONE',  ( 4.962700161537330485E-15, -1.000000000000000000, -7.589415207398510528E-15 ) ) ;
#1558 = MECHANICAL_DESIGN_GEOMETRIC_PRESENTATION_REPRESENTATION (  '', ( #10360 ), #9782 ) ;
#1559 = DIRECTION ( 'NONE',  ( -3.178365879782598973E-14, 1.000000000000000000, 0.000000000000000000 ) ) ;
#1560 = CARTESIAN_POINT ( 'NONE',  ( 5.349999999999999645, 3.200000000000000178, -8.500000000000000000 ) ) ;
#1561 = VECTOR ( 'NONE', #11708, 1000.000000000000000 ) ;
#1562 = ORIENTED_EDGE ( 'NONE', *, *, #1180, .T. ) ;
#1563 = VERTEX_POINT ( 'NONE', #7098 ) ;
#1564 = LINE ( 'NONE', #9216, #5654 ) ;
#1565 = SURFACE_STYLE_USAGE ( .BOTH. , #10210 ) ;
#1566 = AXIS2_PLACEMENT_3D ( 'NONE', #7669, #8793, #1883 ) ;
#1567 = DIRECTION ( 'NONE',  ( 0.000000000000000000, 0.000000000000000000, 1.000000000000000000 ) ) ;
#1568 = EDGE_CURVE ( 'NONE', #3084, #5123, #10306, .T. ) ;
#1569 = FACE_OUTER_BOUND ( 'NONE', #7904, .T. ) ;
#1570 = EDGE_CURVE ( 'NONE', #8050, #10045, #7217, .T. ) ;
#1571 = CARTESIAN_POINT ( 'NONE',  ( 5.349999999999999645, 0.5500000000000000444, -5.500000000000000000 ) ) ;
#1572 = DIRECTION ( 'NONE',  ( 7.532798415146101022E-29, -7.589415207398510528E-15, 1.000000000000000000 ) ) ;
#1573 = FILL_AREA_STYLE_COLOUR ( '', #1684 ) ;
#1574 = ORIENTED_EDGE ( 'NONE', *, *, #5687, .F. ) ;
#1575 = EDGE_LOOP ( 'NONE', ( #8467, #11680, #7231, #9410 ) ) ;
#1576 = VERTEX_POINT ( 'NONE', #1731 ) ;
#1577 = VERTEX_POINT ( 'NONE', #5480 ) ;
#1578 = LINE ( 'NONE', #4394, #12304 ) ;
#1579 = DIRECTION ( 'NONE',  ( 0.000000000000000000, 1.301042606982603842E-16, -1.000000000000000000 ) ) ;
#1580 = ORIENTED_EDGE ( 'NONE', *, *, #4798, .T. ) ;
#1581 = LINE ( 'NONE', #9297, #258 ) ;
#1582 =( GEOMETRIC_REPRESENTATION_CONTEXT ( 3 ) GLOBAL_UNCERTAINTY_ASSIGNED_CONTEXT ( ( #1853 ) ) GLOBAL_UNIT_ASSIGNED_CONTEXT ( ( #1048, #12407, #10625 ) ) REPRESENTATION_CONTEXT ( 'NONE', 'WORKASPACE' ) );
#1583 = CIRCLE ( 'NONE', #7404, 0.05000000000000056483 ) ;
#1584 =( LENGTH_UNIT ( ) NAMED_UNIT ( * ) SI_UNIT ( .MILLI., .METRE. ) );
#1585 = PRODUCT_DEFINITION ( 'UNKNOWN', '', #3804, #2384 ) ;
#1586 = VECTOR ( 'NONE', #6864, 1000.000000000000000 ) ;
#1587 = PRESENTATION_STYLE_ASSIGNMENT (( #710 ) ) ;
#1588 =( NAMED_UNIT ( * ) PLANE_ANGLE_UNIT ( ) SI_UNIT ( $, .RADIAN. ) );
#1589 = ORIENTED_EDGE ( 'NONE', *, *, #7144, .T. ) ;
#1590 = EDGE_CURVE ( 'NONE', #11437, #1910, #2320, .T. ) ;
#1591 = EDGE_LOOP ( 'NONE', ( #9847, #4976, #683, #793 ) ) ;
#1592 = CARTESIAN_POINT ( 'NONE',  ( -7.200000000000000178, 10.00000000000000000, 7.250000000000000000 ) ) ;
#1593 = VECTOR ( 'NONE', #31, 1000.000000000000000 ) ;
#1594 = ORIENTED_EDGE ( 'NONE', *, *, #7860, .F. ) ;
#1595 = CARTESIAN_POINT ( 'NONE',  ( -3.000000000000000000, 1.649999999999999911, 5.150000000000000355 ) ) ;
#1596 = DIRECTION ( 'NONE',  ( 0.000000000000000000, -1.000000000000000000, -2.414357261555910084E-44 ) ) ;
#1597 = CARTESIAN_POINT ( 'NONE',  ( 8.400000000000000355, 8.599999999999999645, -4.599999999999999645 ) ) ;
#1598 = DIRECTION ( 'NONE',  ( 1.000000000000000000, 8.182657905550979512E-17, 0.000000000000000000 ) ) ;
#1599 = CARTESIAN_POINT ( 'NONE',  ( -1.956968149050240413, 13.21379621752035938, 6.799999999999999822 ) ) ;
#1600 = SURFACE_STYLE_FILL_AREA ( #10186 ) ;
#1601 = CARTESIAN_POINT ( 'NONE',  ( 10.12617993877991474, 21.15488155364688083, 7.299999999999999822 ) ) ;
#1602 = VECTOR ( 'NONE', #9721, 1000.000000000000000 ) ;
#1603 = CARTESIAN_POINT ( 'NONE',  ( 2.850000000000000089, 0.5500000000000000444, -8.000000000000000000 ) ) ;
#1604 = MECHANICAL_DESIGN_GEOMETRIC_PRESENTATION_REPRESENTATION (  '', ( #2408 ), #7024 ) ;
#1605 = EDGE_CURVE ( 'NONE', #12319, #4417, #8963, .T. ) ;
#1606 = STYLED_ITEM ( 'NONE', ( #7187 ), #1062 ) ;
#1607 = ORIENTED_EDGE ( 'NONE', *, *, #11023, .F. ) ;
#1608 = EDGE_LOOP ( 'NONE', ( #5928, #7431 ) ) ;
#1609 = SURFACE_STYLE_FILL_AREA ( #11197 ) ;
#1610 = ADVANCED_FACE ( 'NONE', ( #1439 ), #366, .F. ) ;
#1611 = SURFACE_STYLE_FILL_AREA ( #3418 ) ;
#1612 = DIRECTION ( 'NONE',  ( -3.942553354492745404E-15, -2.414357261555910084E-44, -1.000000000000000000 ) ) ;
#1613 = VECTOR ( 'NONE', #5436, 1000.000000000000000 ) ;
#1614 = DIRECTION ( 'NONE',  ( -1.000000000000000000, -2.168404344971010101E-16, 0.000000000000000000 ) ) ;
#1615 = CARTESIAN_POINT ( 'NONE',  ( 7.349999999999999645, 2.700000000000000178, 1.500000000000000000 ) ) ;
#1616 = DIRECTION ( 'NONE',  ( 9.843573744019160371E-15, -1.000000000000000000, -7.589415207398510528E-15 ) ) ;
#1617 = FILL_AREA_STYLE_COLOUR ( '', #6914 ) ;
#1618 = PLANE ( 'NONE',  #5185 ) ;
#1619 = STYLED_ITEM ( 'NONE', ( #2917 ), #10582 ) ;
#1620 = ORIENTED_EDGE ( 'NONE', *, *, #3911, .T. ) ;
#1621 = VERTEX_POINT ( 'NONE', #8093 ) ;
#1622 = EDGE_CURVE ( 'NONE', #9819, #240, #11814, .T. ) ;
#1623 = CIRCLE ( 'NONE', #6231, 0.5000000000000004441 ) ;
#1624 = CARTESIAN_POINT ( 'NONE',  ( 7.500000000000000000, 0.000000000000000000, 0.8903805922287399977 ) ) ;
#1625 = DIRECTION ( 'NONE',  ( 0.000000000000000000, 1.000000000000000000, 0.000000000000000000 ) ) ;
#1626 = ADVANCED_FACE ( 'NONE', ( #2597 ), #10839, .T. ) ;
#1627 = SURFACE_STYLE_FILL_AREA ( #3548 ) ;
#1628 = LINE ( 'NONE', #1805, #7087 ) ;
#1629 = PLANE ( 'NONE',  #3302 ) ;
#1630 = DIRECTION ( 'NONE',  ( -1.000000000000000000, -2.168404344971010101E-16, 0.000000000000000000 ) ) ;
#1631 =( NAMED_UNIT ( * ) SI_UNIT ( $, .STERADIAN. ) SOLID_ANGLE_UNIT ( ) );
#1632 = MECHANICAL_DESIGN_GEOMETRIC_PRESENTATION_REPRESENTATION (  '', ( #2018 ), #5811 ) ;
#1633 = STYLED_ITEM ( 'NONE', ( #10125 ), #2615 ) ;
#1634 = DIRECTION ( 'NONE',  ( -2.168404344970880185E-16, -1.000000000000000000, 8.064012112477930683E-31 ) ) ;
#1635 = FILL_AREA_STYLE ('',( #11992 ) ) ;
#1636 = DIRECTION ( 'NONE',  ( 0.000000000000000000, 0.000000000000000000, -1.000000000000000000 ) ) ;
#1637 = ORIENTED_EDGE ( 'NONE', *, *, #7411, .T. ) ;
#1638 = EDGE_CURVE ( 'NONE', #12015, #10995, #11792, .T. ) ;
#1639 = EDGE_CURVE ( 'NONE', #8988, #10388, #4530, .T. ) ;
#1640 = ORIENTED_EDGE ( 'NONE', *, *, #6309, .T. ) ;
#1641 = ORIENTED_EDGE ( 'NONE', *, *, #7361, .F. ) ;
#1642 = VECTOR ( 'NONE', #12258, 1000.000000000000000 ) ;
#1643 = VERTEX_POINT ( 'NONE', #10970 ) ;
#1644 = PLANE ( 'NONE',  #2293 ) ;
#1645 = VECTOR ( 'NONE', #47, 1000.000000000000000 ) ;
#1646 = DIRECTION ( 'NONE',  ( 0.000000000000000000, 7.434529182757750325E-15, -1.000000000000000000 ) ) ;
#1647 = FILL_AREA_STYLE_COLOUR ( '', #6554 ) ;
#1648 = DIRECTION ( 'NONE',  ( 7.870573118402810728E-29, -7.930164461608261228E-15, 1.000000000000000000 ) ) ;
#1649 = CIRCLE ( 'NONE', #10249, 0.2500000000000002220 ) ;
#1650 = LINE ( 'NONE', #5458, #3152 ) ;
#1651 =( GEOMETRIC_REPRESENTATION_CONTEXT ( 3 ) GLOBAL_UNCERTAINTY_ASSIGNED_CONTEXT ( ( #6949 ) ) GLOBAL_UNIT_ASSIGNED_CONTEXT ( ( #10936, #10869, #8119 ) ) REPRESENTATION_CONTEXT ( 'NONE', 'WORKASPACE' ) );
#1652 = SURFACE_SIDE_STYLE ('',( #5461 ) ) ;
#1653 = EDGE_CURVE ( 'NONE', #115, #5716, #2375, .T. ) ;
#1654 = ORIENTED_EDGE ( 'NONE', *, *, #10834, .F. ) ;
#1655 = VERTEX_POINT ( 'NONE', #3364 ) ;
#1656 = EDGE_LOOP ( 'NONE', ( #1024, #9906, #5072, #1594 ) ) ;
#1657 = CARTESIAN_POINT ( 'NONE',  ( -6.251007244774430482, 15.61114145480039817, 0.5500000000000290212 ) ) ;
#1658 = EDGE_LOOP ( 'NONE', ( #9606, #4121, #11554, #5827 ) ) ;
#1659 = PRESENTATION_LAYER_ASSIGNMENT (  '', '', ( #2054 ) ) ;
#1660 = CARTESIAN_POINT ( 'NONE',  ( -2.850000000000000089, 3.200000000000000178, -8.500000000000000000 ) ) ;
#1661 = FACE_OUTER_BOUND ( 'NONE', #3879, .T. ) ;
#1662 = DIRECTION ( 'NONE',  ( 1.000000000000000000, 0.000000000000000000, 0.000000000000000000 ) ) ;
#1663 = PLANE ( 'NONE',  #1141 ) ;
#1664 = MECHANICAL_DESIGN_GEOMETRIC_PRESENTATION_REPRESENTATION (  '', ( #6873 ), #11490 ) ;
#1665 = AXIS2_PLACEMENT_3D ( 'NONE', #9992, #7869, #8995 ) ;
#1666 = VECTOR ( 'NONE', #10451, 1000.000000000000000 ) ;
#1667 = CARTESIAN_POINT ( 'NONE',  ( 2.149999999999999911, -3.000000000000000000, -7.500000000000000000 ) ) ;
#1668 = ORIENTED_EDGE ( 'NONE', *, *, #633, .F. ) ;
#1669 = ORIENTED_EDGE ( 'NONE', *, *, #6289, .F. ) ;
#1670 = SURFACE_SIDE_STYLE ('',( #10196 ) ) ;
#1671 = AXIS2_PLACEMENT_3D ( 'NONE', #11910, #7023, #5113 ) ;
#1672 = SURFACE_STYLE_FILL_AREA ( #3657 ) ;
#1673 = LINE ( 'NONE', #9447, #7000 ) ;
#1674 = LINE ( 'NONE', #3599, #5915 ) ;
#1675 = COLOUR_RGB ( '',0.6666666666666666297, 0.6980392156862744724, 0.7686274509803920907 ) ;
#1676 = PLANE ( 'NONE',  #4940 ) ;
#1677 = EDGE_CURVE ( 'NONE', #1224, #8406, #7442, .T. ) ;
#1678 = CARTESIAN_POINT ( 'NONE',  ( 2.755890891981089956E-14, 6.500000000000000000, -1.199999999999999956 ) ) ;
#1679 = DIRECTION ( 'NONE',  ( 0.000000000000000000, 0.000000000000000000, -1.000000000000000000 ) ) ;
#1680 = CARTESIAN_POINT ( 'NONE',  ( 3.200000000000000178, 0.000000000000000000, 7.299999999999999822 ) ) ;
#1681 = ORIENTED_EDGE ( 'NONE', *, *, #12221, .T. ) ;
#1682 = ORIENTED_EDGE ( 'NONE', *, *, #132, .F. ) ;
#1683 = STYLED_ITEM ( 'NONE', ( #3268 ), #8369 ) ;
#1684 = COLOUR_RGB ( '',0.2509803921568627416, 0.2509803921568627416, 0.2509803921568627416 ) ;
#1685 =( NAMED_UNIT ( * ) PLANE_ANGLE_UNIT ( ) SI_UNIT ( $, .RADIAN. ) );
#1686 = CIRCLE ( 'NONE', #8698, 7.299999999999999822 ) ;
#1687 = DIRECTION ( 'NONE',  ( -0.7071067811865444641, 0.000000000000000000, 0.7071067811865505703 ) ) ;
#1688 = DIRECTION ( 'NONE',  ( 1.000000000000000000, 0.000000000000000000, 0.000000000000000000 ) ) ;
#1689 = DIRECTION ( 'NONE',  ( 1.000000000000000000, 1.031457201932155075E-14, 0.000000000000000000 ) ) ;
#1690 = LINE ( 'NONE', #1806, #8932 ) ;
#1691 = DIRECTION ( 'NONE',  ( -0.9063077870366494926, 0.4226182617407002740, 0.000000000000000000 ) ) ;
#1692 = EDGE_CURVE ( 'NONE', #8330, #10549, #5121, .T. ) ;
#1693 = CARTESIAN_POINT ( 'NONE',  ( -7.849999999999999645, 0.5500000000000000444, -8.000000000000000000 ) ) ;
#1694 = DIRECTION ( 'NONE',  ( 1.000000000000000000, 0.000000000000000000, -5.782411586589324901E-15 ) ) ;
#1695 =( LENGTH_UNIT ( ) NAMED_UNIT ( * ) SI_UNIT ( .MILLI., .METRE. ) );
#1696 = VERTEX_POINT ( 'NONE', #2661 ) ;
#1697 = VERTEX_POINT ( 'NONE', #6491 ) ;
#1698 = EDGE_LOOP ( 'NONE', ( #8304, #1138, #6657, #12148 ) ) ;
#1699 = COLOUR_RGB ( '',0.2509803921568627416, 0.2509803921568627416, 0.2509803921568627416 ) ;
#1700 = EDGE_LOOP ( 'NONE', ( #586, #2033, #3732, #8717 ) ) ;
#1701 = FACE_OUTER_BOUND ( 'NONE', #3747, .T. ) ;
#1702 = CARTESIAN_POINT ( 'NONE',  ( -2.850000000000000089, 0.5500000000000000444, -4.500000000000000000 ) ) ;
#1703 = STYLED_ITEM ( 'NONE', ( #4684 ), #4322 ) ;
#1704 = CARTESIAN_POINT ( 'NONE',  ( 4.396574867224600780, 10.08002995006780012, 6.799999999999999822 ) ) ;
#1705 = EDGE_CURVE ( 'NONE', #3281, #6442, #792, .T. ) ;
#1706 = DIRECTION ( 'NONE',  ( 0.000000000000000000, 0.000000000000000000, 1.000000000000000000 ) ) ;
#1707 = EDGE_CURVE ( 'NONE', #4548, #2642, #6075, .T. ) ;
#1708 =( NAMED_UNIT ( * ) SI_UNIT ( $, .STERADIAN. ) SOLID_ANGLE_UNIT ( ) );
#1709 = FILL_AREA_STYLE ('',( #10288 ) ) ;
#1710 = AXIS2_PLACEMENT_3D ( 'NONE', #5261, #9100, #3491 ) ;
#1711 = DIRECTION ( 'NONE',  ( 5.782411586589330423E-15, 2.414357261555910084E-44, 1.000000000000000000 ) ) ;
#1712 = VECTOR ( 'NONE', #1721, 1000.000000000000000 ) ;
#1713 = EDGE_LOOP ( 'NONE', ( #824, #7369, #5069, #9893 ) ) ;
#1714 = VERTEX_POINT ( 'NONE', #6200 ) ;
#1715 = VERTEX_POINT ( 'NONE', #1383 ) ;
#1716 = DIRECTION ( 'NONE',  ( 3.718869191154470885E-15, 2.414357261555910084E-44, 1.000000000000000000 ) ) ;
#1717 = PRESENTATION_LAYER_ASSIGNMENT (  '', '', ( #1514 ) ) ;
#1718 = ADVANCED_FACE ( 'NONE', ( #10020 ), #9092, .T. ) ;
#1719 = ORIENTED_EDGE ( 'NONE', *, *, #5659, .T. ) ;
#1720 = LINE ( 'NONE', #11182, #9024 ) ;
#1721 = DIRECTION ( 'NONE',  ( 0.000000000000000000, 0.000000000000000000, -1.000000000000000000 ) ) ;
#1722 = LINE ( 'NONE', #910, #4620 ) ;
#1723 = SURFACE_STYLE_USAGE ( .BOTH. , #11314 ) ;
#1724 = ADVANCED_FACE ( 'NONE', ( #2960 ), #11383, .T. ) ;
#1725 = CARTESIAN_POINT ( 'NONE',  ( 10.09999999999999964, 21.14999999999999858, 7.297979999999999912 ) ) ;
#1726 =( NAMED_UNIT ( * ) SI_UNIT ( $, .STERADIAN. ) SOLID_ANGLE_UNIT ( ) );
#1727 = FILL_AREA_STYLE ('',( #5535 ) ) ;
#1728 = UNCERTAINTY_MEASURE_WITH_UNIT (LENGTH_MEASURE( 1.000000000000000082E-05 ), #11155, 'distance_accuracy_value', 'NONE');
#1729 = CARTESIAN_POINT ( 'NONE',  ( 5.410704217613820255, 11.60329263950301915, -1.199999999999999956 ) ) ;
#1730 = CARTESIAN_POINT ( 'NONE',  ( -2.000000000000000000, -2.401009032218150097, 5.150000000000000355 ) ) ;
#1731 = CARTESIAN_POINT ( 'NONE',  ( -1.650000000000039879, 3.200000000000000178, -6.200000000000000178 ) ) ;
#1732 = ORIENTED_EDGE ( 'NONE', *, *, #554, .F. ) ;
#1733 = EDGE_LOOP ( 'NONE', ( #1891, #5813, #8665, #5010 ) ) ;
#1734 = PLANE ( 'NONE',  #9398 ) ;
#1735 = FACE_OUTER_BOUND ( 'NONE', #9189, .T. ) ;
#1736 = PRESENTATION_STYLE_ASSIGNMENT (( #8264 ) ) ;
#1737 = CARTESIAN_POINT ( 'NONE',  ( 2.000000000000000000, 1.699999999999999956, 5.500000000000000000 ) ) ;
#1738 = CARTESIAN_POINT ( 'NONE',  ( 3.200000000000000178, 0.000000000000000000, -17.80452084174450178 ) ) ;
#1739 = DIRECTION ( 'NONE',  ( 0.000000000000000000, -1.000000000000000000, -7.589415207398527883E-15 ) ) ;
#1740 = DIRECTION ( 'NONE',  ( 0.000000000000000000, 0.000000000000000000, -1.000000000000000000 ) ) ;
#1741 = ORIENTED_EDGE ( 'NONE', *, *, #1705, .F. ) ;
#1742 = VERTEX_POINT ( 'NONE', #1040 ) ;
#1743 = CARTESIAN_POINT ( 'NONE',  ( 8.550000000000000711, 17.89999999999999858, -11.24999999999986144 ) ) ;
#1744 = ADVANCED_FACE ( 'NONE', ( #37 ), #10371, .F. ) ;
#1745 = VERTEX_POINT ( 'NONE', #2848 ) ;
#1746 = DIRECTION ( 'NONE',  ( 0.000000000000000000, 7.589415207398510528E-15, -1.000000000000000000 ) ) ;
#1747 = CARTESIAN_POINT ( 'NONE',  ( -10.05000000000000071, 8.599999999999999645, 7.500000000000000000 ) ) ;
#1748 = DIRECTION ( 'NONE',  ( 1.000000000000000000, -2.409338161078775428E-16, -3.718869191154470885E-15 ) ) ;
#1749 = LINE ( 'NONE', #4623, #6148 ) ;
#1750 = DIRECTION ( 'NONE',  ( 3.718869191154470885E-15, 2.414357261555910084E-44, 1.000000000000000000 ) ) ;
#1751 = DIRECTION ( 'NONE',  ( 0.000000000000000000, 0.000000000000000000, -1.000000000000000000 ) ) ;
#1752 = ORIENTED_EDGE ( 'NONE', *, *, #2374, .F. ) ;
#1754 = ORIENTED_EDGE ( 'NONE', *, *, #3805, .T. ) ;
#1753 = AXIS2_PLACEMENT_3D ( 'NONE', #1471, #9119, #8183 ) ;
#1755 = EDGE_LOOP ( 'NONE', ( #6158, #9496, #1203, #7385 ) ) ;
#1756 = EDGE_CURVE ( 'NONE', #1011, #10843, #11626, .T. ) ;
#1757 = ORIENTED_EDGE ( 'NONE', *, *, #8003, .F. ) ;
#1758 =( NAMED_UNIT ( * ) PLANE_ANGLE_UNIT ( ) SI_UNIT ( $, .RADIAN. ) );
#1759 = CIRCLE ( 'NONE', #10364, 0.4999999999999995559 ) ;
#1760 = UNCERTAINTY_MEASURE_WITH_UNIT (LENGTH_MEASURE( 1.000000000000000082E-05 ), #1695, 'distance_accuracy_value', 'NONE');
#1761 = DIRECTION ( 'NONE',  ( 0.000000000000000000, 0.000000000000000000, -1.000000000000000000 ) ) ;
#1762 = DIRECTION ( 'NONE',  ( 1.000000000000000000, 0.000000000000000000, 0.000000000000000000 ) ) ;
#1763 = DIRECTION ( 'NONE',  ( -1.000000000000000000, 0.000000000000000000, 0.000000000000000000 ) ) ;
#1764 = COLOUR_RGB ( '',0.2509803921568627416, 0.2509803921568627416, 0.2509803921568627416 ) ;
#1765 = FILL_AREA_STYLE_COLOUR ( '', #10762 ) ;
#1766 = VECTOR ( 'NONE', #9935, 1000.000000000000000 ) ;
#1767 = FACE_OUTER_BOUND ( 'NONE', #8619, .T. ) ;
#1768 = ORIENTED_EDGE ( 'NONE', *, *, #5237, .F. ) ;
#1769 = ORIENTED_EDGE ( 'NONE', *, *, #11118, .F. ) ;
#1770 = EDGE_CURVE ( 'NONE', #7605, #7117, #4901, .T. ) ;
#1771 = ORIENTED_EDGE ( 'NONE', *, *, #6845, .T. ) ;
#1772 = DIRECTION ( 'NONE',  ( 0.4999999999999998890, 0.8660254037844387076, 0.000000000000000000 ) ) ;
#1773 = DIRECTION ( 'NONE',  ( -8.182657905550979512E-17, 1.000000000000000000, 0.000000000000000000 ) ) ;
#1774 = ORIENTED_EDGE ( 'NONE', *, *, #132, .T. ) ;
#1775 = DIRECTION ( 'NONE',  ( 9.757819552369535173E-15, -1.000000000000000000, -7.589415207398527883E-15 ) ) ;
#1776 = CARTESIAN_POINT ( 'NONE',  ( 2.603424410659469945, 9.923149613122019375, -1.199999999999999956 ) ) ;
#1777 = CIRCLE ( 'NONE', #4166, 1.750000000000001554 ) ;
#1778 = PLANE ( 'NONE',  #4223 ) ;
#1779 = CARTESIAN_POINT ( 'NONE',  ( -1.575435743013965162, 7.525688402361390139, -1.199999999999999956 ) ) ;
#1780 = FACE_BOUND ( 'NONE', #4008, .T. ) ;
#1781 = DIRECTION ( 'NONE',  ( 0.000000000000000000, 0.000000000000000000, 1.000000000000000000 ) ) ;
#1782 = CARTESIAN_POINT ( 'NONE',  ( 7.849999999999999645, 0.5500000000000000444, -8.000000000000000000 ) ) ;
#1783 = DIRECTION ( 'NONE',  ( -0.4226182617406998299, 0.9063077870366497146, 0.000000000000000000 ) ) ;
#1784 = CYLINDRICAL_SURFACE ( 'NONE', #6976, 0.5000000000000004441 ) ;
#1785 = LINE ( 'NONE', #5787, #10729 ) ;
#1786 = COLOUR_RGB ( '',0.2509803921568627416, 0.2509803921568627416, 0.2509803921568627416 ) ;
#1787 = EDGE_CURVE ( 'NONE', #12194, #932, #9760, .T. ) ;
#1788 = EDGE_CURVE ( 'NONE', #8332, #5803, #154, .T. ) ;
#1789 = ORIENTED_EDGE ( 'NONE', *, *, #6031, .F. ) ;
#1790 = AXIS2_PLACEMENT_3D ( 'NONE', #6259, #9271, #10085 ) ;
#1791 = ORIENTED_EDGE ( 'NONE', *, *, #10764, .T. ) ;
#1792 = SURFACE_SIDE_STYLE ('',( #1672 ) ) ;
#1793 = LINE ( 'NONE', #6432, #3975 ) ;
#1794 = CARTESIAN_POINT ( 'NONE',  ( -2.475435743014004597, 8.425688402361450002, -1.199999999999999956 ) ) ;
#1795 = PRESENTATION_STYLE_ASSIGNMENT (( #3479 ) ) ;
#1796 = SURFACE_SIDE_STYLE ('',( #8566 ) ) ;
#1797 = LINE ( 'NONE', #9452, #7180 ) ;
#1798 = LINE ( 'NONE', #5675, #11740 ) ;
#1799 = FILL_AREA_STYLE_COLOUR ( '', #4891 ) ;
#1800 = ORIENTED_EDGE ( 'NONE', *, *, #11521, .T. ) ;
#1801 = EDGE_CURVE ( 'NONE', #3079, #6097, #3425, .T. ) ;
#1802 = CARTESIAN_POINT ( 'NONE',  ( 10.34999999999999964, 8.900000000000000355, 7.299999999999999822 ) ) ;
#1803 = ORIENTED_EDGE ( 'NONE', *, *, #4426, .F. ) ;
#1804 = CARTESIAN_POINT ( 'NONE',  ( 0.4499999999999864664, 8.400000000000000355, -1.199999999999999956 ) ) ;
#1805 = CARTESIAN_POINT ( 'NONE',  ( 5.349999999999999645, 0.5500000000000000444, -8.500000000000000000 ) ) ;
#1806 = CARTESIAN_POINT ( 'NONE',  ( -3.000000000000000000, 1.899999999999999911, 5.500000000000000000 ) ) ;
#1807 = DIRECTION ( 'NONE',  ( 1.000000000000000000, 0.000000000000000000, 0.000000000000000000 ) ) ;
#1808 = DIRECTION ( 'NONE',  ( 1.000000000000000000, -9.238997267914360437E-30, 3.491481338843135327E-15 ) ) ;
#1809 = EDGE_CURVE ( 'NONE', #9185, #11511, #2672, .T. ) ;
#1810 = COLOUR_RGB ( '',0.2509803921568627416, 0.2509803921568627416, 0.2509803921568627416 ) ;
#1811 = FACE_OUTER_BOUND ( 'NONE', #1733, .T. ) ;
#1812 = EDGE_LOOP ( 'NONE', ( #4703, #1357, #9231, #324 ) ) ;
#1813 = VERTEX_POINT ( 'NONE', #6383 ) ;
#1814 = VERTEX_POINT ( 'NONE', #1560 ) ;
#1815 = ORIENTED_EDGE ( 'NONE', *, *, #10536, .F. ) ;
#1816 = FILL_AREA_STYLE_COLOUR ( '', #2483 ) ;
#1817 = FACE_OUTER_BOUND ( 'NONE', #6012, .T. ) ;
#1818 = VECTOR ( 'NONE', #8145, 1000.000000000000000 ) ;
#1819 = PRESENTATION_STYLE_ASSIGNMENT (( #2578 ) ) ;
#1820 = MECHANICAL_DESIGN_GEOMETRIC_PRESENTATION_REPRESENTATION (  '', ( #1633 ), #11447 ) ;
#1821 = CARTESIAN_POINT ( 'NONE',  ( -4.265774538051229747, 9.147983018184300263, -1.199999999999999956 ) ) ;
#1822 = ADVANCED_FACE ( 'NONE', ( #3362 ), #1618, .F. ) ;
#1823 = DIRECTION ( 'NONE',  ( 0.000000000000000000, 0.000000000000000000, 1.000000000000000000 ) ) ;
#1824 = EDGE_LOOP ( 'NONE', ( #8968, #2455, #8540, #2494 ) ) ;
#1825 = ORIENTED_EDGE ( 'NONE', *, *, #5990, .F. ) ;
#1826 = EDGE_LOOP ( 'NONE', ( #5966, #11497, #2472, #598 ) ) ;
#1827 = EDGE_CURVE ( 'NONE', #4569, #1440, #2492, .T. ) ;
#1828 = ORIENTED_EDGE ( 'NONE', *, *, #9201, .T. ) ;
#1829 = SURFACE_STYLE_FILL_AREA ( #1896 ) ;
#1830 = ORIENTED_EDGE ( 'NONE', *, *, #8354, .T. ) ;
#1831 = PLANE ( 'NONE',  #2812 ) ;
#1832 = DIRECTION ( 'NONE',  ( -1.000000000000000000, 0.000000000000000000, -3.491481338843135327E-15 ) ) ;
#1833 = LINE ( 'NONE', #9630, #3775 ) ;
#1834 = AXIS2_PLACEMENT_3D ( 'NONE', #5760, #11539, #7721 ) ;
#1835 = DIRECTION ( 'NONE',  ( 1.000000000000000000, 0.000000000000000000, 0.000000000000000000 ) ) ;
#1836 = VECTOR ( 'NONE', #4788, 1000.000000000000000 ) ;
#1837 = DIRECTION ( 'NONE',  ( 0.000000000000000000, 1.000000000000000000, 0.000000000000000000 ) ) ;
#1838 = CARTESIAN_POINT ( 'NONE',  ( -10.14999999999999858, 21.16464466094064889, 7.250000000000000000 ) ) ;
#1839 = DIRECTION ( 'NONE',  ( 0.4999999999999998890, 0.8660254037844387076, 0.000000000000000000 ) ) ;
#1840 = EDGE_CURVE ( 'NONE', #10131, #1408, #6322, .T. ) ;
#1841 = SURFACE_STYLE_FILL_AREA ( #9437 ) ;
#1842 = CARTESIAN_POINT ( 'NONE',  ( -10.15000000000017977, 17.02499999999999858, -6.099999999999869971 ) ) ;
#1843 = AXIS2_PLACEMENT_3D ( 'NONE', #7866, #6731, #8673 ) ;
#1844 = ORIENTED_EDGE ( 'NONE', *, *, #8990, .T. ) ;
#1845 = VERTEX_POINT ( 'NONE', #8268 ) ;
#1846 = CARTESIAN_POINT ( 'NONE',  ( 1.649999999999999911, 9.819189486661180344E-16, -8.849999999999999645 ) ) ;
#1847 = DIRECTION ( 'NONE',  ( 0.000000000000000000, 0.000000000000000000, 1.000000000000000000 ) ) ;
#1848 = LINE ( 'NONE', #9265, #9745 ) ;
#1849 = CYLINDRICAL_SURFACE ( 'NONE', #55, 0.7999999999999994893 ) ;
#1850 = DIRECTION ( 'NONE',  ( -1.000000000000000000, -2.168404344971010101E-16, 0.000000000000000000 ) ) ;
#1851 = AXIS2_PLACEMENT_3D ( 'NONE', #8297, #1648, #591 ) ;
#1852 = EDGE_CURVE ( 'NONE', #4116, #7035, #2394, .T. ) ;
#1853 = UNCERTAINTY_MEASURE_WITH_UNIT (LENGTH_MEASURE( 1.000000000000000082E-05 ), #1048, 'distance_accuracy_value', 'NONE');
#1854 = EDGE_CURVE ( 'NONE', #9968, #4119, #7409, .T. ) ;
#1855 = VECTOR ( 'NONE', #9904, 1000.000000000000000 ) ;
#1856 = CARTESIAN_POINT ( 'NONE',  ( -10.05000000000022098, 21.19999999999999929, -17.80452084174450178 ) ) ;
#1857 = CARTESIAN_POINT ( 'NONE',  ( -3.254858606419989808, 7.075688402361460128, 6.799999999999999822 ) ) ;
#1858 = AXIS2_PLACEMENT_3D ( 'NONE', #6587, #1711, #10482 ) ;
#1859 = CYLINDRICAL_SURFACE ( 'NONE', #10787, 0.05000000000000056483 ) ;
#1860 = ORIENTED_EDGE ( 'NONE', *, *, #8256, .F. ) ;
#1861 =( NAMED_UNIT ( * ) SI_UNIT ( $, .STERADIAN. ) SOLID_ANGLE_UNIT ( ) );
#1862 = VECTOR ( 'NONE', #3921, 1000.000000000000000 ) ;
#1863 = ORIENTED_EDGE ( 'NONE', *, *, #9338, .T. ) ;
#1864 = PRESENTATION_STYLE_ASSIGNMENT (( #3733 ) ) ;
#1865 = CARTESIAN_POINT ( 'NONE',  ( -0.3499999999999999778, -3.000000000000000000, -5.500000000000000000 ) ) ;
#1866 = FILL_AREA_STYLE ('',( #12230 ) ) ;
#1867 = DIRECTION ( 'NONE',  ( 0.4226182617407010511, 0.9063077870366491595, 0.000000000000000000 ) ) ;
#1868 = CARTESIAN_POINT ( 'NONE',  ( 2.983780846226099737, 10.73882662145499900, -1.199999999999999956 ) ) ;
#1869 = CARTESIAN_POINT ( 'NONE',  ( 2.850000000000000089, 0.5500000000000000444, -7.000000000000000000 ) ) ;
#1870 = EDGE_CURVE ( 'NONE', #11387, #3267, #11270, .T. ) ;
#1871 = SURFACE_STYLE_FILL_AREA ( #11476 ) ;
#1872 = MECHANICAL_DESIGN_GEOMETRIC_PRESENTATION_REPRESENTATION (  '', ( #7300 ), #5874 ) ;
#1873 = ORIENTED_EDGE ( 'NONE', *, *, #4831, .T. ) ;
#1874 = VERTEX_POINT ( 'NONE', #564 ) ;
#1875 = ORIENTED_EDGE ( 'NONE', *, *, #6609, .T. ) ;
#1876 = ORIENTED_EDGE ( 'NONE', *, *, #8020, .T. ) ;
#1877 = CARTESIAN_POINT ( 'NONE',  ( 1.300000000000000044, 15.75499782797525050, -3.200000000000084999 ) ) ;
#1878 = CARTESIAN_POINT ( 'NONE',  ( 10.14999999999999858, 21.19999999999999929, 7.200000000000000178 ) ) ;
#1879 = CARTESIAN_POINT ( 'NONE',  ( 10.09999999999999964, 8.900000000000000355, 7.299999999999999822 ) ) ;
#1880 = CARTESIAN_POINT ( 'NONE',  ( 0.6999999999999999556, 3.473890113076134811E-15, -8.699999999999999289 ) ) ;
#1881 = COLOUR_RGB ( '',0.2509803921568627416, 0.2509803921568627416, 0.2509803921568627416 ) ;
#1882 = CARTESIAN_POINT ( 'NONE',  ( 10.11464466094068015, 21.39999999999999858, 7.250000000000000000 ) ) ;
#1883 = DIRECTION ( 'NONE',  ( 1.000000000000000000, 0.000000000000000000, 0.000000000000000000 ) ) ;
#1884 = DIRECTION ( 'NONE',  ( 1.000000000000000000, 0.000000000000000000, 0.000000000000000000 ) ) ;
#1885 = VECTOR ( 'NONE', #3003, 1000.000000000000000 ) ;
#1886 = COLOUR_RGB ( '',0.2509803921568627416, 0.2509803921568627416, 0.2509803921568627416 ) ;
#1887 = DIRECTION ( 'NONE',  ( 3.718869191154470885E-15, 2.432608981229129908E-44, 1.000000000000000000 ) ) ;
#1888 = VERTEX_POINT ( 'NONE', #5548 ) ;
#1889 = EDGE_CURVE ( 'NONE', #5780, #4039, #3385, .T. ) ;
#1890 = ORIENTED_EDGE ( 'NONE', *, *, #8253, .T. ) ;
#1891 = ORIENTED_EDGE ( 'NONE', *, *, #3805, .F. ) ;
#1892 = AXIS2_PLACEMENT_3D ( 'NONE', #11106, #5564, #818 ) ;
#1893 = ORIENTED_EDGE ( 'NONE', *, *, #4930, .F. ) ;
#1894 = PRESENTATION_STYLE_ASSIGNMENT (( #6535 ) ) ;
#1895 = ADVANCED_FACE ( 'NONE', ( #5316 ), #253, .T. ) ;
#1896 = FILL_AREA_STYLE ('',( #10294 ) ) ;
#1897 = ORIENTED_EDGE ( 'NONE', *, *, #6772, .T. ) ;
#1898 = CARTESIAN_POINT ( 'NONE',  ( -2.000000000000000000, 1.649999999999999911, 5.100000000000000533 ) ) ;
#1899 = CARTESIAN_POINT ( 'NONE',  ( -0.4500000000000000111, 7.279422863405989652, 6.799999999999999822 ) ) ;
#1900 = DIRECTION ( 'NONE',  ( 2.409338161078900167E-16, -1.000000000000000000, -1.944692274331604840E-62 ) ) ;
#1901 = CARTESIAN_POINT ( 'NONE',  ( 2.000000000000000000, 1.649999999999999911, 5.100000000000000533 ) ) ;
#1902 = LINE ( 'NONE', #1966, #10977 ) ;
#1903 = AXIS2_PLACEMENT_3D ( 'NONE', #7373, #3515, #3579 ) ;
#1904 = FILL_AREA_STYLE_COLOUR ( '', #964 ) ;
#1905 = VECTOR ( 'NONE', #8683, 1000.000000000000000 ) ;
#1906 = ORIENTED_EDGE ( 'NONE', *, *, #426, .T. ) ;
#1907 = PRESENTATION_LAYER_ASSIGNMENT (  '', '', ( #523 ) ) ;
#1908 = ADVANCED_FACE ( 'NONE', ( #8851 ), #11370, .T. ) ;
#1909 =( GEOMETRIC_REPRESENTATION_CONTEXT ( 3 ) GLOBAL_UNCERTAINTY_ASSIGNED_CONTEXT ( ( #7151 ) ) GLOBAL_UNIT_ASSIGNED_CONTEXT ( ( #5180, #6953, #4237 ) ) REPRESENTATION_CONTEXT ( 'NONE', 'WORKASPACE' ) );
#1910 = VERTEX_POINT ( 'NONE', #7039 ) ;
#1911 = EDGE_CURVE ( 'NONE', #1408, #8114, #11741, .T. ) ;
#1912 = CARTESIAN_POINT ( 'NONE',  ( 3.500000000000000000, -7.828123272804480478E-16, 7.299999999999999822 ) ) ;
#1913 = CARTESIAN_POINT ( 'NONE',  ( 8.550000000000000711, 19.50000000000000000, -11.24999999999984013 ) ) ;
#1914 = DIRECTION ( 'NONE',  ( 0.000000000000000000, 0.000000000000000000, -1.000000000000000000 ) ) ;
#1915 = PLANE ( 'NONE',  #8447 ) ;
#1916 = CARTESIAN_POINT ( 'NONE',  ( 0.000000000000000000, 0.000000000000000000, -1.199999999999999956 ) ) ;
#1917 = CARTESIAN_POINT ( 'NONE',  ( -4.725584044262980399, 2.728317220033625201, -1.199999999999999956 ) ) ;
#1918 =( LENGTH_UNIT ( ) NAMED_UNIT ( * ) SI_UNIT ( .MILLI., .METRE. ) );
#1919 = VECTOR ( 'NONE', #970, 1000.000000000000000 ) ;
#1920 =( LENGTH_UNIT ( ) NAMED_UNIT ( * ) SI_UNIT ( .MILLI., .METRE. ) );
#1921 = ORIENTED_EDGE ( 'NONE', *, *, #274, .F. ) ;
#1922 = EDGE_CURVE ( 'NONE', #4060, #10086, #6598, .T. ) ;
#1923 = ORIENTED_EDGE ( 'NONE', *, *, #8354, .F. ) ;
#1924 = CARTESIAN_POINT ( 'NONE',  ( -5.410704217613820255, 11.60329263950301915, -1.199999999999999956 ) ) ;
#1925 = EDGE_CURVE ( 'NONE', #8547, #6984, #6904, .T. ) ;
#1926 = LINE ( 'NONE', #5745, #11748 ) ;
#1927 = CARTESIAN_POINT ( 'NONE',  ( 10.32305672590246104, 21.15976310729380216, 7.380496664690830322 ) ) ;
#1928 = FILL_AREA_STYLE_COLOUR ( '', #2867 ) ;
#1929 = FACE_OUTER_BOUND ( 'NONE', #11566, .T. ) ;
#1930 = CARTESIAN_POINT ( 'NONE',  ( -7.349999999999999645, 2.699999999999925127, 1.500000000000000000 ) ) ;
#1931 = DIRECTION ( 'NONE',  ( 1.445602896647337931E-16, 1.000000000000000000, 0.000000000000000000 ) ) ;
#1932 = LINE ( 'NONE', #2057, #3296 ) ;
#1933 = PRESENTATION_LAYER_ASSIGNMENT (  '', '', ( #4130 ) ) ;
#1934 = UNCERTAINTY_MEASURE_WITH_UNIT (LENGTH_MEASURE( 1.000000000000000082E-05 ), #1584, 'distance_accuracy_value', 'NONE');
#1935 = EDGE_LOOP ( 'NONE', ( #5680, #11998, #4503, #10452 ) ) ;
#1936 = ADVANCED_FACE ( 'NONE', ( #11669 ), #10790, .F. ) ;
#1937 = VERTEX_POINT ( 'NONE', #4709 ) ;
#1938 = ORIENTED_EDGE ( 'NONE', *, *, #12063, .F. ) ;
#1939 = EDGE_CURVE ( 'NONE', #7434, #1874, #5655, .T. ) ;
#1940 = ORIENTED_EDGE ( 'NONE', *, *, #4999, .F. ) ;
#1941 = FILL_AREA_STYLE_COLOUR ( '', #10098 ) ;
#1942 = ADVANCED_FACE ( 'NONE', ( #4126 ), #195, .F. ) ;
#1943 = AXIS2_PLACEMENT_3D ( 'NONE', #850, #12141, #7319 ) ;
#1944 = CARTESIAN_POINT ( 'NONE',  ( 4.265774538051229747, 9.147983018184300263, 6.799999999999999822 ) ) ;
#1945 =( NAMED_UNIT ( * ) SI_UNIT ( $, .STERADIAN. ) SOLID_ANGLE_UNIT ( ) );
#1946 = VECTOR ( 'NONE', #7951, 1000.000000000000000 ) ;
#1947 = FACE_OUTER_BOUND ( 'NONE', #10863, .T. ) ;
#1948 = DIRECTION ( 'NONE',  ( 0.000000000000000000, 1.000000000000000000, 7.434529182757737703E-15 ) ) ;
#1949 = STYLED_ITEM ( 'NONE', ( #9358 ), #3894 ) ;
#1950 = CARTESIAN_POINT ( 'NONE',  ( -10.11219703812811943, 21.39999999999999858, 7.315633423315039963 ) ) ;
#1951 = VERTEX_POINT ( 'NONE', #1274 ) ;
#1952 = STYLED_ITEM ( 'NONE', ( #10305 ), #11819 ) ;
#1953 = EDGE_LOOP ( 'NONE', ( #10545, #4488, #4884, #6262 ) ) ;
#1954 = EDGE_LOOP ( 'NONE', ( #8921, #9965, #10237, #714 ) ) ;
#1955 = CLOSED_SHELL ( 'NONE', ( #9267, #4814, #5035, #7717, #6543, #9145, #9020, #1441, #6003, #2993, #4025, #10328, #4964, #8611, #3813, #7459, #8955, #8303, #6077, #989, #2673, #1540, #1942, #2863, #10478, #9700, #10472, #1062, #8685, #881, #10835, #9921, #2519, #7216, #4516, #1291, #7770, #1393, #30, #12406, #10088, #12348, #410, #12050, #8369, #4759, #5021, #7931, #11055, #8593, #4848, #6499, #10445, #4208, #4778, #10492, #5153, #9047, #8089, #4124, #2565, #1338, #11, #12024, #6425, #2613, #11392, #9532, #7199, #4322, #1724, #8373, #11794, #2400, #4885, #7325, #9585, #6798, #498, #1096, #10680, #1744, #2615, #2194, #2250, #7174, #5712, #10401, #790, #4128, #9568, #8843, #9164, #8833, #9130, #7381, #1718, #10985, #11274, #9116, #263, #5459, #5363, #11519, #5331, #11785, #8236, #11819, #1474, #8321, #1895, #9055, #547, #11200, #3223, #7029, #8004, #372, #3894, #6379, #9978, #3295, #11583, #454, #5599, #3448, #6430, #7636, #1982, #2029, #11432, #9147, #8578, #3282, #6816, #3680, #12062, #4458, #771, #2208, #3460, #5865, #9993, #6703, #9937, #412, #11287, #10582, #1987, #7567, #1406, #3164, #6021, #806, #9180, #1822, #12035, #2175, #4356, #12039, #11677, #10522, #71, #6775 ) ) ;
#1956 = ORIENTED_EDGE ( 'NONE', *, *, #2388, .T. ) ;
#1957 = CARTESIAN_POINT ( 'NONE',  ( -7.850000000000148859, 14.90000000000000036, 5.700000000000000178 ) ) ;
#1958 = EDGE_CURVE ( 'NONE', #3443, #1742, #5064, .T. ) ;
#1959 = DIRECTION ( 'NONE',  ( 0.000000000000000000, 7.537786532518270800E-15, -1.000000000000000000 ) ) ;
#1960 = ORIENTED_EDGE ( 'NONE', *, *, #11900, .F. ) ;
#1961 = VECTOR ( 'NONE', #6515, 1000.000000000000000 ) ;
#1962 = FILL_AREA_STYLE_COLOUR ( '', #1042 ) ;
#1963 = LINE ( 'NONE', #4774, #1210 ) ;
#1964 = CARTESIAN_POINT ( 'NONE',  ( 10.14999999999999858, 0.000000000000000000, -17.80452084174450178 ) ) ;
#1965 = DIRECTION ( 'NONE',  ( 0.000000000000000000, 0.000000000000000000, 1.000000000000000000 ) ) ;
#1966 = CARTESIAN_POINT ( 'NONE',  ( 7.849999999999999645, 0.5500000000000000444, -7.000000000000000000 ) ) ;
#1967 = CARTESIAN_POINT ( 'NONE',  ( 7.849999999999999645, 17.02499999999999858, -6.099999999999869971 ) ) ;
#1968 = LINE ( 'NONE', #12265, #3899 ) ;
#1969 = EDGE_CURVE ( 'NONE', #4119, #8406, #7981, .T. ) ;
#1970 =( NAMED_UNIT ( * ) SI_UNIT ( $, .STERADIAN. ) SOLID_ANGLE_UNIT ( ) );
#1971 = VECTOR ( 'NONE', #692, 1000.000000000000000 ) ;
#1972 = VERTEX_POINT ( 'NONE', #10094 ) ;
#1973 = VECTOR ( 'NONE', #7986, 1000.000000000000000 ) ;
#1974 = ORIENTED_EDGE ( 'NONE', *, *, #11533, .T. ) ;
#1975 = FILL_AREA_STYLE ('',( #11699 ) ) ;
#1976 = PLANE ( 'NONE',  #833 ) ;
#1977 = DIRECTION ( 'NONE',  ( -1.000000000000000000, 0.000000000000000000, 0.000000000000000000 ) ) ;
#1978 = PLANE ( 'NONE',  #11562 ) ;
#1979 = CARTESIAN_POINT ( 'NONE',  ( -7.849999999999999645, 3.200000000000000178, -8.500000000000000000 ) ) ;
#1980 = VECTOR ( 'NONE', #2107, 1000.000000000000227 ) ;
#1981 = SURFACE_SIDE_STYLE ('',( #2799 ) ) ;
#1982 = ADVANCED_FACE ( 'NONE', ( #9974 ), #3319, .F. ) ;
#1983 =( NAMED_UNIT ( * ) SI_UNIT ( $, .STERADIAN. ) SOLID_ANGLE_UNIT ( ) );
#1984 =( GEOMETRIC_REPRESENTATION_CONTEXT ( 3 ) GLOBAL_UNCERTAINTY_ASSIGNED_CONTEXT ( ( #1385 ) ) GLOBAL_UNIT_ASSIGNED_CONTEXT ( ( #12320, #8483, #909 ) ) REPRESENTATION_CONTEXT ( 'NONE', 'WORKASPACE' ) );
#1985 = EDGE_LOOP ( 'NONE', ( #7178, #3746, #4686, #7796 ) ) ;
#1986 = LINE ( 'NONE', #6694, #7689 ) ;
#1987 = ADVANCED_FACE ( 'NONE', ( #10980 ), #5198, .F. ) ;
#1988 = EDGE_LOOP ( 'NONE', ( #888, #2554, #699, #2437 ) ) ;
#1989 = CARTESIAN_POINT ( 'NONE',  ( -3.369762170048764549, 12.55499954613319957, -1.199999999999999956 ) ) ;
#1990 = PRESENTATION_LAYER_ASSIGNMENT (  '', '', ( #7414 ) ) ;
#1991 = CARTESIAN_POINT ( 'NONE',  ( 3.200000000000000178, 1.899999999999999911, -17.80452084174450178 ) ) ;
#1992 = AXIS2_PLACEMENT_3D ( 'NONE', #4861, #11783, #7892 ) ;
#1993 =( LENGTH_UNIT ( ) NAMED_UNIT ( * ) SI_UNIT ( .MILLI., .METRE. ) );
#1994 = DIRECTION ( 'NONE',  ( -1.000000000000000000, -1.298436238251450266E-29, 3.718869191154470885E-15 ) ) ;
#1995 = CARTESIAN_POINT ( 'NONE',  ( -4.725584044262970629, 2.728317220033415147, -1.199999999999999956 ) ) ;
#1996 = FILL_AREA_STYLE_COLOUR ( '', #11317 ) ;
#1997 = EDGE_CURVE ( 'NONE', #2326, #4671, #4260, .T. ) ;
#1998 = MECHANICAL_DESIGN_GEOMETRIC_PRESENTATION_REPRESENTATION (  '', ( #5173 ), #7423 ) ;
#1999 = EDGE_LOOP ( 'NONE', ( #1503, #7354, #7489, #1041, #6519, #6990 ) ) ;
#2000 = VECTOR ( 'NONE', #11242, 1000.000000000000000 ) ;
#2001 = EDGE_LOOP ( 'NONE', ( #9636, #4906, #11224, #9809 ) ) ;
#2002 = PLANE ( 'NONE',  #8622 ) ;
#2003 = ORIENTED_EDGE ( 'NONE', *, *, #26, .F. ) ;
#2004 = ORIENTED_EDGE ( 'NONE', *, *, #1004, .T. ) ;
#2005 = FILL_AREA_STYLE_COLOUR ( '', #1881 ) ;
#2006 = DIRECTION ( 'NONE',  ( 1.000000000000000000, 1.276802307562826029E-29, -3.469446951953610245E-15 ) ) ;
#2007 = DIRECTION ( 'NONE',  ( -0.9063077870366949007, 0.4226182617406029629, 0.000000000000000000 ) ) ;
#2008 = VECTOR ( 'NONE', #7625, 1000.000000000000000 ) ;
#2009 = CARTESIAN_POINT ( 'NONE',  ( -0.4499999999999194644, -5.028784371435859812E-15, 6.799999999999999822 ) ) ;
#2010 = CARTESIAN_POINT ( 'NONE',  ( -7.349999999999999645, 2.699999999999925127, 2.299999999999999822 ) ) ;
#2011 = EDGE_CURVE ( 'NONE', #8498, #12012, #10032, .T. ) ;
#2012 = ADVANCED_FACE ( 'NONE', ( #4437 ), #1450, .F. ) ;
#2013 = PLANE ( 'NONE',  #780 ) ;
#2014 = DIRECTION ( 'NONE',  ( 1.000000000000000000, 0.000000000000000000, 3.469446951953611033E-15 ) ) ;
#2015 = ORIENTED_EDGE ( 'NONE', *, *, #2480, .F. ) ;
#2016 = VERTEX_POINT ( 'NONE', #6272 ) ;
#2017 = ORIENTED_EDGE ( 'NONE', *, *, #5054, .F. ) ;
#2018 = STYLED_ITEM ( 'NONE', ( #4979 ), #9700 ) ;
#2019 = ORIENTED_EDGE ( 'NONE', *, *, #10586, .F. ) ;
#2020 = CARTESIAN_POINT ( 'NONE',  ( 3.200000000000000178, 1.899999999999999911, 7.200000000000000178 ) ) ;
#2021 = CARTESIAN_POINT ( 'NONE',  ( -7.500000000000000000, 0.000000000000000000, 0.8903805922286660568 ) ) ;
#2022 = ORIENTED_EDGE ( 'NONE', *, *, #7172, .F. ) ;
#2023 = LINE ( 'NONE', #2899, #11865 ) ;
#2024 = DIRECTION ( 'NONE',  ( -1.000000000000000000, 0.000000000000000000, 0.000000000000000000 ) ) ;
#2025 = CARTESIAN_POINT ( 'NONE',  ( -10.34999999999999964, 21.16464466094069863, 5.700000000000000178 ) ) ;
#2026 =( LENGTH_UNIT ( ) NAMED_UNIT ( * ) SI_UNIT ( .MILLI., .METRE. ) );
#2027 = CARTESIAN_POINT ( 'NONE',  ( 7.849999999999999645, 14.90000000000000036, 5.700000000000000178 ) ) ;
#2028 = PRESENTATION_LAYER_ASSIGNMENT (  '', '', ( #9249 ) ) ;
#2029 = ADVANCED_FACE ( 'NONE', ( #511 ), #4320, .F. ) ;
#2030 = CIRCLE ( 'NONE', #6030, 7.250000000000000888 ) ;
#2031 = DIRECTION ( 'NONE',  ( -1.000000000000000000, 0.000000000000000000, 0.000000000000000000 ) ) ;
#2032 = FILL_AREA_STYLE_COLOUR ( '', #7795 ) ;
#2033 = ORIENTED_EDGE ( 'NONE', *, *, #7306, .F. ) ;
#2034 = AXIS2_PLACEMENT_3D ( 'NONE', #3334, #9990, #10999 ) ;
#2035 = ORIENTED_EDGE ( 'NONE', *, *, #1050, .F. ) ;
#2036 = FILL_AREA_STYLE ('',( #10622 ) ) ;
#2037 = AXIS2_PLACEMENT_3D ( 'NONE', #4921, #4106, #2183 ) ;
#2038 = FILL_AREA_STYLE_COLOUR ( '', #3684 ) ;
#2039 = CARTESIAN_POINT ( 'NONE',  ( -3.000000000000000000, 1.949999999999999956, 7.250000000000000000 ) ) ;
#2040 = SURFACE_STYLE_FILL_AREA ( #7638 ) ;
#2041 = FILL_AREA_STYLE_COLOUR ( '', #9446 ) ;
#2042 = SURFACE_SIDE_STYLE ('',( #7641 ) ) ;
#2043 = CARTESIAN_POINT ( 'NONE',  ( 0.4500000000000000111, 4.599999999999999645, -1.199999999999999956 ) ) ;
#2044 = SURFACE_STYLE_FILL_AREA ( #11775 ) ;
#2045 = LINE ( 'NONE', #2104, #1561 ) ;
#2046 = AXIS2_PLACEMENT_3D ( 'NONE', #10380, #12153, #12095 ) ;
#2047 = ORIENTED_EDGE ( 'NONE', *, *, #5836, .T. ) ;
#2048 = ORIENTED_EDGE ( 'NONE', *, *, #8020, .F. ) ;
#2049 = CARTESIAN_POINT ( 'NONE',  ( 3.500000000000000000, -7.828123272804480478E-16, 7.500000000000000000 ) ) ;
#2050 = DIRECTION ( 'NONE',  ( 7.532798415146101022E-29, -7.589415207398510528E-15, 1.000000000000000000 ) ) ;
#2051 = LINE ( 'NONE', #1991, #11633 ) ;
#2052 = ADVANCED_FACE ( 'NONE', ( #10267 ), #9465, .F. ) ;
#2053 =( NAMED_UNIT ( * ) SI_UNIT ( $, .STERADIAN. ) SOLID_ANGLE_UNIT ( ) );
#2054 = STYLED_ITEM ( 'NONE', ( #3891 ), #7636 ) ;
#2055 = LINE ( 'NONE', #7834, #1602 ) ;
#2056 = VECTOR ( 'NONE', #6531, 1000.000000000000000 ) ;
#2057 = CARTESIAN_POINT ( 'NONE',  ( -2.850000000000000089, 0.5500000000000000444, -8.000000000000000000 ) ) ;
#2059 = DIRECTION ( 'NONE',  ( 1.000000000000000000, 0.000000000000000000, 0.000000000000000000 ) ) ;
#2058 = AXIS2_PLACEMENT_3D ( 'NONE', #5340, #7240, #4457 ) ;
#2060 = ORIENTED_EDGE ( 'NONE', *, *, #8372, .F. ) ;
#2061 = VECTOR ( 'NONE', #9337, 1000.000000000000000 ) ;
#2062 = ORIENTED_EDGE ( 'NONE', *, *, #8141, .F. ) ;
#2063 = SURFACE_SIDE_STYLE ('',( #10649 ) ) ;
#2064 = ORIENTED_EDGE ( 'NONE', *, *, #473, .F. ) ;
#2065 = ORIENTED_EDGE ( 'NONE', *, *, #274, .T. ) ;
#2066 =( LENGTH_UNIT ( ) NAMED_UNIT ( * ) SI_UNIT ( .MILLI., .METRE. ) );
#2067 = ADVANCED_FACE ( 'NONE', ( #4680 ), #7345, .F. ) ;
#2068 = CARTESIAN_POINT ( 'NONE',  ( -10.14999999999999858, -9.906536840856998471E-14, -2.699999999999950440 ) ) ;
#2069 = CARTESIAN_POINT ( 'NONE',  ( 4.649999999999999467, 0.5500000000000000444, -5.500000000000000000 ) ) ;
#2070 = VECTOR ( 'NONE', #4405, 1000.000000000000000 ) ;
#2071 = CARTESIAN_POINT ( 'NONE',  ( -10.14999999999999858, 8.599999999999999645, 5.700000000000000178 ) ) ;
#2072 = DIRECTION ( 'NONE',  ( 0.000000000000000000, 0.000000000000000000, 1.000000000000000000 ) ) ;
#2073 = LINE ( 'NONE', #5891, #5175 ) ;
#2074 = FILL_AREA_STYLE_COLOUR ( '', #1072 ) ;
#2075 = ORIENTED_EDGE ( 'NONE', *, *, #8105, .F. ) ;
#2076 = ORIENTED_EDGE ( 'NONE', *, *, #9080, .T. ) ;
#2077 = ORIENTED_EDGE ( 'NONE', *, *, #8306, .T. ) ;
#2078 = ORIENTED_EDGE ( 'NONE', *, *, #5071, .T. ) ;
#2079 = COLOUR_RGB ( '',0.2509803921568627416, 0.2509803921568627416, 0.2509803921568627416 ) ;
#2080 =( GEOMETRIC_REPRESENTATION_CONTEXT ( 3 ) GLOBAL_UNCERTAINTY_ASSIGNED_CONTEXT ( ( #1760 ) ) GLOBAL_UNIT_ASSIGNED_CONTEXT ( ( #1695, #12364, #11223 ) ) REPRESENTATION_CONTEXT ( 'NONE', 'WORKASPACE' ) );
#2081 = EDGE_CURVE ( 'NONE', #1078, #11417, #691, .T. ) ;
#2082 = CARTESIAN_POINT ( 'NONE',  ( 0.3499999999999999778, 3.200000000000000178, -6.000000000000000000 ) ) ;
#2083 = EDGE_LOOP ( 'NONE', ( #3751, #12282, #2827, #305, #6426 ) ) ;
#2084 = EDGE_CURVE ( 'NONE', #12367, #330, #1690, .T. ) ;
#2085 = DIRECTION ( 'NONE',  ( 1.000000000000000000, 0.000000000000000000, -7.575408038632519885E-31 ) ) ;
#2086 =( GEOMETRIC_REPRESENTATION_CONTEXT ( 3 ) GLOBAL_UNCERTAINTY_ASSIGNED_CONTEXT ( ( #2294 ) ) GLOBAL_UNIT_ASSIGNED_CONTEXT ( ( #1209, #10984, #255 ) ) REPRESENTATION_CONTEXT ( 'NONE', 'WORKASPACE' ) );
#2087 = CARTESIAN_POINT ( 'NONE',  ( -10.14999999999999858, 21.39999999999999858, 7.250000000000000000 ) ) ;
#2088 = VECTOR ( 'NONE', #11409, 1000.000000000000000 ) ;
#2089 = CARTESIAN_POINT ( 'NONE',  ( -0.4500000000000370370, 11.37942286340599907, -1.199999999999999956 ) ) ;
#2090 = DIRECTION ( 'NONE',  ( 1.000000000000000000, 0.000000000000000000, 0.000000000000000000 ) ) ;
#2091 = FILL_AREA_STYLE ('',( #9816 ) ) ;
#2092 = DIRECTION ( 'NONE',  ( 1.000000000000000000, 0.000000000000000000, 0.000000000000000000 ) ) ;
#2093 = ORIENTED_EDGE ( 'NONE', *, *, #10498, .F. ) ;
#2094 = VECTOR ( 'NONE', #354, 1000.000000000000000 ) ;
#2095 = VERTEX_POINT ( 'NONE', #10457 ) ;
#2096 = FILL_AREA_STYLE_COLOUR ( '', #3784 ) ;
#2097 = ADVANCED_FACE ( 'NONE', ( #939 ), #1629, .T. ) ;
#2098 =( LENGTH_UNIT ( ) NAMED_UNIT ( * ) SI_UNIT ( .MILLI., .METRE. ) );
#2099 = LINE ( 'NONE', #3031, #3218 ) ;
#2100 = DIRECTION ( 'NONE',  ( -1.000000000000000000, 0.000000000000000000, 3.718869191154470885E-15 ) ) ;
#2101 = AXIS2_PLACEMENT_3D ( 'NONE', #2, #11477, #2873 ) ;
#2102 = CARTESIAN_POINT ( 'NONE',  ( -7.349999999999999645, 2.699999999999925127, 2.299999999999999822 ) ) ;
#2103 = DIRECTION ( 'NONE',  ( 3.108187522871345797E-16, 1.000000000000000000, 0.000000000000000000 ) ) ;
#2104 = CARTESIAN_POINT ( 'NONE',  ( -7.849999999999999645, 0.5500000000000000444, -8.000000000000000000 ) ) ;
#2105 = STYLED_ITEM ( 'NONE', ( #3588 ), #790 ) ;
#2106 = DIRECTION ( 'NONE',  ( -8.758115402030110583E-47, -1.000000000000000000, 1.387778780781445922E-16 ) ) ;
#2107 = DIRECTION ( 'NONE',  ( 0.3420201433256691015, 0.9396926207859082059, -2.590942143123521280E-31 ) ) ;
#2108 =( GEOMETRIC_REPRESENTATION_CONTEXT ( 3 ) GLOBAL_UNCERTAINTY_ASSIGNED_CONTEXT ( ( #8034 ) ) GLOBAL_UNIT_ASSIGNED_CONTEXT ( ( #12423, #12166, #11218 ) ) REPRESENTATION_CONTEXT ( 'NONE', 'WORKASPACE' ) );
#2109 = ORIENTED_EDGE ( 'NONE', *, *, #3023, .T. ) ;
#2110 = VECTOR ( 'NONE', #10181, 1000.000000000000114 ) ;
#2111 = CARTESIAN_POINT ( 'NONE',  ( -10.11464466094063930, 21.14999999999999858, 5.700000000000110312 ) ) ;
#2112 = ORIENTED_EDGE ( 'NONE', *, *, #6312, .F. ) ;
#2113 = CARTESIAN_POINT ( 'NONE',  ( -1.734723475976809855E-15, 1.000000000000000000, -4.500000000000000000 ) ) ;
#2114 = ADVANCED_FACE ( 'NONE', ( #5501 ), #814, .T. ) ;
#2115 = COLOUR_RGB ( '',0.2509803921568627416, 0.2509803921568627416, 0.2509803921568627416 ) ;
#2116 = DIRECTION ( 'NONE',  ( 0.000000000000000000, 0.000000000000000000, 1.000000000000000000 ) ) ;
#2117 = FILL_AREA_STYLE ('',( #5807 ) ) ;
#2118 = AXIS2_PLACEMENT_3D ( 'NONE', #11851, #3236, #4364 ) ;
#2119 = DIRECTION ( 'NONE',  ( 0.000000000000000000, 0.000000000000000000, 1.000000000000000000 ) ) ;
#2120 = STYLED_ITEM ( 'NONE', ( #749 ), #4885 ) ;
#2121 = PLANE ( 'NONE',  #10757 ) ;
#2122 = PLANE ( 'NONE',  #5494 ) ;
#2123 = FACE_OUTER_BOUND ( 'NONE', #11237, .T. ) ;
#2124 = EDGE_LOOP ( 'NONE', ( #1589, #979, #11698, #3825 ) ) ;
#2125 = EDGE_CURVE ( 'NONE', #3328, #10687, #8338, .T. ) ;
#2126 = VERTEX_POINT ( 'NONE', #8455 ) ;
#2127 = ORIENTED_EDGE ( 'NONE', *, *, #2222, .F. ) ;
#2128 =( LENGTH_UNIT ( ) NAMED_UNIT ( * ) SI_UNIT ( .MILLI., .METRE. ) );
#2129 = ORIENTED_EDGE ( 'NONE', *, *, #26, .T. ) ;
#2130 = STYLED_ITEM ( 'NONE', ( #4292 ), #10680 ) ;
#2131 = EDGE_LOOP ( 'NONE', ( #9230, #9716, #7799, #6157 ) ) ;
#2132 = CARTESIAN_POINT ( 'NONE',  ( -7.849999999999999645, 0.5500000000000000444, -4.500000000000000000 ) ) ;
#2133 = SURFACE_STYLE_FILL_AREA ( #6898 ) ;
#2134 = CARTESIAN_POINT ( 'NONE',  ( 10.11464466094068015, 21.39999999999999858, 5.750000000000070166 ) ) ;
#2135 = DIRECTION ( 'NONE',  ( 0.000000000000000000, 0.000000000000000000, 1.000000000000000000 ) ) ;
#2136 = CARTESIAN_POINT ( 'NONE',  ( 4.725584044262990169, 2.728317220033425361, -1.199999999999999956 ) ) ;
#2137 = FACE_OUTER_BOUND ( 'NONE', #8360, .T. ) ;
#2138 = SURFACE_SIDE_STYLE ('',( #5888 ) ) ;
#2139 = DIRECTION ( 'NONE',  ( 0.000000000000000000, 0.000000000000000000, 1.000000000000000000 ) ) ;
#2140 = PRESENTATION_LAYER_ASSIGNMENT (  '', '', ( #10960 ) ) ;
#2141 = CARTESIAN_POINT ( 'NONE',  ( 7.150000000000000355, 0.5500000000000000444, -7.000000000000000000 ) ) ;
#2142 = DIRECTION ( 'NONE',  ( 0.000000000000000000, 0.000000000000000000, -1.000000000000000000 ) ) ;
#2143 = ORIENTED_EDGE ( 'NONE', *, *, #8477, .F. ) ;
#2144 = EDGE_CURVE ( 'NONE', #6026, #5994, #9128, .T. ) ;
#2146 = VERTEX_POINT ( 'NONE', #11280 ) ;
#2145 = VECTOR ( 'NONE', #6119, 1000.000000000000000 ) ;
#2147 = VERTEX_POINT ( 'NONE', #2685 ) ;
#2148 = VERTEX_POINT ( 'NONE', #10329 ) ;
#2149 =( NAMED_UNIT ( * ) PLANE_ANGLE_UNIT ( ) SI_UNIT ( $, .RADIAN. ) );
#2150 = CIRCLE ( 'NONE', #9168, 0.2500000000000002220 ) ;
#2151 = EDGE_CURVE ( 'NONE', #244, #4763, #12292, .T. ) ;
#2152 = CYLINDRICAL_SURFACE ( 'NONE', #1264, 0.05000000000000143219 ) ;
#2153 = ORIENTED_EDGE ( 'NONE', *, *, #4999, .T. ) ;
#2154 = DIRECTION ( 'NONE',  ( 0.000000000000000000, 1.000000000000000000, 0.000000000000000000 ) ) ;
#2155 = CARTESIAN_POINT ( 'NONE',  ( 7.849999999999999645, -3.000000000000000000, -7.500000000000000000 ) ) ;
#2156 = AXIS2_PLACEMENT_3D ( 'NONE', #4574, #8413, #6349 ) ;
#2157 = CARTESIAN_POINT ( 'NONE',  ( -10.09999999999999964, 8.900000000000000355, 7.250000000000000000 ) ) ;
#2158 =( NAMED_UNIT ( * ) SI_UNIT ( $, .STERADIAN. ) SOLID_ANGLE_UNIT ( ) );
#2159 = COLOUR_RGB ( '',0.2509803921568627416, 0.2509803921568627416, 0.2509803921568627416 ) ;
#2160 = DIRECTION ( 'NONE',  ( 0.000000000000000000, 0.000000000000000000, -1.000000000000000000 ) ) ;
#2161 = EDGE_CURVE ( 'NONE', #115, #8600, #2744, .T. ) ;
#2162 =( GEOMETRIC_REPRESENTATION_CONTEXT ( 3 ) GLOBAL_UNCERTAINTY_ASSIGNED_CONTEXT ( ( #7122 ) ) GLOBAL_UNIT_ASSIGNED_CONTEXT ( ( #706, #3565, #3628 ) ) REPRESENTATION_CONTEXT ( 'NONE', 'WORKASPACE' ) );
#2163 = ORIENTED_EDGE ( 'NONE', *, *, #3582, .F. ) ;
#2164 = VERTEX_POINT ( 'NONE', #6571 ) ;
#2165 = VECTOR ( 'NONE', #8062, 1000.000000000000000 ) ;
#2166 = FACE_OUTER_BOUND ( 'NONE', #6372, .T. ) ;
#2167 = DIRECTION ( 'NONE',  ( -1.514188661106530031E-29, 1.000000000000000000, 6.982962677686270655E-15 ) ) ;
#2168 = CARTESIAN_POINT ( 'NONE',  ( 0.000000000000000000, 10.00000000000000000, 7.299999999999999822 ) ) ;
#2169 = DIRECTION ( 'NONE',  ( 0.000000000000000000, 0.000000000000000000, 1.000000000000000000 ) ) ;
#2170 =( NAMED_UNIT ( * ) SI_UNIT ( $, .STERADIAN. ) SOLID_ANGLE_UNIT ( ) );
#2171 = DIRECTION ( 'NONE',  ( 0.000000000000000000, 0.000000000000000000, 1.000000000000000000 ) ) ;
#2172 = LINE ( 'NONE', #5861, #11166 ) ;
#2173 = MECHANICAL_DESIGN_GEOMETRIC_PRESENTATION_REPRESENTATION (  '', ( #580 ), #9188 ) ;
#2174 = DIRECTION ( 'NONE',  ( 0.000000000000000000, 0.000000000000000000, 1.000000000000000000 ) ) ;
#2175 = ADVANCED_FACE ( 'NONE', ( #11650 ), #8772, .F. ) ;
#2176 = APPLICATION_PROTOCOL_DEFINITION ( 'draft international standard', 'automotive_design', 1998, #6570 ) ;
#2177 = EDGE_CURVE ( 'NONE', #1813, #11659, #12334, .T. ) ;
#2178 = PRESENTATION_LAYER_ASSIGNMENT (  '', '', ( #2189 ) ) ;
#2179 = ORIENTED_EDGE ( 'NONE', *, *, #9293, .F. ) ;
#2180 = UNCERTAINTY_MEASURE_WITH_UNIT (LENGTH_MEASURE( 1.000000000000000082E-05 ), #9954, 'distance_accuracy_value', 'NONE');
#2181 = CARTESIAN_POINT ( 'NONE',  ( 7.100000000000000533, 10.00000000000000000, 7.299999999999999822 ) ) ;
#2182 = ORIENTED_EDGE ( 'NONE', *, *, #6526, .F. ) ;
#2183 = DIRECTION ( 'NONE',  ( 1.000000000000000000, 0.000000000000000000, 0.000000000000000000 ) ) ;
#2184 = CARTESIAN_POINT ( 'NONE',  ( 7.849999999999999645, 3.200000000000000178, -8.500000000000000000 ) ) ;
#2185 = FACE_OUTER_BOUND ( 'NONE', #7428, .T. ) ;
#2186 = DIRECTION ( 'NONE',  ( 1.000000000000000000, 0.000000000000000000, 0.000000000000000000 ) ) ;
#2187 = DIRECTION ( 'NONE',  ( 1.000000000000000000, 9.925400323074660971E-15, 0.000000000000000000 ) ) ;
#2188 = AXIS2_PLACEMENT_3D ( 'NONE', #3906, #9515, #6871 ) ;
#2189 = STYLED_ITEM ( 'NONE', ( #2734 ), #12348 ) ;
#2190 = PRESENTATION_STYLE_ASSIGNMENT (( #7772 ) ) ;
#2191 = AXIS2_PLACEMENT_3D ( 'NONE', #9440, #3898, #4658 ) ;
#2192 = DIRECTION ( 'NONE',  ( 1.000000000000000000, 0.000000000000000000, 0.000000000000000000 ) ) ;
#2193 =( LENGTH_UNIT ( ) NAMED_UNIT ( * ) SI_UNIT ( .MILLI., .METRE. ) );
#2194 = ADVANCED_FACE ( 'NONE', ( #10639 ), #4049, .F. ) ;
#2195 = DIRECTION ( 'NONE',  ( 0.8660254037844486996, 0.4999999999999827915, 0.000000000000000000 ) ) ;
#2196 = ORIENTED_EDGE ( 'NONE', *, *, #7211, .F. ) ;
#2197 = VERTEX_POINT ( 'NONE', #1253 ) ;
#2198 = VECTOR ( 'NONE', #4893, 1000.000000000000000 ) ;
#2199 = ORIENTED_EDGE ( 'NONE', *, *, #4830, .T. ) ;
#2200 = CARTESIAN_POINT ( 'NONE',  ( 2.475435743014045009, 8.425688402361471319, -1.199999999999999956 ) ) ;
#2201 = VERTEX_POINT ( 'NONE', #5043 ) ;
#2202 = EDGE_LOOP ( 'NONE', ( #303, #7048, #7050, #10420 ) ) ;
#2203 = DIRECTION ( 'NONE',  ( 0.000000000000000000, 0.000000000000000000, -1.000000000000000000 ) ) ;
#2204 = CARTESIAN_POINT ( 'NONE',  ( 0.000000000000000000, 8.699999999999999289, 6.799999999999999822 ) ) ;
#2205 = CARTESIAN_POINT ( 'NONE',  ( 1.135724311311050005, 8.946136669551908227, -1.199999999999999956 ) ) ;
#2206 = DIRECTION ( 'NONE',  ( -0.4999999999999998890, 0.8660254037844387076, 0.000000000000000000 ) ) ;
#2207 =( LENGTH_UNIT ( ) NAMED_UNIT ( * ) SI_UNIT ( .MILLI., .METRE. ) );
#2208 = ADVANCED_FACE ( 'NONE', ( #1929 ), #3794, .T. ) ;
#2209 = DIRECTION ( 'NONE',  ( 1.000000000000000000, 3.178365879782604653E-14, 0.000000000000000000 ) ) ;
#2210 = MECHANICAL_DESIGN_GEOMETRIC_PRESENTATION_REPRESENTATION (  '', ( #10013 ), #3557 ) ;
#2211 = DIRECTION ( 'NONE',  ( 0.000000000000000000, 0.000000000000000000, 1.000000000000000000 ) ) ;
#2212 =( GEOMETRIC_REPRESENTATION_CONTEXT ( 3 ) GLOBAL_UNCERTAINTY_ASSIGNED_CONTEXT ( ( #3043 ) ) GLOBAL_UNIT_ASSIGNED_CONTEXT ( ( #6494, #922, #12212 ) ) REPRESENTATION_CONTEXT ( 'NONE', 'WORKASPACE' ) );
#2213 = CARTESIAN_POINT ( 'NONE',  ( -2.000000000000000000, 1.649999999999999911, 5.150000000000000355 ) ) ;
#2214 = ORIENTED_EDGE ( 'NONE', *, *, #11980, .F. ) ;
#2215 = ORIENTED_EDGE ( 'NONE', *, *, #3535, .F. ) ;
#2216 = ORIENTED_EDGE ( 'NONE', *, *, #4302, .F. ) ;
#2217 = ORIENTED_EDGE ( 'NONE', *, *, #527, .F. ) ;
#2218 = SURFACE_STYLE_FILL_AREA ( #91 ) ;
#2219 = VECTOR ( 'NONE', #10296, 1000.000000000000000 ) ;
#2220 = ORIENTED_EDGE ( 'NONE', *, *, #6313, .F. ) ;
#2221 = CARTESIAN_POINT ( 'NONE',  ( 3.000000000000000000, 1.699999999999999956, 7.250000000000000000 ) ) ;
#2222 = EDGE_CURVE ( 'NONE', #4749, #9382, #10016, .T. ) ;
#2223 = CARTESIAN_POINT ( 'NONE',  ( -2.366431913239659846, 3.200000000000000178, -4.500000000000000000 ) ) ;
#2224 = FILL_AREA_STYLE_COLOUR ( '', #10061 ) ;
#2225 = DIRECTION ( 'NONE',  ( 0.000000000000000000, -7.589415207398510528E-15, 1.000000000000000000 ) ) ;
#2226 = CARTESIAN_POINT ( 'NONE',  ( 0.000000000000000000, 10.00000000000000000, 7.299999999999999822 ) ) ;
#2227 = LINE ( 'NONE', #5976, #4203 ) ;
#2228 = VECTOR ( 'NONE', #1332, 1000.000000000000000 ) ;
#2229 = VERTEX_POINT ( 'NONE', #11026 ) ;
#2230 = ORIENTED_EDGE ( 'NONE', *, *, #5913, .T. ) ;
#2231 = PLANE ( 'NONE',  #10609 ) ;
#2232 = DIRECTION ( 'NONE',  ( 0.000000000000000000, 0.000000000000000000, 1.000000000000000000 ) ) ;
#2233 = CARTESIAN_POINT ( 'NONE',  ( 2.850000000000000089, 0.5500000000000000444, -8.500000000000000000 ) ) ;
#2234 = EDGE_CURVE ( 'NONE', #11239, #6097, #8732, .T. ) ;
#2235 = MECHANICAL_DESIGN_GEOMETRIC_PRESENTATION_REPRESENTATION (  '', ( #6028 ), #8044 ) ;
#2236 =( NAMED_UNIT ( * ) PLANE_ANGLE_UNIT ( ) SI_UNIT ( $, .RADIAN. ) );
#2237 = VECTOR ( 'NONE', #4839, 1000.000000000000000 ) ;
#2238 =( NAMED_UNIT ( * ) SI_UNIT ( $, .STERADIAN. ) SOLID_ANGLE_UNIT ( ) );
#2239 = LINE ( 'NONE', #8071, #8352 ) ;
#2240 =( NAMED_UNIT ( * ) PLANE_ANGLE_UNIT ( ) SI_UNIT ( $, .RADIAN. ) );
#2241 = LINE ( 'NONE', #5172, #7332 ) ;
#2242 = COLOUR_RGB ( '',0.2509803921568627416, 0.2509803921568627416, 0.2509803921568627416 ) ;
#2243 = VECTOR ( 'NONE', #10453, 999.9999999999998863 ) ;
#2244 = LINE ( 'NONE', #3166, #2070 ) ;
#2245 = ORIENTED_EDGE ( 'NONE', *, *, #7728, .F. ) ;
#2246 = CARTESIAN_POINT ( 'NONE',  ( 2.475435743013954859, 7.525688402361390139, -1.199999999999999956 ) ) ;
#2247 = PLANE ( 'NONE',  #10530 ) ;
#2248 =( NAMED_UNIT ( * ) PLANE_ANGLE_UNIT ( ) SI_UNIT ( $, .RADIAN. ) );
#2249 = LINE ( 'NONE', #7209, #7097 ) ;
#2250 = ADVANCED_FACE ( 'NONE', ( #295 ), #5114, .F. ) ;
#2251 = FILL_AREA_STYLE_COLOUR ( '', #8139 ) ;
#2252 = EDGE_CURVE ( 'NONE', #3281, #10687, #6253, .T. ) ;
#2253 = MECHANICAL_DESIGN_GEOMETRIC_PRESENTATION_REPRESENTATION (  '', ( #6651 ), #1055 ) ;
#2254 = SURFACE_STYLE_USAGE ( .BOTH. , #363 ) ;
#2255 = COLOUR_RGB ( '',0.2509803921568627416, 0.2509803921568627416, 0.2509803921568627416 ) ;
#2256 = CARTESIAN_POINT ( 'NONE',  ( 8.449999999999999289, 2.700000000000000178, 7.299999999999999822 ) ) ;
#2257 = CARTESIAN_POINT ( 'NONE',  ( -10.09999999999999964, 21.14999999999999858, 7.299999999999999822 ) ) ;
#2258 = ORIENTED_EDGE ( 'NONE', *, *, #11146, .F. ) ;
#2259 = VERTEX_POINT ( 'NONE', #9958 ) ;
#2260 = DIRECTION ( 'NONE',  ( 0.000000000000000000, 0.000000000000000000, 1.000000000000000000 ) ) ;
#2261 = ORIENTED_EDGE ( 'NONE', *, *, #162, .T. ) ;
#2262 = EDGE_CURVE ( 'NONE', #2280, #462, #6932, .T. ) ;
#2263 = ORIENTED_EDGE ( 'NONE', *, *, #4621, .F. ) ;
#2264 =( NAMED_UNIT ( * ) PLANE_ANGLE_UNIT ( ) SI_UNIT ( $, .RADIAN. ) );
#2265 = FACE_OUTER_BOUND ( 'NONE', #139, .T. ) ;
#2266 = AXIS2_PLACEMENT_3D ( 'NONE', #4654, #8251, #2718 ) ;
#2267 = LINE ( 'NONE', #3829, #8033 ) ;
#2268 = CARTESIAN_POINT ( 'NONE',  ( -3.000000000000000000, 1.949999999999999956, 7.250000000000000000 ) ) ;
#2269 = DIRECTION ( 'NONE',  ( 0.000000000000000000, 1.000000000000000000, 0.000000000000000000 ) ) ;
#2270 = EDGE_CURVE ( 'NONE', #2897, #1266, #928, .T. ) ;
#2271 = CARTESIAN_POINT ( 'NONE',  ( -0.4500000000000370370, 11.37942286340599907, -1.199999999999999956 ) ) ;
#2272 = DIRECTION ( 'NONE',  ( 1.000000000000000000, -4.057832692343404916E-16, 0.000000000000000000 ) ) ;
#2273 = AXIS2_PLACEMENT_3D ( 'NONE', #7962, #5245, #2186 ) ;
#2274 = DIRECTION ( 'NONE',  ( 0.000000000000000000, 0.000000000000000000, 1.000000000000000000 ) ) ;
#2275 = CIRCLE ( 'NONE', #9473, 0.9000000000000301092 ) ;
#2276 = VECTOR ( 'NONE', #4552, 1000.000000000000000 ) ;
#2277 =( NAMED_UNIT ( * ) PLANE_ANGLE_UNIT ( ) SI_UNIT ( $, .RADIAN. ) );
#2278 = LINE ( 'NONE', #10600, #6070 ) ;
#2279 = VECTOR ( 'NONE', #136, 1000.000000000000000 ) ;
#2280 = VERTEX_POINT ( 'NONE', #8028 ) ;
#2281 = VERTEX_POINT ( 'NONE', #1495 ) ;
#2282 = ORIENTED_EDGE ( 'NONE', *, *, #2252, .F. ) ;
#2283 = EDGE_LOOP ( 'NONE', ( #658, #3822, #10543, #1204 ) ) ;
#2284 = LINE ( 'NONE', #7298, #4835 ) ;
#2285 = EDGE_LOOP ( 'NONE', ( #3338, #9667, #10797, #2129 ) ) ;
#2286 = VECTOR ( 'NONE', #6126, 1000.000000000000000 ) ;
#2287 = SURFACE_STYLE_FILL_AREA ( #5218 ) ;
#2288 = CARTESIAN_POINT ( 'NONE',  ( -8.449999999999999289, 2.700000000000000178, 7.299999999999999822 ) ) ;
#2289 = CYLINDRICAL_SURFACE ( 'NONE', #5258, 0.2500000000000002220 ) ;
#2290 = CARTESIAN_POINT ( 'NONE',  ( 0.000000000000000000, 10.00000000000000000, 7.250000000000000000 ) ) ;
#2291 = EDGE_CURVE ( 'NONE', #4612, #10388, #5182, .T. ) ;
#2292 = CARTESIAN_POINT ( 'NONE',  ( 2.850000000000000089, 3.200000000000000178, -4.500000000000000000 ) ) ;
#2293 = AXIS2_PLACEMENT_3D ( 'NONE', #2575, #7179, #5395 ) ;
#2294 = UNCERTAINTY_MEASURE_WITH_UNIT (LENGTH_MEASURE( 1.000000000000000082E-05 ), #1209, 'distance_accuracy_value', 'NONE');
#2295 = EDGE_CURVE ( 'NONE', #11258, #6094, #120, .T. ) ;
#2296 = VERTEX_POINT ( 'NONE', #7150 ) ;
#2297 = VERTEX_POINT ( 'NONE', #10963 ) ;
#2298 = CARTESIAN_POINT ( 'NONE',  ( -10.15000000000017977, 17.89999999999999858, -4.599999999999999645 ) ) ;
#2299 = PRESENTATION_STYLE_ASSIGNMENT (( #2414 ) ) ;
#2300 = DIRECTION ( 'NONE',  ( 0.000000000000000000, 0.000000000000000000, -1.000000000000000000 ) ) ;
#2301 = DIRECTION ( 'NONE',  ( 0.000000000000000000, 0.000000000000000000, -1.000000000000000000 ) ) ;
#2302 = CARTESIAN_POINT ( 'NONE',  ( 8.550000000000000711, 3.200000000000040146, -11.25000000000000000 ) ) ;
#2303 = DIRECTION ( 'NONE',  ( 0.000000000000000000, 0.000000000000000000, -1.000000000000000000 ) ) ;
#2304 = LINE ( 'NONE', #5104, #2898 ) ;
#2305 = MECHANICAL_DESIGN_GEOMETRIC_PRESENTATION_REPRESENTATION (  '', ( #9714 ), #2086 ) ;
#2306 = COLOUR_RGB ( '',0.2509803921568627416, 0.2509803921568627416, 0.2509803921568627416 ) ;
#2307 = EDGE_CURVE ( 'NONE', #4749, #8688, #494, .T. ) ;
#2308 = UNCERTAINTY_MEASURE_WITH_UNIT (LENGTH_MEASURE( 1.000000000000000082E-05 ), #4907, 'distance_accuracy_value', 'NONE');
#2309 = LINE ( 'NONE', #11179, #7887 ) ;
#2310 = AXIS2_PLACEMENT_3D ( 'NONE', #2490, #10141, #5249 ) ;
#2311 = ORIENTED_EDGE ( 'NONE', *, *, #3541, .T. ) ;
#2312 = DIRECTION ( 'NONE',  ( 0.000000000000000000, 7.589415207398510528E-15, -1.000000000000000000 ) ) ;
#2313 = CARTESIAN_POINT ( 'NONE',  ( 0.3499999999999999778, -3.000000000000000000, -5.500000000000000000 ) ) ;
#2314 = CARTESIAN_POINT ( 'NONE',  ( -1.649999999999999911, -1.539499158440714680E-14, -8.849999999999999645 ) ) ;
#2315 = CARTESIAN_POINT ( 'NONE',  ( 10.14999999999999858, 17.89999999999999858, -11.24999999999986144 ) ) ;
#2316 = VECTOR ( 'NONE', #5165, 1000.000000000000000 ) ;
#2317 = LINE ( 'NONE', #6131, #3937 ) ;
#2318 = FACE_OUTER_BOUND ( 'NONE', #12252, .T. ) ;
#2319 = AXIS2_PLACEMENT_3D ( 'NONE', #7461, #687, #12045 ) ;
#2320 = LINE ( 'NONE', #10248, #9393 ) ;
#2321 = ORIENTED_EDGE ( 'NONE', *, *, #6699, .F. ) ;
#2322 = ORIENTED_EDGE ( 'NONE', *, *, #7701, .F. ) ;
#2323 = EDGE_CURVE ( 'NONE', #4462, #3743, #3358, .T. ) ;
#2324 = VERTEX_POINT ( 'NONE', #12093 ) ;
#2325 = CARTESIAN_POINT ( 'NONE',  ( -10.15000000000021885, 21.19999999999969731, 5.700000000000070344 ) ) ;
#2326 = VERTEX_POINT ( 'NONE', #11391 ) ;
#2327 = VECTOR ( 'NONE', #11709, 1000.000000000000000 ) ;
#2328 = SURFACE_STYLE_FILL_AREA ( #9275 ) ;
#2329 = CARTESIAN_POINT ( 'NONE',  ( -7.849999999999999645, 3.200000000000000178, -8.500000000000000000 ) ) ;
#2330 = VECTOR ( 'NONE', #2443, 1000.000000000000000 ) ;
#2331 = LINE ( 'NONE', #2204, #3002 ) ;
#2332 = CARTESIAN_POINT ( 'NONE',  ( 1.968193061355719919, 11.21240298306872063, -1.199999999999999956 ) ) ;
#2333 = COLOUR_RGB ( '',0.2509803921568627416, 0.2509803921568627416, 0.2509803921568627416 ) ;
#2334 = FILL_AREA_STYLE ('',( #11930 ) ) ;
#2335 = CARTESIAN_POINT ( 'NONE',  ( 8.400000000000000355, 8.599999999999999645, -4.599999999999999645 ) ) ;
#2336 =( NAMED_UNIT ( * ) SI_UNIT ( $, .STERADIAN. ) SOLID_ANGLE_UNIT ( ) );
#2337 = FILL_AREA_STYLE ('',( #11745 ) ) ;
#2338 = CYLINDRICAL_SURFACE ( 'NONE', #6575, 7.200000000000000178 ) ;
#2339 = SURFACE_SIDE_STYLE ('',( #1457 ) ) ;
#2340 = ORIENTED_EDGE ( 'NONE', *, *, #4673, .F. ) ;
#2341 = EDGE_CURVE ( 'NONE', #9926, #3743, #1848, .T. ) ;
#2342 = EDGE_CURVE ( 'NONE', #441, #413, #8380, .T. ) ;
#2343 = ORIENTED_EDGE ( 'NONE', *, *, #6988, .F. ) ;
#2344 = ORIENTED_EDGE ( 'NONE', *, *, #4980, .F. ) ;
#2345 = ORIENTED_EDGE ( 'NONE', *, *, #6902, .F. ) ;
#2346 = LINE ( 'NONE', #4209, #6041 ) ;
#2348 = VERTEX_POINT ( 'NONE', #8502 ) ;
#2347 = UNCERTAINTY_MEASURE_WITH_UNIT (LENGTH_MEASURE( 1.000000000000000082E-05 ), #2098, 'distance_accuracy_value', 'NONE');
#2349 = SURFACE_STYLE_FILL_AREA ( #9933 ) ;
#2350 = FILL_AREA_STYLE ('',( #10941 ) ) ;
#2351 = CARTESIAN_POINT ( 'NONE',  ( -2.000000000000000000, -2.401009032218150097, 5.150000000000000355 ) ) ;
#2352 = ADVANCED_FACE ( 'NONE', ( #3659 ), #10255, .F. ) ;
#2353 = STYLED_ITEM ( 'NONE', ( #5939 ), #11274 ) ;
#2354 = ORIENTED_EDGE ( 'NONE', *, *, #6324, .F. ) ;
#2355 = ORIENTED_EDGE ( 'NONE', *, *, #10304, .T. ) ;
#2356 = PLANE ( 'NONE',  #10015 ) ;
#2357 = STYLED_ITEM ( 'NONE', ( #6687 ), #3460 ) ;
#2358 = CARTESIAN_POINT ( 'NONE',  ( -1.696012879608009838, 7.975688402361449825, 6.799999999999999822 ) ) ;
#2359 = DIRECTION ( 'NONE',  ( 0.000000000000000000, 0.000000000000000000, -1.000000000000000000 ) ) ;
#2360 = CARTESIAN_POINT ( 'NONE',  ( 10.11464466094068015, 21.40200000000000102, 7.250000000000000000 ) ) ;
#2361 = CARTESIAN_POINT ( 'NONE',  ( 0.000000000000000000, 10.00000000000000000, 6.000000000000000000 ) ) ;
#2362 = LINE ( 'NONE', #6183, #8948 ) ;
#2363 = EDGE_CURVE ( 'NONE', #11965, #1408, #1674, .T. ) ;
#2364 = DIRECTION ( 'NONE',  ( 1.000000000000000000, 0.000000000000000000, 0.000000000000000000 ) ) ;
#2365 = LINE ( 'NONE', #3161, #2327 ) ;
#2366 = ORIENTED_EDGE ( 'NONE', *, *, #675, .T. ) ;
#2367 = DIRECTION ( 'NONE',  ( 0.000000000000000000, -1.000000000000000000, -7.589415207398527883E-15 ) ) ;
#2368 = DIRECTION ( 'NONE',  ( 0.000000000000000000, -1.000000000000000000, 0.000000000000000000 ) ) ;
#2369 = LINE ( 'NONE', #8899, #3586 ) ;
#2370 = UNCERTAINTY_MEASURE_WITH_UNIT (LENGTH_MEASURE( 1.000000000000000082E-05 ), #9366, 'distance_accuracy_value', 'NONE');
#2371 = EDGE_CURVE ( 'NONE', #7353, #10414, #2794, .T. ) ;
#2372 = SURFACE_STYLE_USAGE ( .BOTH. , #4305 ) ;
#2373 = LINE ( 'NONE', #3177, #9914 ) ;
#2374 = EDGE_CURVE ( 'NONE', #9049, #10784, #3720, .T. ) ;
#2375 = LINE ( 'NONE', #4180, #6581 ) ;
#2376 = EDGE_LOOP ( 'NONE', ( #774, #10373, #1682, #6658 ) ) ;
#2377 = UNCERTAINTY_MEASURE_WITH_UNIT (LENGTH_MEASURE( 1.000000000000000082E-05 ), #4307, 'distance_accuracy_value', 'NONE');
#2378 = FILL_AREA_STYLE ('',( #5191 ) ) ;
#2379 = VERTEX_POINT ( 'NONE', #12339 ) ;
#2380 = DIRECTION ( 'NONE',  ( -2.168404344970755200E-16, -1.000000000000000000, 3.391901413832840351E-15 ) ) ;
#2381 = FACE_OUTER_BOUND ( 'NONE', #836, .T. ) ;
#2382 = PRESENTATION_LAYER_ASSIGNMENT (  '', '', ( #9802 ) ) ;
#2383 = CARTESIAN_POINT ( 'NONE',  ( 1.576611713483630162, 12.39811920918740107, -1.199999999999999956 ) ) ;
#2384 = PRODUCT_DEFINITION_CONTEXT ( 'detailed design', #6570, 'design' ) ;
#2385 = SURFACE_STYLE_USAGE ( .BOTH. , #8041 ) ;
#2386 = CARTESIAN_POINT ( 'NONE',  ( 7.500000000000000000, -2.103310660150734979, 0.7249999999999999778 ) ) ;
#2387 = VECTOR ( 'NONE', #8153, 1000.000000000000000 ) ;
#2388 = EDGE_CURVE ( 'NONE', #174, #7922, #2728, .T. ) ;
#2389 = DIRECTION ( 'NONE',  ( 0.000000000000000000, -1.000000000000000000, 0.000000000000000000 ) ) ;
#2390 = COLOUR_RGB ( '',0.2509803921568627416, 0.2509803921568627416, 0.2509803921568627416 ) ;
#2391 = CARTESIAN_POINT ( 'NONE',  ( 0.000000000000000000, 10.00000000000000000, 7.299999999999999822 ) ) ;
#2392 = ORIENTED_EDGE ( 'NONE', *, *, #2700, .F. ) ;
#2393 = UNCERTAINTY_MEASURE_WITH_UNIT (LENGTH_MEASURE( 1.000000000000000082E-05 ), #12067, 'distance_accuracy_value', 'NONE');
#2394 = CIRCLE ( 'NONE', #2977, 1.600000000000000755 ) ;
#2395 = VERTEX_POINT ( 'NONE', #614 ) ;
#2396 = VERTEX_POINT ( 'NONE', #7577 ) ;
#2397 = ORIENTED_EDGE ( 'NONE', *, *, #1570, .F. ) ;
#2398 = CARTESIAN_POINT ( 'NONE',  ( 3.000000000000000000, 1.649999999999999911, 4.899999999999999467 ) ) ;
#2399 = VERTEX_POINT ( 'NONE', #6433 ) ;
#2400 = ADVANCED_FACE ( 'NONE', ( #1735 ), #4539, .F. ) ;
#2401 = LINE ( 'NONE', #9868, #650 ) ;
#2402 = EDGE_CURVE ( 'NONE', #2146, #6026, #6619, .T. ) ;
#2403 = DIRECTION ( 'NONE',  ( 1.000000000000000000, 0.000000000000000000, 0.000000000000000000 ) ) ;
#2404 = EDGE_CURVE ( 'NONE', #6097, #8547, #8854, .T. ) ;
#2405 = DIRECTION ( 'NONE',  ( -1.000000000000000000, 0.000000000000000000, 0.000000000000000000 ) ) ;
#2406 = LINE ( 'NONE', #2351, #7537 ) ;
#2407 = ORIENTED_EDGE ( 'NONE', *, *, #8901, .F. ) ;
#2408 = STYLED_ITEM ( 'NONE', ( #2966 ), #9145 ) ;
#2409 = VERTEX_POINT ( 'NONE', #8441 ) ;
#2410 = VECTOR ( 'NONE', #8031, 1000.000000000000000 ) ;
#2411 = ORIENTED_EDGE ( 'NONE', *, *, #1570, .T. ) ;
#2412 =( NAMED_UNIT ( * ) SI_UNIT ( $, .STERADIAN. ) SOLID_ANGLE_UNIT ( ) );
#2413 =( NAMED_UNIT ( * ) SI_UNIT ( $, .STERADIAN. ) SOLID_ANGLE_UNIT ( ) );
#2414 = SURFACE_STYLE_USAGE ( .BOTH. , #5984 ) ;
#2415 = FILL_AREA_STYLE ('',( #9944 ) ) ;
#2416 = EDGE_CURVE ( 'NONE', #10590, #8419, #12274, .T. ) ;
#2417 = CARTESIAN_POINT ( 'NONE',  ( 10.09999999999999964, 21.14999999999999858, 7.500000000000000000 ) ) ;
#2418 = PLANE ( 'NONE',  #6350 ) ;
#2419 = CARTESIAN_POINT ( 'NONE',  ( -7.200000000000000178, 10.00000000000000000, 7.200000000000000178 ) ) ;
#2420 = VECTOR ( 'NONE', #9159, 1000.000000000000000 ) ;
#2421 = CARTESIAN_POINT ( 'NONE',  ( 1.445610957098677922E-15, 10.59999999999999964, -1.199999999999999956 ) ) ;
#2422 = STYLED_ITEM ( 'NONE', ( #6616 ), #9978 ) ;
#2423 = ORIENTED_EDGE ( 'NONE', *, *, #1221, .F. ) ;
#2424 = CARTESIAN_POINT ( 'NONE',  ( 1.649999999999999911, 3.200000000000000178, -4.500000000000000000 ) ) ;
#2425 = DIRECTION ( 'NONE',  ( 0.000000000000000000, 0.000000000000000000, 1.000000000000000000 ) ) ;
#2426 = AXIS2_PLACEMENT_3D ( 'NONE', #10949, #8012, #10064 ) ;
#2427 = DIRECTION ( 'NONE',  ( -3.718869191154470885E-15, -2.430783809261810365E-44, -1.000000000000000000 ) ) ;
#2428 = CARTESIAN_POINT ( 'NONE',  ( -3.035724311311005064, 5.655240135171010429, -1.199999999999999956 ) ) ;
#2429 = SURFACE_SIDE_STYLE ('',( #3172 ) ) ;
#2430 = CARTESIAN_POINT ( 'NONE',  ( 0.3499999999999999778, -3.000000000000000000, -4.500000000000000000 ) ) ;
#2431 = FILL_AREA_STYLE ('',( #1380 ) ) ;
#2432 = CARTESIAN_POINT ( 'NONE',  ( 10.09999999999999964, 21.14999999999999858, 7.299999999999999822 ) ) ;
#2433 = CARTESIAN_POINT ( 'NONE',  ( 5.899999999999999467, 10.00000000000000000, 24.08550494769779959 ) ) ;
#2434 = MECHANICAL_DESIGN_GEOMETRIC_PRESENTATION_REPRESENTATION (  '', ( #8850 ), #9852 ) ;
#2435 = COLOUR_RGB ( '',0.2509803921568627416, 0.2509803921568627416, 0.2509803921568627416 ) ;
#2436 = ORIENTED_EDGE ( 'NONE', *, *, #10886, .T. ) ;
#2437 = ORIENTED_EDGE ( 'NONE', *, *, #11907, .F. ) ;
#2438 = EDGE_LOOP ( 'NONE', ( #11061, #11366, #9867, #9409 ) ) ;
#2439 = ADVANCED_FACE ( 'NONE', ( #7695 ), #7883, .F. ) ;
#2440 = FILL_AREA_STYLE ('',( #11985 ) ) ;
#2441 = FACE_OUTER_BOUND ( 'NONE', #1300, .T. ) ;
#2442 = CARTESIAN_POINT ( 'NONE',  ( 0.000000000000000000, 10.00000000000000000, 24.08550494769779959 ) ) ;
#2443 = DIRECTION ( 'NONE',  ( 2.168404344971010101E-16, -1.000000000000000000, 1.825171967322139805E-47 ) ) ;
#2444 = DIRECTION ( 'NONE',  ( 0.9063077870366416100, 0.4226182617407173714, 0.000000000000000000 ) ) ;
#2445 = CARTESIAN_POINT ( 'NONE',  ( 2.000000000000000000, -3.500000000000000000, 5.100000000000000533 ) ) ;
#2446 = CARTESIAN_POINT ( 'NONE',  ( -3.000000000000000000, 1.649999999999999911, 5.150000000000000355 ) ) ;
#2447 = DIRECTION ( 'NONE',  ( 1.000000000000000000, 0.000000000000000000, 0.000000000000000000 ) ) ;
#2448 = DIRECTION ( 'NONE',  ( 1.000000000000000000, 0.000000000000000000, 0.000000000000000000 ) ) ;
#2449 = AXIS2_PLACEMENT_3D ( 'NONE', #10355, #1773, #840 ) ;
#2450 = CARTESIAN_POINT ( 'NONE',  ( 0.3499999999999999778, 3.200000000000000178, -4.500000000000000000 ) ) ;
#2451 = VERTEX_POINT ( 'NONE', #2914 ) ;
#2452 = ORIENTED_EDGE ( 'NONE', *, *, #5506, .T. ) ;
#2453 = ORIENTED_EDGE ( 'NONE', *, *, #10506, .F. ) ;
#2454 = ADVANCED_FACE ( 'NONE', ( #7640 ), #6941, .T. ) ;
#2455 = ORIENTED_EDGE ( 'NONE', *, *, #99, .T. ) ;
#2456 = DIRECTION ( 'NONE',  ( 0.000000000000000000, 0.000000000000000000, 1.000000000000000000 ) ) ;
#2457 = ADVANCED_FACE ( 'NONE', ( #6744 ), #10563, .T. ) ;
#2458 = CARTESIAN_POINT ( 'NONE',  ( 2.473186941766180258, 12.47655937766027989, -1.199999999999999956 ) ) ;
#2459 = ORIENTED_EDGE ( 'NONE', *, *, #11329, .F. ) ;
#2460 = SURFACE_STYLE_USAGE ( .BOTH. , #1528 ) ;
#2461 = CIRCLE ( 'NONE', #9088, 0.9250000000000001554 ) ;
#2462 = CARTESIAN_POINT ( 'NONE',  ( 8.400000000000000355, 8.599999999999999645, -4.599999999999999645 ) ) ;
#2463 = COLOUR_RGB ( '',0.2509803921568627416, 0.2509803921568627416, 0.2509803921568627416 ) ;
#2464 = CARTESIAN_POINT ( 'NONE',  ( -10.14999999999999858, 21.16464466094064889, 7.250000000000000000 ) ) ;
#2465 = DIRECTION ( 'NONE',  ( 0.000000000000000000, 0.000000000000000000, -1.000000000000000000 ) ) ;
#2466 = MECHANICAL_DESIGN_GEOMETRIC_PRESENTATION_REPRESENTATION (  '', ( #9884 ), #8283 ) ;
#2467 = ORIENTED_EDGE ( 'NONE', *, *, #3737, .T. ) ;
#2468 = EDGE_CURVE ( 'NONE', #9425, #2451, #3098, .T. ) ;
#2469 = EDGE_CURVE ( 'NONE', #6963, #9489, #3033, .T. ) ;
#2470 = VERTEX_POINT ( 'NONE', #5853 ) ;
#2471 = VECTOR ( 'NONE', #9017, 1000.000000000000000 ) ;
#2472 = ORIENTED_EDGE ( 'NONE', *, *, #9451, .T. ) ;
#2473 = SURFACE_SIDE_STYLE ('',( #7250 ) ) ;
#2474 = FACE_OUTER_BOUND ( 'NONE', #1575, .T. ) ;
#2475 = LINE ( 'NONE', #10124, #2620 ) ;
#2476 = DIRECTION ( 'NONE',  ( 1.000000000000000000, 0.000000000000000000, 0.000000000000000000 ) ) ;
#2477 = LINE ( 'NONE', #7500, #7363 ) ;
#2478 =( NAMED_UNIT ( * ) SI_UNIT ( $, .STERADIAN. ) SOLID_ANGLE_UNIT ( ) );
#2479 = CARTESIAN_POINT ( 'NONE',  ( -0.3499999999999999778, -3.000000000000000000, -5.000000000000000000 ) ) ;
#2480 = EDGE_CURVE ( 'NONE', #6172, #4060, #10692, .T. ) ;
#2481 = EDGE_CURVE ( 'NONE', #1429, #9156, #4032, .T. ) ;
#2482 = VERTEX_POINT ( 'NONE', #4911 ) ;
#2483 = COLOUR_RGB ( '',0.2509803921568627416, 0.2509803921568627416, 0.2509803921568627416 ) ;
#2484 = MECHANICAL_DESIGN_GEOMETRIC_PRESENTATION_REPRESENTATION (  '', ( #6090 ), #2080 ) ;
#2485 = FILL_AREA_STYLE_COLOUR ( '', #8625 ) ;
#2486 = PLANE ( 'NONE',  #8210 ) ;
#2487 = CARTESIAN_POINT ( 'NONE',  ( -7.150000000000000355, 0.5500000000000000444, -8.500000000000000000 ) ) ;
#2488 = VECTOR ( 'NONE', #8537, 1000.000000000000000 ) ;
#2489 = CARTESIAN_POINT ( 'NONE',  ( -3.000000000000000000, 1.949999999999999956, 7.500000000000000000 ) ) ;
#2490 = CARTESIAN_POINT ( 'NONE',  ( -7.500000000000000000, 0.1653805922286634700, -0.2000000000000000111 ) ) ;
#2491 =( GEOMETRIC_REPRESENTATION_CONTEXT ( 3 ) GLOBAL_UNCERTAINTY_ASSIGNED_CONTEXT ( ( #8992 ) ) GLOBAL_UNIT_ASSIGNED_CONTEXT ( ( #2207, #9798, #1945 ) ) REPRESENTATION_CONTEXT ( 'NONE', 'WORKASPACE' ) );
#2492 = LINE ( 'NONE', #12156, #8398 ) ;
#2493 = ORIENTED_EDGE ( 'NONE', *, *, #10287, .T. ) ;
#2494 = ORIENTED_EDGE ( 'NONE', *, *, #4660, .F. ) ;
#2495 = AXIS2_PLACEMENT_3D ( 'NONE', #7028, #7898, #8835 ) ;
#2496 = EDGE_CURVE ( 'NONE', #9650, #886, #6806, .T. ) ;
#2497 = LINE ( 'NONE', #5324, #642 ) ;
#2498 = CARTESIAN_POINT ( 'NONE',  ( 2.475435743013954859, 7.525688402361390139, -1.199999999999999956 ) ) ;
#2499 = DIRECTION ( 'NONE',  ( 1.000000000000000000, 0.000000000000000000, 0.000000000000000000 ) ) ;
#2500 = CARTESIAN_POINT ( 'NONE',  ( -5.412162652094989923, 9.606453588454071379, 6.799999999999999822 ) ) ;
#2501 = ADVANCED_FACE ( 'NONE', ( #2854 ), #12408, .T. ) ;
#2502 = DIRECTION ( 'NONE',  ( 1.000000000000000000, 0.000000000000000000, 0.000000000000000000 ) ) ;
#2503 =( GEOMETRIC_REPRESENTATION_CONTEXT ( 3 ) GLOBAL_UNCERTAINTY_ASSIGNED_CONTEXT ( ( #9026 ) ) GLOBAL_UNIT_ASSIGNED_CONTEXT ( ( #2616, #12229, #9276 ) ) REPRESENTATION_CONTEXT ( 'NONE', 'WORKASPACE' ) );
#2504 = LINE ( 'NONE', #7229, #8122 ) ;
#2505 = EDGE_CURVE ( 'NONE', #4116, #3716, #8757, .T. ) ;
#2506 = PLANE ( 'NONE',  #7112 ) ;
#2507 = ORIENTED_EDGE ( 'NONE', *, *, #7156, .T. ) ;
#2508 = UNCERTAINTY_MEASURE_WITH_UNIT (LENGTH_MEASURE( 1.000000000000000082E-05 ), #7789, 'distance_accuracy_value', 'NONE');
#2509 = ORIENTED_EDGE ( 'NONE', *, *, #9529, .F. ) ;
#2510 = ORIENTED_EDGE ( 'NONE', *, *, #2469, .T. ) ;
#2511 = AXIS2_PLACEMENT_3D ( 'NONE', #6333, #11040, #12107 ) ;
#2512 = AXIS2_PLACEMENT_3D ( 'NONE', #8335, #8451, #1746 ) ;
#2513 = ORIENTED_EDGE ( 'NONE', *, *, #3239, .T. ) ;
#2514 = CARTESIAN_POINT ( 'NONE',  ( -5.412162652094989923, 9.606453588454071379, -1.199999999999999956 ) ) ;
#2515 = DIRECTION ( 'NONE',  ( -1.298436238251450266E-29, 1.000000000000000000, 2.414357261555910084E-44 ) ) ;
#2516 = ORIENTED_EDGE ( 'NONE', *, *, #10354, .T. ) ;
#2517 = MECHANICAL_DESIGN_GEOMETRIC_PRESENTATION_REPRESENTATION (  '', ( #7540 ), #8531 ) ;
#2518 = SURFACE_SIDE_STYLE ('',( #2699 ) ) ;
#2519 = ADVANCED_FACE ( 'NONE', ( #9581, #10627, #1049, #985 ), #11703, .F. ) ;
#2520 = AXIS2_PLACEMENT_3D ( 'NONE', #11529, #11470, #998 ) ;
#2521 = DIRECTION ( 'NONE',  ( 0.000000000000000000, 0.000000000000000000, 1.000000000000000000 ) ) ;
#2522 = LINE ( 'NONE', #12068, #10614 ) ;
#2523 = VERTEX_POINT ( 'NONE', #6116 ) ;
#2524 = EDGE_CURVE ( 'NONE', #10549, #2201, #4289, .T. ) ;
#2525 = ORIENTED_EDGE ( 'NONE', *, *, #3307, .T. ) ;
#2526 = CARTESIAN_POINT ( 'NONE',  ( 7.849999999999999645, 0.5500000000000000444, -7.000000000000000000 ) ) ;
#2527 =( GEOMETRIC_REPRESENTATION_CONTEXT ( 3 ) GLOBAL_UNCERTAINTY_ASSIGNED_CONTEXT ( ( #5391 ) ) GLOBAL_UNIT_ASSIGNED_CONTEXT ( ( #1211, #11871, #10920 ) ) REPRESENTATION_CONTEXT ( 'NONE', 'WORKASPACE' ) );
#2528 = EDGE_LOOP ( 'NONE', ( #8230, #2599, #7555, #4135, #11920, #10239, #4343, #5255 ) ) ;
#2529 = DIRECTION ( 'NONE',  ( 7.532798415146111112E-29, -7.589415207398529460E-15, 1.000000000000000000 ) ) ;
#2530 = LINE ( 'NONE', #2649, #5699 ) ;
#2531 = UNCERTAINTY_MEASURE_WITH_UNIT (LENGTH_MEASURE( 1.000000000000000082E-05 ), #3106, 'distance_accuracy_value', 'NONE');
#2532 = FACE_OUTER_BOUND ( 'NONE', #2124, .T. ) ;
#2533 = FILL_AREA_STYLE ('',( #6305 ) ) ;
#2534 = CARTESIAN_POINT ( 'NONE',  ( 10.10488155364689966, 21.17504491988744775, 7.292809046835199815 ) ) ;
#2535 = PLANE ( 'NONE',  #9775 ) ;
#2536 = DIRECTION ( 'NONE',  ( 0.000000000000000000, 0.000000000000000000, 1.000000000000000000 ) ) ;
#2537 = EDGE_CURVE ( 'NONE', #671, #9819, #7256, .T. ) ;
#2538 = DIRECTION ( 'NONE',  ( 0.000000000000000000, 1.000000000000000000, 0.000000000000000000 ) ) ;
#2539 = PRESENTATION_LAYER_ASSIGNMENT (  '', '', ( #2353 ) ) ;
#2540 = VERTEX_POINT ( 'NONE', #9823 ) ;
#2541 = CIRCLE ( 'NONE', #344, 7.200000000000000178 ) ;
#2542 = ORIENTED_EDGE ( 'NONE', *, *, #9032, .F. ) ;
#2543 = MECHANICAL_DESIGN_GEOMETRIC_PRESENTATION_REPRESENTATION (  '', ( #4350 ), #11772 ) ;
#2544 = LINE ( 'NONE', #6251, #10837 ) ;
#2545 = DIRECTION ( 'NONE',  ( -1.000000000000000000, 0.000000000000000000, 0.000000000000000000 ) ) ;
#2546 = FILL_AREA_STYLE ('',( #3478 ) ) ;
#2547 = FACE_OUTER_BOUND ( 'NONE', #8986, .T. ) ;
#2548 = EDGE_CURVE ( 'NONE', #6505, #1714, #7196, .T. ) ;
#2549 = EDGE_CURVE ( 'NONE', #2451, #2409, #11771, .T. ) ;
#2550 = PRESENTATION_STYLE_ASSIGNMENT (( #2372 ) ) ;
#2551 = VECTOR ( 'NONE', #11444, 1000.000000000000000 ) ;
#2552 = CARTESIAN_POINT ( 'NONE',  ( 10.16563342331500053, 21.15244762281254864, 7.500000000000000000 ) ) ;
#2553 = FILL_AREA_STYLE ('',( #5373 ) ) ;
#2554 = ORIENTED_EDGE ( 'NONE', *, *, #1622, .F. ) ;
#2555 = VERTEX_POINT ( 'NONE', #480 ) ;
#2556 = PLANE ( 'NONE',  #10888 ) ;
#2557 = LINE ( 'NONE', #7223, #5018 ) ;
#2558 = PRESENTATION_STYLE_ASSIGNMENT (( #2682 ) ) ;
#2559 = AXIS2_PLACEMENT_3D ( 'NONE', #10730, #10856, #2274 ) ;
#2560 =( NAMED_UNIT ( * ) SI_UNIT ( $, .STERADIAN. ) SOLID_ANGLE_UNIT ( ) );
#2561 = CARTESIAN_POINT ( 'NONE',  ( -0.4500000000000000111, -2.176962931357979717E-16, -1.199999999999999956 ) ) ;
#2562 = FACE_OUTER_BOUND ( 'NONE', #4026, .T. ) ;
#2563 = MECHANICAL_DESIGN_GEOMETRIC_PRESENTATION_REPRESENTATION (  '', ( #11997 ), #5971 ) ;
#2564 = DIRECTION ( 'NONE',  ( -1.000000000000000000, 0.000000000000000000, 0.000000000000000000 ) ) ;
#2565 = ADVANCED_FACE ( 'NONE', ( #10883 ), #10005, .F. ) ;
#2566 = CARTESIAN_POINT ( 'NONE',  ( -2.000000000000000000, 1.899999999999999911, 5.100000000000000533 ) ) ;
#2567 = DIRECTION ( 'NONE',  ( 0.000000000000000000, -7.589415207398510528E-15, 1.000000000000000000 ) ) ;
#2568 = CARTESIAN_POINT ( 'NONE',  ( -3.499999638942034696, 10.00158978159489997, 6.799999999999999822 ) ) ;
#2569 = ORIENTED_EDGE ( 'NONE', *, *, #11135, .F. ) ;
#2570 = CIRCLE ( 'NONE', #10607, 0.8000000000000003775 ) ;
#2571 = MECHANICAL_DESIGN_GEOMETRIC_PRESENTATION_REPRESENTATION (  '', ( #11802 ), #8385 ) ;
#2572 = ORIENTED_EDGE ( 'NONE', *, *, #3614, .T. ) ;
#2573 = ORIENTED_EDGE ( 'NONE', *, *, #9081, .T. ) ;
#2574 = ORIENTED_EDGE ( 'NONE', *, *, #8668, .F. ) ;
#2575 = CARTESIAN_POINT ( 'NONE',  ( 2.000000000000000000, 1.899999999999999911, 5.100000000000000533 ) ) ;
#2576 = ADVANCED_FACE ( 'NONE', ( #280 ), #7007, .T. ) ;
#2577 = CARTESIAN_POINT ( 'NONE',  ( 3.000000000000000000, 2.000000000000000000, 7.500000000000000000 ) ) ;
#2578 = SURFACE_STYLE_USAGE ( .BOTH. , #11355 ) ;
#2579 = DIRECTION ( 'NONE',  ( 0.000000000000000000, 1.301042606982603842E-16, -1.000000000000000000 ) ) ;
#2580 = STYLED_ITEM ( 'NONE', ( #105 ), #6379 ) ;
#2581 =( GEOMETRIC_REPRESENTATION_CONTEXT ( 3 ) GLOBAL_UNCERTAINTY_ASSIGNED_CONTEXT ( ( #7163 ) ) GLOBAL_UNIT_ASSIGNED_CONTEXT ( ( #11710, #3162, #9891 ) ) REPRESENTATION_CONTEXT ( 'NONE', 'WORKASPACE' ) );
#2582 =( LENGTH_UNIT ( ) NAMED_UNIT ( * ) SI_UNIT ( .MILLI., .METRE. ) );
#2583 = ORIENTED_EDGE ( 'NONE', *, *, #11403, .T. ) ;
#2584 = ORIENTED_EDGE ( 'NONE', *, *, #1125, .F. ) ;
#2585 = ORIENTED_EDGE ( 'NONE', *, *, #11418, .F. ) ;
#2586 = DIRECTION ( 'NONE',  ( -1.000000000000000000, -1.298436238251450266E-29, 3.718869191154470885E-15 ) ) ;
#2587 =( GEOMETRIC_REPRESENTATION_CONTEXT ( 3 ) GLOBAL_UNCERTAINTY_ASSIGNED_CONTEXT ( ( #4728 ) ) GLOBAL_UNIT_ASSIGNED_CONTEXT ( ( #725, #3517, #2651 ) ) REPRESENTATION_CONTEXT ( 'NONE', 'WORKASPACE' ) );
#2588 = EDGE_CURVE ( 'NONE', #4206, #9682, #3407, .T. ) ;
#2589 = ORIENTED_EDGE ( 'NONE', *, *, #7755, .T. ) ;
#2590 = CARTESIAN_POINT ( 'NONE',  ( -7.500000000000000000, 6.499999999999929834, -0.2000000000000000111 ) ) ;
#2591 = CARTESIAN_POINT ( 'NONE',  ( -7.786542750846689565, 13.15115089915392055, 5.700000000000000178 ) ) ;
#2592 = FACE_OUTER_BOUND ( 'NONE', #9646, .T. ) ;
#2593 = DIRECTION ( 'NONE',  ( 1.000000000000000000, 9.925400323074660971E-15, 7.532798415146090933E-29 ) ) ;
#2594 = DIRECTION ( 'NONE',  ( 0.000000000000000000, 0.000000000000000000, 1.000000000000000000 ) ) ;
#2595 = CARTESIAN_POINT ( 'NONE',  ( -10.32484117970963844, 21.15976310729380216, 7.381540638008389443 ) ) ;
#2596 = CARTESIAN_POINT ( 'NONE',  ( 1.300000000000000044, 14.25499782797525938, 24.08550494769779959 ) ) ;
#2597 = FACE_OUTER_BOUND ( 'NONE', #11256, .T. ) ;
#2598 = AXIS2_PLACEMENT_3D ( 'NONE', #11762, #10684, #6928 ) ;
#2599 = ORIENTED_EDGE ( 'NONE', *, *, #2307, .F. ) ;
#2600 = EDGE_CURVE ( 'NONE', #2326, #3995, #9438, .T. ) ;
#2601 = EDGE_LOOP ( 'NONE', ( #5814, #5288, #4707, #2215 ) ) ;
#2602 = CARTESIAN_POINT ( 'NONE',  ( 10.14999999999999858, 21.19999999999999929, -17.80452084174450178 ) ) ;
#2603 = CARTESIAN_POINT ( 'NONE',  ( -7.349999999999999645, 2.700000000000000178, 7.299999999999999822 ) ) ;
#2604 = VECTOR ( 'NONE', #10788, 1000.000000000000000 ) ;
#2605 = CARTESIAN_POINT ( 'NONE',  ( 2.399999999999999911, -3.500000000000000000, 4.899999999999999467 ) ) ;
#2606 =( NAMED_UNIT ( * ) PLANE_ANGLE_UNIT ( ) SI_UNIT ( $, .RADIAN. ) );
#2607 = SURFACE_STYLE_FILL_AREA ( #11207 ) ;
#2608 = PLANE ( 'NONE',  #1391 ) ;
#2609 = ORIENTED_EDGE ( 'NONE', *, *, #7042, .T. ) ;
#2610 = EDGE_LOOP ( 'NONE', ( #9794, #4011, #2019, #10652 ) ) ;
#2611 = VECTOR ( 'NONE', #2116, 1000.000000000000000 ) ;
#2612 = LINE ( 'NONE', #10207, #9476 ) ;
#2613 = ADVANCED_FACE ( 'NONE', ( #347 ), #11899, .F. ) ;
#2614 = DIRECTION ( 'NONE',  ( 1.000000000000000000, 0.000000000000000000, 0.000000000000000000 ) ) ;
#2615 = ADVANCED_FACE ( 'NONE', ( #7438 ), #9372, .F. ) ;
#2616 =( LENGTH_UNIT ( ) NAMED_UNIT ( * ) SI_UNIT ( .MILLI., .METRE. ) );
#2617 = LINE ( 'NONE', #3490, #9831 ) ;
#2618 = DIRECTION ( 'NONE',  ( 0.000000000000000000, 0.000000000000000000, 1.000000000000000000 ) ) ;
#2619 = SURFACE_STYLE_FILL_AREA ( #10215 ) ;
#2620 = VECTOR ( 'NONE', #5166, 1000.000000000000000 ) ;
#2621 = CIRCLE ( 'NONE', #4225, 0.8999999999999750422 ) ;
#2622 = DIRECTION ( 'NONE',  ( 2.168404344970880185E-16, 1.000000000000000000, -8.064012112477930683E-31 ) ) ;
#2623 = SURFACE_STYLE_USAGE ( .BOTH. , #6395 ) ;
#2624 = CARTESIAN_POINT ( 'NONE',  ( -5.349999999999999645, 3.200000000000000178, -8.500000000000000000 ) ) ;
#2625 = ORIENTED_EDGE ( 'NONE', *, *, #10448, .T. ) ;
#2626 = EDGE_LOOP ( 'NONE', ( #9175, #3025, #9662, #8404, #1127, #11065, #4642, #5150, #2706 ) ) ;
#2627 = EDGE_LOOP ( 'NONE', ( #304, #9903, #9622, #3679 ) ) ;
#2628 = COLOUR_RGB ( '',0.2509803921568627416, 0.2509803921568627416, 0.2509803921568627416 ) ;
#2629 = ORIENTED_EDGE ( 'NONE', *, *, #7841, .F. ) ;
#2630 = EDGE_CURVE ( 'NONE', #12135, #5432, #2030, .T. ) ;
#2631 = AXIS2_PLACEMENT_3D ( 'NONE', #8845, #10786, #2203 ) ;
#2632 = UNCERTAINTY_MEASURE_WITH_UNIT (LENGTH_MEASURE( 1.000000000000000082E-05 ), #6678, 'distance_accuracy_value', 'NONE');
#2633 = LINE ( 'NONE', #12121, #7079 ) ;
#2634 = LINE ( 'NONE', #3393, #5650 ) ;
#2635 = VECTOR ( 'NONE', #6162, 1000.000000000000000 ) ;
#2636 = VECTOR ( 'NONE', #1244, 1000.000000000000000 ) ;
#2637 = PRESENTATION_LAYER_ASSIGNMENT (  '', '', ( #8258 ) ) ;
#2638 = SURFACE_STYLE_FILL_AREA ( #9300 ) ;
#2639 = LINE ( 'NONE', #6474, #2056 ) ;
#2640 = ORIENTED_EDGE ( 'NONE', *, *, #5580, .T. ) ;
#2641 = VERTEX_POINT ( 'NONE', #8427 ) ;
#2642 = VERTEX_POINT ( 'NONE', #1599 ) ;
#2643 = LINE ( 'NONE', #8302, #9095 ) ;
#2644 = VECTOR ( 'NONE', #9610, 1000.000000000000000 ) ;
#2645 = CARTESIAN_POINT ( 'NONE',  ( 7.849999999999999645, 3.200000000000000178, -4.500000000000000000 ) ) ;
#2646 = ORIENTED_EDGE ( 'NONE', *, *, #4945, .T. ) ;
#2647 = PLANE ( 'NONE',  #3589 ) ;
#2648 = COLOUR_RGB ( '',0.2509803921568627416, 0.2509803921568627416, 0.2509803921568627416 ) ;
#2649 = CARTESIAN_POINT ( 'NONE',  ( 3.035724311311020163, 5.655240135171029969, -1.199999999999999956 ) ) ;
#2650 = LINE ( 'NONE', #11185, #1642 ) ;
#2651 =( NAMED_UNIT ( * ) SI_UNIT ( $, .STERADIAN. ) SOLID_ANGLE_UNIT ( ) );
#2652 =( LENGTH_UNIT ( ) NAMED_UNIT ( * ) SI_UNIT ( .MILLI., .METRE. ) );
#2653 = CARTESIAN_POINT ( 'NONE',  ( -10.12609933293813924, 21.15488155364689860, 7.294611345180529227 ) ) ;
#2654 = LINE ( 'NONE', #6487, #10538 ) ;
#2655 = SURFACE_SIDE_STYLE ('',( #1841 ) ) ;
#2656 = COLOUR_RGB ( '',0.2509803921568627416, 0.2509803921568627416, 0.2509803921568627416 ) ;
#2657 = CIRCLE ( 'NONE', #8875, 0.2500000000000000000 ) ;
#2658 =( NAMED_UNIT ( * ) PLANE_ANGLE_UNIT ( ) SI_UNIT ( $, .RADIAN. ) );
#2659 = ADVANCED_FACE ( 'NONE', ( #3518 ), #783, .T. ) ;
#2660 = AXIS2_PLACEMENT_3D ( 'NONE', #1743, #4614, #8449 ) ;
#2661 = CARTESIAN_POINT ( 'NONE',  ( -2.850000000000000089, -3.000000000000000000, -8.000000000000000000 ) ) ;
#2662 = ORIENTED_EDGE ( 'NONE', *, *, #2468, .T. ) ;
#2663 = EDGE_LOOP ( 'NONE', ( #11148, #2311, #7521, #7507 ) ) ;
#2664 = FILL_AREA_STYLE ('',( #6429 ) ) ;
#2665 = CARTESIAN_POINT ( 'NONE',  ( -0.3499999999999999778, 0.5500000000000000444, -9.000000000000000000 ) ) ;
#2666 = DIRECTION ( 'NONE',  ( 0.000000000000000000, 0.000000000000000000, 1.000000000000000000 ) ) ;
#2667 = MECHANICAL_DESIGN_GEOMETRIC_PRESENTATION_REPRESENTATION (  '', ( #8096 ), #5869 ) ;
#2668 = DIRECTION ( 'NONE',  ( 1.000000000000000000, 9.843573744019160371E-15, 0.000000000000000000 ) ) ;
#2669 = CARTESIAN_POINT ( 'NONE',  ( 2.989405734482124988, 11.73932253780022172, -1.199999999999999956 ) ) ;
#2670 = CARTESIAN_POINT ( 'NONE',  ( -1.650000000000039879, 3.200000000000000178, -4.500000000000000000 ) ) ;
#2671 = CARTESIAN_POINT ( 'NONE',  ( 10.14797999999999867, 21.16219726118095323, 7.262595170362720509 ) ) ;
#2672 = LINE ( 'NONE', #8215, #5572 ) ;
#2673 = ADVANCED_FACE ( 'NONE', ( #10363, #1780, #5591, #7317, #9433, #12078, #11070, #1541, #6363 ), #8249, .T. ) ;
#2674 = LINE ( 'NONE', #4611, #8007 ) ;
#2675 = VERTEX_POINT ( 'NONE', #1164 ) ;
#2676 = EDGE_LOOP ( 'NONE', ( #8008, #2345, #9097, #1757, #7274, #2220 ) ) ;
#2677 = VECTOR ( 'NONE', #526, 1000.000000000000000 ) ;
#2678 = VECTOR ( 'NONE', #7776, 1000.000000000000114 ) ;
#2679 = PRESENTATION_STYLE_ASSIGNMENT (( #6386 ) ) ;
#2680 = ORIENTED_EDGE ( 'NONE', *, *, #3737, .F. ) ;
#2681 = FACE_OUTER_BOUND ( 'NONE', #11196, .T. ) ;
#2682 = SURFACE_STYLE_USAGE ( .BOTH. , #2740 ) ;
#2683 = PLANE ( 'NONE',  #7639 ) ;
#2684 = DIRECTION ( 'NONE',  ( 9.925400323074659393E-15, -1.000000000000000000, -7.537786532518269223E-15 ) ) ;
#2685 = CARTESIAN_POINT ( 'NONE',  ( 2.000000000000000000, 1.649999999999999911, 4.899999999999999467 ) ) ;
#2686 = STYLED_ITEM ( 'NONE', ( #6273 ), #263 ) ;
#2687 = CARTESIAN_POINT ( 'NONE',  ( 2.000000000000000000, 1.899999999999999911, 5.150000000000000355 ) ) ;
#2688 = DIRECTION ( 'NONE',  ( 5.782411586589330423E-15, 2.414357261555910084E-44, 1.000000000000000000 ) ) ;
#2689 = EDGE_CURVE ( 'NONE', #10803, #8229, #11504, .T. ) ;
#2690 = SURFACE_STYLE_USAGE ( .BOTH. , #8342 ) ;
#2691 = ORIENTED_EDGE ( 'NONE', *, *, #10178, .F. ) ;
#2692 = ORIENTED_EDGE ( 'NONE', *, *, #5475, .F. ) ;
#2693 = VERTEX_POINT ( 'NONE', #4894 ) ;
#2694 = VERTEX_POINT ( 'NONE', #7562 ) ;
#2695 = CARTESIAN_POINT ( 'NONE',  ( 10.09999999999999964, 8.900000000000000355, 7.250000000000000000 ) ) ;
#2696 = FILL_AREA_STYLE ('',( #9482 ) ) ;
#2697 = MECHANICAL_DESIGN_GEOMETRIC_PRESENTATION_REPRESENTATION (  '', ( #11515 ), #9517 ) ;
#2698 = VECTOR ( 'NONE', #4220, 1000.000000000000000 ) ;
#2699 = SURFACE_STYLE_FILL_AREA ( #12126 ) ;
#2700 = EDGE_CURVE ( 'NONE', #5669, #3633, #7745, .T. ) ;
#2701 = EDGE_CURVE ( 'NONE', #8217, #8767, #9694, .T. ) ;
#2702 = AXIS2_PLACEMENT_3D ( 'NONE', #575, #7164, #5328 ) ;
#2703 = CARTESIAN_POINT ( 'NONE',  ( -10.10244762281249997, 21.21563342331495150, 7.500000000000000000 ) ) ;
#2704 = VECTOR ( 'NONE', #4589, 1000.000000000000000 ) ;
#2705 = EDGE_LOOP ( 'NONE', ( #10714, #7650, #10670, #9526 ) ) ;
#2706 = ORIENTED_EDGE ( 'NONE', *, *, #9599, .T. ) ;
#2707 = ORIENTED_EDGE ( 'NONE', *, *, #571, .T. ) ;
#2708 = CARTESIAN_POINT ( 'NONE',  ( 0.000000000000000000, 10.00000000000000000, 7.299999999999999822 ) ) ;
#2709 = PLANE ( 'NONE',  #2449 ) ;
#2710 = ORIENTED_EDGE ( 'NONE', *, *, #5887, .F. ) ;
#2711 = PRESENTATION_STYLE_ASSIGNMENT (( #10357 ) ) ;
#2712 = DIRECTION ( 'NONE',  ( 0.000000000000000000, 0.000000000000000000, 1.000000000000000000 ) ) ;
#2713 = VECTOR ( 'NONE', #677, 1000.000000000000000 ) ;
#2714 = DIRECTION ( 'NONE',  ( 0.000000000000000000, 0.000000000000000000, 1.000000000000000000 ) ) ;
#2715 = FILL_AREA_STYLE ('',( #6485 ) ) ;
#2716 = DIRECTION ( 'NONE',  ( 0.000000000000000000, -1.000000000000000000, 0.000000000000000000 ) ) ;
#2717 = AXIS2_PLACEMENT_3D ( 'NONE', #59, #1431, #7959 ) ;
#2718 = DIRECTION ( 'NONE',  ( 0.000000000000000000, -1.000000000000000000, 3.491481338843135327E-15 ) ) ;
#2719 = CARTESIAN_POINT ( 'NONE',  ( 7.849999999999999645, -3.000000000000000000, -8.000000000000000000 ) ) ;
#2720 = UNCERTAINTY_MEASURE_WITH_UNIT (LENGTH_MEASURE( 1.000000000000000082E-05 ), #10758, 'distance_accuracy_value', 'NONE');
#2721 =( NAMED_UNIT ( * ) SI_UNIT ( $, .STERADIAN. ) SOLID_ANGLE_UNIT ( ) );
#2722 =( NAMED_UNIT ( * ) SI_UNIT ( $, .STERADIAN. ) SOLID_ANGLE_UNIT ( ) );
#2723 = VECTOR ( 'NONE', #385, 1000.000000000000000 ) ;
#2724 = VERTEX_POINT ( 'NONE', #8678 ) ;
#2725 = VERTEX_POINT ( 'NONE', #973 ) ;
#2726 = EDGE_CURVE ( 'NONE', #2147, #5552, #9500, .T. ) ;
#2727 = CARTESIAN_POINT ( 'NONE',  ( -8.550000000000190781, 17.89999999999999858, -11.24999999999986144 ) ) ;
#2728 = LINE ( 'NONE', #4483, #5430 ) ;
#2729 = AXIS2_PLACEMENT_3D ( 'NONE', #1693, #11045, #2447 ) ;
#2730 = CARTESIAN_POINT ( 'NONE',  ( -10.15000000000021885, 21.19999999999999929, -17.80452084174450178 ) ) ;
#2731 = DIRECTION ( 'NONE',  ( 0.4226182617406998854, 0.9063077870366498257, 0.000000000000000000 ) ) ;
#2732 = DIRECTION ( 'NONE',  ( 0.4226182617406808451, 0.9063077870366587074, 0.000000000000000000 ) ) ;
#2733 = CARTESIAN_POINT ( 'NONE',  ( 10.09999999999999964, 8.900000000000000355, 7.250000000000000000 ) ) ;
#2734 = PRESENTATION_STYLE_ASSIGNMENT (( #5549 ) ) ;
#2735 = AXIS2_PLACEMENT_3D ( 'NONE', #11636, #4853, #3101 ) ;
#2736 = ORIENTED_EDGE ( 'NONE', *, *, #2307, .T. ) ;
#2737 = FILL_AREA_STYLE_COLOUR ( '', #259 ) ;
#2738 = EDGE_LOOP ( 'NONE', ( #9939, #9560, #1231, #10022 ) ) ;
#2739 = DIRECTION ( 'NONE',  ( -0.7071067811865405783, -0.7071067811865545671, -5.366526958391795629E-15 ) ) ;
#2740 = SURFACE_SIDE_STYLE ('',( #7341 ) ) ;
#2741 =( NAMED_UNIT ( * ) SI_UNIT ( $, .STERADIAN. ) SOLID_ANGLE_UNIT ( ) );
#2742 = EDGE_CURVE ( 'NONE', #5007, #1429, #11375, .T. ) ;
#2743 = CARTESIAN_POINT ( 'NONE',  ( 2.000000000000000000, 1.649999999999999911, 5.150000000000000355 ) ) ;
#2744 = LINE ( 'NONE', #1868, #919 ) ;
#2745 = PRESENTATION_STYLE_ASSIGNMENT (( #3736 ) ) ;
#2746 = PRESENTATION_LAYER_ASSIGNMENT (  '', '', ( #1949 ) ) ;
#2747 = DIRECTION ( 'NONE',  ( 7.532798415146111112E-29, -7.589415207398529460E-15, 1.000000000000000000 ) ) ;
#2748 = CARTESIAN_POINT ( 'NONE',  ( -10.14999999999999858, -2.257183664300330015E-14, -4.600000000000090239 ) ) ;
#2749 = PRESENTATION_LAYER_ASSIGNMENT (  '', '', ( #4350 ) ) ;
#2750 = EDGE_CURVE ( 'NONE', #3012, #10388, #5905, .T. ) ;
#2751 = MECHANICAL_DESIGN_GEOMETRIC_PRESENTATION_REPRESENTATION (  '', ( #11781 ), #2162 ) ;
#2752 = SURFACE_STYLE_FILL_AREA ( #11285 ) ;
#2753 = ORIENTED_EDGE ( 'NONE', *, *, #4595, .T. ) ;
#2755 = ORIENTED_EDGE ( 'NONE', *, *, #8528, .F. ) ;
#2754 = VECTOR ( 'NONE', #4777, 1000.000000000000000 ) ;
#2756 = ORIENTED_EDGE ( 'NONE', *, *, #2341, .T. ) ;
#2757 = ORIENTED_EDGE ( 'NONE', *, *, #7002, .T. ) ;
#2758 = FACE_OUTER_BOUND ( 'NONE', #125, .T. ) ;
#2759 = EDGE_CURVE ( 'NONE', #11645, #2201, #8552, .T. ) ;
#2760 = SURFACE_SIDE_STYLE ('',( #3564 ) ) ;
#2761 = FILL_AREA_STYLE_COLOUR ( '', #5158 ) ;
#2762 = PRESENTATION_LAYER_ASSIGNMENT (  '', '', ( #8782 ) ) ;
#2763 = CARTESIAN_POINT ( 'NONE',  ( 7.849999999999999645, 13.15000000000011937, -9.549747468305840314 ) ) ;
#2764 = VECTOR ( 'NONE', #5155, 1000.000000000000000 ) ;
#2765 = CARTESIAN_POINT ( 'NONE',  ( 5.349999999999999645, -3.000000000000000000, -4.500000000000000000 ) ) ;
#2766 = ORIENTED_EDGE ( 'NONE', *, *, #4692, .T. ) ;
#2767 = ORIENTED_EDGE ( 'NONE', *, *, #2926, .F. ) ;
#2768 = ORIENTED_EDGE ( 'NONE', *, *, #4608, .T. ) ;
#2769 = ORIENTED_EDGE ( 'NONE', *, *, #1488, .F. ) ;
#2770 =( LENGTH_UNIT ( ) NAMED_UNIT ( * ) SI_UNIT ( .MILLI., .METRE. ) );
#2771 = EDGE_CURVE ( 'NONE', #5554, #10529, #4421, .T. ) ;
#2772 = CARTESIAN_POINT ( 'NONE',  ( 8.400000000000000355, 10.00000000000000000, -4.599999999999999645 ) ) ;
#2773 = ORIENTED_EDGE ( 'NONE', *, *, #6813, .F. ) ;
#2774 = CARTESIAN_POINT ( 'NONE',  ( 1.135724311311050005, 8.946136669551908227, -1.199999999999999956 ) ) ;
#2775 = EDGE_CURVE ( 'NONE', #3556, #6027, #12393, .T. ) ;
#2776 = DIRECTION ( 'NONE',  ( 3.718869191154470885E-15, 2.432608981229129908E-44, 1.000000000000000000 ) ) ;
#2777 = AXIS2_PLACEMENT_3D ( 'NONE', #11524, #10385, #994 ) ;
#2778 = CARTESIAN_POINT ( 'NONE',  ( 0.000000000000000000, 10.00000000000000000, 7.200000000000000178 ) ) ;
#2779 = CARTESIAN_POINT ( 'NONE',  ( 10.05000000000000071, -1.224646799147346027E-17, 7.299999999999999822 ) ) ;
#2780 = DIRECTION ( 'NONE',  ( 0.000000000000000000, -1.000000000000000000, 0.000000000000000000 ) ) ;
#2781 =( GEOMETRIC_REPRESENTATION_CONTEXT ( 3 ) GLOBAL_UNCERTAINTY_ASSIGNED_CONTEXT ( ( #764 ) ) GLOBAL_UNIT_ASSIGNED_CONTEXT ( ( #8493, #12331, #5725 ) ) REPRESENTATION_CONTEXT ( 'NONE', 'WORKASPACE' ) );
#2782 =( NAMED_UNIT ( * ) SI_UNIT ( $, .STERADIAN. ) SOLID_ANGLE_UNIT ( ) );
#2783 = CARTESIAN_POINT ( 'NONE',  ( -0.3499999999999999778, 0.5500000000000000444, -6.000000000000000000 ) ) ;
#2784 = DIRECTION ( 'NONE',  ( 0.000000000000000000, -1.000000000000000000, 0.000000000000000000 ) ) ;
#2785 = CARTESIAN_POINT ( 'NONE',  ( 1.649999999999999911, 3.200000000000000178, -8.849999999999999645 ) ) ;
#2786 =( LENGTH_UNIT ( ) NAMED_UNIT ( * ) SI_UNIT ( .MILLI., .METRE. ) );
#2787 = VECTOR ( 'NONE', #12338, 1000.000000000000000 ) ;
#2788 = CARTESIAN_POINT ( 'NONE',  ( -7.850000000000129319, 12.77500000000000036, -6.099999999999901057 ) ) ;
#2789 = ORIENTED_EDGE ( 'NONE', *, *, #7974, .T. ) ;
#2790 = ORIENTED_EDGE ( 'NONE', *, *, #7748, .T. ) ;
#2791 = EDGE_CURVE ( 'NONE', #10203, #2981, #11442, .T. ) ;
#2792 = DIRECTION ( 'NONE',  ( -1.000000000000000000, 0.000000000000000000, 0.000000000000000000 ) ) ;
#2793 = FACE_OUTER_BOUND ( 'NONE', #1988, .T. ) ;
#2794 = LINE ( 'NONE', #1794, #532 ) ;
#2795 = VECTOR ( 'NONE', #2024, 1000.000000000000000 ) ;
#2796 = PLANE ( 'NONE',  #6454 ) ;
#2797 = SURFACE_STYLE_USAGE ( .BOTH. , #1796 ) ;
#2798 = DIRECTION ( 'NONE',  ( 0.5000000000000258682, 0.8660254037844237196, 0.000000000000000000 ) ) ;
#2799 = SURFACE_STYLE_FILL_AREA ( #11463 ) ;
#2800 = VERTEX_POINT ( 'NONE', #147 ) ;
#2801 = FILL_AREA_STYLE ('',( #2737 ) ) ;
#2802 = CIRCLE ( 'NONE', #613, 0.9000000000000000222 ) ;
#2803 = ORIENTED_EDGE ( 'NONE', *, *, #11640, .T. ) ;
#2804 = SURFACE_STYLE_FILL_AREA ( #3609 ) ;
#2805 = DIRECTION ( 'NONE',  ( 0.000000000000000000, 0.000000000000000000, -1.000000000000000000 ) ) ;
#2806 = DIRECTION ( 'NONE',  ( 0.000000000000000000, 1.387778780781444413E-14, -1.000000000000000000 ) ) ;
#2807 = DIRECTION ( 'NONE',  ( -1.000000000000000000, 0.000000000000000000, 0.000000000000000000 ) ) ;
#2808 = SURFACE_SIDE_STYLE ('',( #10330 ) ) ;
#2809 = DIRECTION ( 'NONE',  ( 7.379264459120340088E-29, -7.434529182757739281E-15, 1.000000000000000000 ) ) ;
#2810 = PLANE ( 'NONE',  #7557 ) ;
#2811 = CARTESIAN_POINT ( 'NONE',  ( -10.15000000000021885, 21.19999999999999929, 7.200000000000000178 ) ) ;
#2812 = AXIS2_PLACEMENT_3D ( 'NONE', #2590, #3187, #7979 ) ;
#2813 = DIRECTION ( 'NONE',  ( -1.298436238251450266E-29, 1.000000000000000000, 0.000000000000000000 ) ) ;
#2814 = UNCERTAINTY_MEASURE_WITH_UNIT (LENGTH_MEASURE( 1.000000000000000082E-05 ), #9757, 'distance_accuracy_value', 'NONE');
#2815 = EDGE_LOOP ( 'NONE', ( #949, #5339, #5828, #6504 ) ) ;
#2816 = EDGE_CURVE ( 'NONE', #6201, #2850, #2621, .T. ) ;
#2817 = ORIENTED_EDGE ( 'NONE', *, *, #1265, .F. ) ;
#2818 = VERTEX_POINT ( 'NONE', #2025 ) ;
#2819 = ORIENTED_EDGE ( 'NONE', *, *, #6002, .T. ) ;
#2820 = CYLINDRICAL_SURFACE ( 'NONE', #3665, 0.1500000000000008271 ) ;
#2821 = CARTESIAN_POINT ( 'NONE',  ( 10.34999999999999964, 21.39999999999999858, 5.700000000000000178 ) ) ;
#2822 =( NAMED_UNIT ( * ) SI_UNIT ( $, .STERADIAN. ) SOLID_ANGLE_UNIT ( ) );
#2823 = VECTOR ( 'NONE', #1900, 1000.000000000000000 ) ;
#2824 = LINE ( 'NONE', #2009, #1885 ) ;
#2825 = DIRECTION ( 'NONE',  ( 0.000000000000000000, 0.000000000000000000, -1.000000000000000000 ) ) ;
#2826 = DIRECTION ( 'NONE',  ( -2.481737741748059978E-14, -1.000000000000000000, 0.000000000000000000 ) ) ;
#2827 = ORIENTED_EDGE ( 'NONE', *, *, #4562, .T. ) ;
#2828 = ADVANCED_FACE ( 'NONE', ( #7803 ), #2841, .T. ) ;
#2829 = CIRCLE ( 'NONE', #39, 0.04999999999999969746 ) ;
#2830 = VECTOR ( 'NONE', #11925, 1000.000000000000000 ) ;
#2831 = AXIS2_PLACEMENT_3D ( 'NONE', #2969, #8626, #11634 ) ;
#2832 = ORIENTED_EDGE ( 'NONE', *, *, #9989, .F. ) ;
#2833 = ORIENTED_EDGE ( 'NONE', *, *, #8873, .T. ) ;
#2834 = ORIENTED_EDGE ( 'NONE', *, *, #11911, .T. ) ;
#2835 = CARTESIAN_POINT ( 'NONE',  ( -1.650000000000039879, 3.200000000000000178, -8.849999999999999645 ) ) ;
#2836 = ORIENTED_EDGE ( 'NONE', *, *, #4705, .F. ) ;
#2837 = CARTESIAN_POINT ( 'NONE',  ( -10.11464466094063930, 21.19999999999999929, 7.250000000000000000 ) ) ;
#2838 = DIRECTION ( 'NONE',  ( -1.000000000000000000, 0.000000000000000000, 3.942553354492745404E-15 ) ) ;
#2839 = DIRECTION ( 'NONE',  ( -1.000000000000000000, 0.000000000000000000, 0.000000000000000000 ) ) ;
#2840 = SURFACE_STYLE_USAGE ( .BOTH. , #7629 ) ;
#2841 = PLANE ( 'NONE',  #11235 ) ;
#2842 = PRESENTATION_LAYER_ASSIGNMENT (  '', '', ( #11060 ) ) ;
#2843 = CARTESIAN_POINT ( 'NONE',  ( -7.849999999999999645, 0.5500000000000000444, -8.500000000000000000 ) ) ;
#2844 = DIRECTION ( 'NONE',  ( 0.000000000000000000, 1.000000000000000000, 2.168404344971015031E-16 ) ) ;
#2845 = CARTESIAN_POINT ( 'NONE',  ( -2.475435743013954859, 7.525688402361390139, -1.199999999999999956 ) ) ;
#2846 = EDGE_CURVE ( 'NONE', #2540, #87, #2902, .T. ) ;
#2847 = EDGE_CURVE ( 'NONE', #11051, #8436, #11642, .T. ) ;
#2848 = CARTESIAN_POINT ( 'NONE',  ( -7.299999999999999822, 10.00000000000000000, 7.299999999999999822 ) ) ;
#2849 = ORIENTED_EDGE ( 'NONE', *, *, #1605, .T. ) ;
#2850 = VERTEX_POINT ( 'NONE', #1032 ) ;
#2851 = FACE_OUTER_BOUND ( 'NONE', #11751, .T. ) ;
#2852 =( LENGTH_UNIT ( ) NAMED_UNIT ( * ) SI_UNIT ( .MILLI., .METRE. ) );
#2853 = DIRECTION ( 'NONE',  ( 1.000000000000000000, 0.000000000000000000, 0.000000000000000000 ) ) ;
#2854 = FACE_OUTER_BOUND ( 'NONE', #8290, .T. ) ;
#2855 = DIRECTION ( 'NONE',  ( -3.252606517456510541E-15, 0.000000000000000000, 1.000000000000000000 ) ) ;
#2856 = MECHANICAL_DESIGN_GEOMETRIC_PRESENTATION_REPRESENTATION (  '', ( #11076 ), #3260 ) ;
#2857 = UNCERTAINTY_MEASURE_WITH_UNIT (LENGTH_MEASURE( 1.000000000000000082E-05 ), #6252, 'distance_accuracy_value', 'NONE');
#2858 = VECTOR ( 'NONE', #9459, 1000.000000000000000 ) ;
#2859 = DIRECTION ( 'NONE',  ( 0.000000000000000000, 0.000000000000000000, 1.000000000000000000 ) ) ;
#2860 = STYLED_ITEM ( 'NONE', ( #6328 ), #8685 ) ;
#2861 = CIRCLE ( 'NONE', #10071, 0.9000000000000000222 ) ;
#2862 = LINE ( 'NONE', #10444, #4092 ) ;
#2863 = ADVANCED_FACE ( 'NONE', ( #9931 ), #5152, .F. ) ;
#2864 = FILL_AREA_STYLE_COLOUR ( '', #11810 ) ;
#2865 = EDGE_CURVE ( 'NONE', #5866, #2126, #7932, .T. ) ;
#2866 = ORIENTED_EDGE ( 'NONE', *, *, #11494, .F. ) ;
#2867 = COLOUR_RGB ( '',0.2509803921568627416, 0.2509803921568627416, 0.2509803921568627416 ) ;
#2868 = ORIENTED_EDGE ( 'NONE', *, *, #7673, .T. ) ;
#2869 = DIRECTION ( 'NONE',  ( 0.000000000000000000, 0.000000000000000000, -1.000000000000000000 ) ) ;
#2870 = CIRCLE ( 'NONE', #9888, 0.9000000000000000222 ) ;
#2871 = CARTESIAN_POINT ( 'NONE',  ( 10.16563342331500053, 21.15244762281254864, 7.500000000000000000 ) ) ;
#2872 = DIRECTION ( 'NONE',  ( 9.912705577010326930E-15, -1.000000000000000000, -7.930164461608261228E-15 ) ) ;
#2873 = DIRECTION ( 'NONE',  ( 0.000000000000000000, 0.000000000000000000, -1.000000000000000000 ) ) ;
#2874 = EDGE_CURVE ( 'NONE', #10225, #5, #11890, .T. ) ;
#2875 = CARTESIAN_POINT ( 'NONE',  ( 10.14999999999999858, 8.599999999999999645, -4.599999999999999645 ) ) ;
#2876 = ORIENTED_EDGE ( 'NONE', *, *, #6236, .F. ) ;
#2877 = EDGE_LOOP ( 'NONE', ( #9306, #5405, #1741, #7736 ) ) ;
#2878 = VERTEX_POINT ( 'NONE', #11759 ) ;
#2879 = ORIENTED_EDGE ( 'NONE', *, *, #2979, .T. ) ;
#2880 = CARTESIAN_POINT ( 'NONE',  ( 10.14999999999999858, 17.89999999999999858, -11.24999999999986144 ) ) ;
#2881 = DIRECTION ( 'NONE',  ( 0.000000000000000000, 0.000000000000000000, 1.000000000000000000 ) ) ;
#2882 = CARTESIAN_POINT ( 'NONE',  ( -5.349999999999999645, -3.000000000000000000, -5.000000000000000000 ) ) ;
#2883 = CARTESIAN_POINT ( 'NONE',  ( -6.250000000000000000, 2.700000000000000178, 7.299999999999999822 ) ) ;
#2884 = EDGE_CURVE ( 'NONE', #2326, #1621, #6227, .T. ) ;
#2885 = CARTESIAN_POINT ( 'NONE',  ( 10.11464466094068015, 21.19999999999999929, 7.250000000000000000 ) ) ;
#2886 = SURFACE_STYLE_USAGE ( .BOTH. , #7856 ) ;
#2887 =( NAMED_UNIT ( * ) PLANE_ANGLE_UNIT ( ) SI_UNIT ( $, .RADIAN. ) );
#2888 = AXIS2_PLACEMENT_3D ( 'NONE', #10919, #5201, #7110 ) ;
#2889 = VECTOR ( 'NONE', #10917, 1000.000000000000000 ) ;
#2890 = CARTESIAN_POINT ( 'NONE',  ( 0.4499999999997699729, -1.116781983786053914E-14, -1.199999999999999956 ) ) ;
#2891 = ORIENTED_EDGE ( 'NONE', *, *, #4013, .F. ) ;
#2892 = VERTEX_POINT ( 'NONE', #5219 ) ;
#2893 = ORIENTED_EDGE ( 'NONE', *, *, #11738, .F. ) ;
#2894 = AXIS2_PLACEMENT_3D ( 'NONE', #299, #7096, #5119 ) ;
#2895 = VERTEX_POINT ( 'NONE', #10744 ) ;
#2896 = DIRECTION ( 'NONE',  ( 0.000000000000000000, -7.589415207398510528E-15, 1.000000000000000000 ) ) ;
#2897 = VERTEX_POINT ( 'NONE', #402 ) ;
#2898 = VECTOR ( 'NONE', #9890, 1000.000000000000000 ) ;
#2899 = CARTESIAN_POINT ( 'NONE',  ( 3.369762170048740124, 12.55499954613303970, -1.199999999999999956 ) ) ;
#2900 = LINE ( 'NONE', #10612, #5999 ) ;
#2901 = ADVANCED_FACE ( 'NONE', ( #8931 ), #3087, .T. ) ;
#2902 = LINE ( 'NONE', #5719, #6841 ) ;
#2903 =( NAMED_UNIT ( * ) PLANE_ANGLE_UNIT ( ) SI_UNIT ( $, .RADIAN. ) );
#2904 = CARTESIAN_POINT ( 'NONE',  ( -0.4499999999998829936, -6.792124345835069636E-15, -1.199999999999999956 ) ) ;
#2905 = COLOUR_RGB ( '',0.2509803921568627416, 0.2509803921568627416, 0.2509803921568627416 ) ;
#2906 = DIRECTION ( 'NONE',  ( 0.000000000000000000, -1.000000000000000000, 0.000000000000000000 ) ) ;
#2907 = EDGE_CURVE ( 'NONE', #9650, #12013, #3142, .T. ) ;
#2908 =( NAMED_UNIT ( * ) PLANE_ANGLE_UNIT ( ) SI_UNIT ( $, .RADIAN. ) );
#2909 = ORIENTED_EDGE ( 'NONE', *, *, #6740, .T. ) ;
#2910 = ORIENTED_EDGE ( 'NONE', *, *, #9799, .T. ) ;
#2911 =( NAMED_UNIT ( * ) PLANE_ANGLE_UNIT ( ) SI_UNIT ( $, .RADIAN. ) );
#2912 = DIRECTION ( 'NONE',  ( 1.000000000000000000, 2.409338161078900167E-16, 0.000000000000000000 ) ) ;
#2913 = EDGE_CURVE ( 'NONE', #11362, #5948, #334, .T. ) ;
#2914 = CARTESIAN_POINT ( 'NONE',  ( -0.3499999999999999778, 0.5500000000000000444, -9.000000000000000000 ) ) ;
#2915 = DIRECTION ( 'NONE',  ( 0.000000000000000000, 0.000000000000000000, 1.000000000000000000 ) ) ;
#2916 = FACE_OUTER_BOUND ( 'NONE', #10877, .T. ) ;
#2917 = PRESENTATION_STYLE_ASSIGNMENT (( #9711 ) ) ;
#2918 = FACE_OUTER_BOUND ( 'NONE', #5566, .T. ) ;
#2919 = ORIENTED_EDGE ( 'NONE', *, *, #10987, .T. ) ;
#2920 = LINE ( 'NONE', #9777, #11087 ) ;
#2921 = EDGE_LOOP ( 'NONE', ( #965, #4346, #7797, #2163, #10325, #2819, #4733, #3167 ) ) ;
#2922 = LINE ( 'NONE', #11646, #7061 ) ;
#2923 = PLANE ( 'NONE',  #2520 ) ;
#2924 = VECTOR ( 'NONE', #12081, 1000.000000000000000 ) ;
#2925 = DIRECTION ( 'NONE',  ( 1.000000000000000000, 0.000000000000000000, 0.000000000000000000 ) ) ;
#2926 = EDGE_CURVE ( 'NONE', #2981, #114, #6993, .T. ) ;
#2927 = SURFACE_STYLE_USAGE ( .BOTH. , #10521 ) ;
#2928 = EDGE_CURVE ( 'NONE', #7994, #4687, #2657, .T. ) ;
#2929 = CARTESIAN_POINT ( 'NONE',  ( 4.016218431657985199, 9.264352941734809832, -1.199999999999999956 ) ) ;
#2930 = LINE ( 'NONE', #6764, #7359 ) ;
#2931 = SURFACE_SIDE_STYLE ('',( #9724 ) ) ;
#2932 = COLOUR_RGB ( '',0.2509803921568627416, 0.2509803921568627416, 0.2509803921568627416 ) ;
#2933 = CARTESIAN_POINT ( 'NONE',  ( 10.14999999999999858, 1.000000000000000000, -4.500000000000000000 ) ) ;
#2934 = ORIENTED_EDGE ( 'NONE', *, *, #8567, .T. ) ;
#2935 = VERTEX_POINT ( 'NONE', #2223 ) ;
#2936 = ORIENTED_EDGE ( 'NONE', *, *, #5222, .F. ) ;
#2937 = ORIENTED_EDGE ( 'NONE', *, *, #11672, .T. ) ;
#2938 = DIRECTION ( 'NONE',  ( 1.000000000000000000, 1.176436426395379911E-16, 0.000000000000000000 ) ) ;
#2939 = AXIS2_PLACEMENT_3D ( 'NONE', #12342, #1850, #7580 ) ;
#2940 = DIRECTION ( 'NONE',  ( 0.000000000000000000, 0.000000000000000000, 1.000000000000000000 ) ) ;
#2941 = EDGE_CURVE ( 'NONE', #8602, #10803, #6065, .T. ) ;
#2942 = PRESENTATION_STYLE_ASSIGNMENT (( #79 ) ) ;
#2943 = CARTESIAN_POINT ( 'NONE',  ( 7.849999999999999645, -3.000000000000000000, -7.000000000000000000 ) ) ;
#2944 = SURFACE_STYLE_USAGE ( .BOTH. , #8794 ) ;
#2945 = VECTOR ( 'NONE', #97, 1000.000000000000000 ) ;
#2946 = CARTESIAN_POINT ( 'NONE',  ( 0.000000000000000000, -4.403065489371615016E-14, 5.699999999999909583 ) ) ;
#2947 = VERTEX_POINT ( 'NONE', #11950 ) ;
#2948 = ORIENTED_EDGE ( 'NONE', *, *, #4388, .T. ) ;
#2949 = ORIENTED_EDGE ( 'NONE', *, *, #1958, .F. ) ;
#2950 = VERTEX_POINT ( 'NONE', #6034 ) ;
#2951 = SURFACE_SIDE_STYLE ('',( #2218 ) ) ;
#2952 = ORIENTED_EDGE ( 'NONE', *, *, #10988, .F. ) ;
#2953 =( GEOMETRIC_REPRESENTATION_CONTEXT ( 3 ) GLOBAL_UNCERTAINTY_ASSIGNED_CONTEXT ( ( #1934 ) ) GLOBAL_UNIT_ASSIGNED_CONTEXT ( ( #1584, #6530, #5576 ) ) REPRESENTATION_CONTEXT ( 'NONE', 'WORKASPACE' ) );
#2954 = DIRECTION ( 'NONE',  ( 1.000000000000000000, 1.927470528863118950E-15, 0.000000000000000000 ) ) ;
#2955 = LINE ( 'NONE', #10362, #12216 ) ;
#2956 =( GEOMETRIC_REPRESENTATION_CONTEXT ( 3 ) GLOBAL_UNCERTAINTY_ASSIGNED_CONTEXT ( ( #8051 ) ) GLOBAL_UNIT_ASSIGNED_CONTEXT ( ( #4898, #7805, #6862 ) ) REPRESENTATION_CONTEXT ( 'NONE', 'WORKASPACE' ) );
#2957 = DIRECTION ( 'NONE',  ( 1.000000000000000000, -8.078951323039540844E-15, 0.000000000000000000 ) ) ;
#2958 = FACE_OUTER_BOUND ( 'NONE', #10417, .T. ) ;
#2959 = CYLINDRICAL_SURFACE ( 'NONE', #2598, 7.200000000000000178 ) ;
#2960 = FACE_OUTER_BOUND ( 'NONE', #7906, .T. ) ;
#2961 = EDGE_CURVE ( 'NONE', #3931, #413, #9869, .T. ) ;
#2962 = VECTOR ( 'NONE', #8642, 1000.000000000000000 ) ;
#2963 = EDGE_LOOP ( 'NONE', ( #188, #11323, #2077, #8259 ) ) ;
#2964 = VECTOR ( 'NONE', #8663, 1000.000000000000000 ) ;
#2965 = EDGE_LOOP ( 'NONE', ( #5390, #5695, #1906, #9508 ) ) ;
#2966 = PRESENTATION_STYLE_ASSIGNMENT (( #982 ) ) ;
#2967 = DIRECTION ( 'NONE',  ( 0.000000000000000000, 0.000000000000000000, 1.000000000000000000 ) ) ;
#2968 = FACE_OUTER_BOUND ( 'NONE', #4310, .T. ) ;
#2969 = CARTESIAN_POINT ( 'NONE',  ( 5.349999999999999645, -3.000000000000000000, -5.000000000000000000 ) ) ;
#2970 = CARTESIAN_POINT ( 'NONE',  ( 3.000000000000000000, 1.899999999999999911, 4.899999999999999467 ) ) ;
#2971 = CARTESIAN_POINT ( 'NONE',  ( -10.15000000000014069, 12.77500000000000036, -11.25000000000000000 ) ) ;
#2972 = B_SPLINE_CURVE_WITH_KNOTS ( 'NONE', 3,
 ( #10681, #9632, #1034, #913, #3834, #12325 ),
 .UNSPECIFIED., .F., .F.,
 ( 4, 2, 4 ),
 ( 0.000000000000000000, 0.5000000000000000000, 1.000000000000000000 ),
 .UNSPECIFIED. ) ;
#2973 = AXIS2_PLACEMENT_3D ( 'NONE', #7389, #3420, #8322 ) ;
#2974 = FILL_AREA_STYLE_COLOUR ( '', #4536 ) ;
#2975 = CARTESIAN_POINT ( 'NONE',  ( 0.000000000000000000, 8.699999999999999289, -1.199999999999999956 ) ) ;
#2976 =( NAMED_UNIT ( * ) SI_UNIT ( $, .STERADIAN. ) SOLID_ANGLE_UNIT ( ) );
#2977 = AXIS2_PLACEMENT_3D ( 'NONE', #12097, #11145, #1739 ) ;
#2978 = ORIENTED_EDGE ( 'NONE', *, *, #3380, .F. ) ;
#2979 = EDGE_CURVE ( 'NONE', #4201, #11659, #10870, .T. ) ;
#2980 =( LENGTH_UNIT ( ) NAMED_UNIT ( * ) SI_UNIT ( .MILLI., .METRE. ) );
#2981 = VERTEX_POINT ( 'NONE', #12124 ) ;
#2982 =( NAMED_UNIT ( * ) SI_UNIT ( $, .STERADIAN. ) SOLID_ANGLE_UNIT ( ) );
#2983 = DIRECTION ( 'NONE',  ( 9.925400323074660971E-15, -1.000000000000000000, 0.000000000000000000 ) ) ;
#2984 = DIRECTION ( 'NONE',  ( 0.000000000000000000, 0.000000000000000000, -1.000000000000000000 ) ) ;
#2985 =( NAMED_UNIT ( * ) SI_UNIT ( $, .STERADIAN. ) SOLID_ANGLE_UNIT ( ) );
#2986 = AXIS2_PLACEMENT_3D ( 'NONE', #11966, #4420, #3415 ) ;
#2987 = CARTESIAN_POINT ( 'NONE',  ( -7.349999999999999645, 2.700000000000000178, 7.500000000000000000 ) ) ;
#2988 = CYLINDRICAL_SURFACE ( 'NONE', #4164, 0.4999999999999995559 ) ;
#2989 = CARTESIAN_POINT ( 'NONE',  ( 10.14999999999999858, 8.900000000000000355, 5.700000000000000178 ) ) ;
#2990 = EDGE_CURVE ( 'NONE', #10404, #115, #9687, .T. ) ;
#2991 = PRESENTATION_LAYER_ASSIGNMENT (  '', '', ( #8605 ) ) ;
#2992 = EDGE_LOOP ( 'NONE', ( #7524, #2340, #6287, #5944 ) ) ;
#2993 = ADVANCED_FACE ( 'NONE', ( #707 ), #11297, .T. ) ;
#2994 =( GEOMETRIC_REPRESENTATION_CONTEXT ( 3 ) GLOBAL_UNCERTAINTY_ASSIGNED_CONTEXT ( ( #2308 ) ) GLOBAL_UNIT_ASSIGNED_CONTEXT ( ( #4907, #218, #278 ) ) REPRESENTATION_CONTEXT ( 'NONE', 'WORKASPACE' ) );
#2995 = EDGE_CURVE ( 'NONE', #4702, #2641, #7425, .T. ) ;
#2996 = ORIENTED_EDGE ( 'NONE', *, *, #7254, .T. ) ;
#2997 = LINE ( 'NONE', #8841, #6451 ) ;
#2998 = EDGE_LOOP ( 'NONE', ( #4081, #10375, #7019, #11880 ) ) ;
#2999 = ORIENTED_EDGE ( 'NONE', *, *, #2750, .T. ) ;
#3000 = FILL_AREA_STYLE ('',( #2005 ) ) ;
#3001 = CARTESIAN_POINT ( 'NONE',  ( -2.850000000000000089, -3.000000000000000000, -8.000000000000000000 ) ) ;
#3002 = VECTOR ( 'NONE', #10490, 1000.000000000000000 ) ;
#3003 = DIRECTION ( 'NONE',  ( -1.117507638097058054E-14, 1.000000000000000000, 0.000000000000000000 ) ) ;
#3004 = FILL_AREA_STYLE_COLOUR ( '', #6945 ) ;
#3005 = CARTESIAN_POINT ( 'NONE',  ( 10.14999999999999858, 8.900000000000000355, -0.1999999999999665101 ) ) ;
#3006 = EDGE_CURVE ( 'NONE', #4988, #7536, #9237, .T. ) ;
#3007 = EDGE_LOOP ( 'NONE', ( #2366, #9491, #101, #2640, #11147, #3461, #760, #6893, #1093, #11162, #555, #140, #9018, #5217, #6727, #7939, #9561, #7867 ) ) ;
#3008 = EDGE_CURVE ( 'NONE', #5465, #9321, #2634, .T. ) ;
#3009 = ORIENTED_EDGE ( 'NONE', *, *, #2865, .T. ) ;
#3010 = EDGE_LOOP ( 'NONE', ( #7146, #3283, #74, #5895 ) ) ;
#3011 = PRESENTATION_LAYER_ASSIGNMENT (  '', '', ( #2422 ) ) ;
#3012 = VERTEX_POINT ( 'NONE', #4511 ) ;
#3013 = CARTESIAN_POINT ( 'NONE',  ( -2.149999999999999911, 3.200000000000000178, -4.500000000000000000 ) ) ;
#3014 = EDGE_LOOP ( 'NONE', ( #1875, #8, #4061, #8927, #3948, #8118, #1890, #8228, #11499 ) ) ;
#3015 = SURFACE_SIDE_STYLE ('',( #5014 ) ) ;
#3016 = PRESENTATION_STYLE_ASSIGNMENT (( #7166 ) ) ;
#3017 = CARTESIAN_POINT ( 'NONE',  ( 2.000000000000000000, 1.899999999999999911, 4.899999999999999467 ) ) ;
#3018 = DIRECTION ( 'NONE',  ( 2.168404344971010101E-16, -1.000000000000000000, 0.000000000000000000 ) ) ;
#3019 =( NAMED_UNIT ( * ) PLANE_ANGLE_UNIT ( ) SI_UNIT ( $, .RADIAN. ) );
#3020 = CARTESIAN_POINT ( 'NONE',  ( 7.500000000000000000, -2.103310660150734979, -1.125000000000000000 ) ) ;
#3021 = COLOUR_RGB ( '',0.2509803921568627416, 0.2509803921568627416, 0.2509803921568627416 ) ;
#3022 = CARTESIAN_POINT ( 'NONE',  ( -3.000000000000000000, 2.000000000000000000, 7.500000000000000000 ) ) ;
#3023 = EDGE_CURVE ( 'NONE', #10528, #7417, #766, .T. ) ;
#3024 = DIRECTION ( 'NONE',  ( 0.7071067811865444641, 7.018317874437215201E-15, 0.7071067811865505703 ) ) ;
#3025 = ORIENTED_EDGE ( 'NONE', *, *, #5222, .T. ) ;
#3026 = PRESENTATION_LAYER_ASSIGNMENT (  '', '', ( #5438 ) ) ;
#3027 = EDGE_LOOP ( 'NONE', ( #11537, #5945, #5141, #1897, #9204, #7066, #3388, #6847 ) ) ;
#3028 = SURFACE_SIDE_STYLE ('',( #5850 ) ) ;
#3029 = AXIS2_PLACEMENT_3D ( 'NONE', #10565, #1051, #1482 ) ;
#3030 = FILL_AREA_STYLE ('',( #2038 ) ) ;
#3031 = CARTESIAN_POINT ( 'NONE',  ( -10.14999999999999858, -1.007428132792079774E-13, -17.80452084174450178 ) ) ;
#3032 = LINE ( 'NONE', #161, #10587 ) ;
#3033 = LINE ( 'NONE', #5732, #9856 ) ;
#3034 = DIRECTION ( 'NONE',  ( -1.000000000000000000, -4.513898307157580527E-31, -3.252606517456510541E-15 ) ) ;
#3035 =( NAMED_UNIT ( * ) PLANE_ANGLE_UNIT ( ) SI_UNIT ( $, .RADIAN. ) );
#3036 = DIRECTION ( 'NONE',  ( -2.168404344971010101E-16, 1.000000000000000000, 0.000000000000000000 ) ) ;
#3037 = ADVANCED_FACE ( 'NONE', ( #10345 ), #5456, .F. ) ;
#3038 = CARTESIAN_POINT ( 'NONE',  ( -1.689859732951970006, 2.926922915137645020, -1.199999999999999956 ) ) ;
#3039 = STYLED_ITEM ( 'NONE', ( #11307 ), #5153 ) ;
#3040 = DIRECTION ( 'NONE',  ( 0.000000000000000000, 0.000000000000000000, -1.000000000000000000 ) ) ;
#3041 = MECHANICAL_DESIGN_GEOMETRIC_PRESENTATION_REPRESENTATION (  '', ( #7468 ), #5033 ) ;
#3042 = ORIENTED_EDGE ( 'NONE', *, *, #721, .F. ) ;
#3043 = UNCERTAINTY_MEASURE_WITH_UNIT (LENGTH_MEASURE( 1.000000000000000082E-05 ), #6494, 'distance_accuracy_value', 'NONE');
#3044 = ORIENTED_EDGE ( 'NONE', *, *, #634, .F. ) ;
#3045 = LINE ( 'NONE', #116, #229 ) ;
#3046 = CARTESIAN_POINT ( 'NONE',  ( 0.3499999999999999778, 3.200000000000000178, -4.500000000000000000 ) ) ;
#3047 = VECTOR ( 'NONE', #9737, 1000.000000000000000 ) ;
#3048 = CARTESIAN_POINT ( 'NONE',  ( 3.500000000000000000, 2.000000000000000000, 7.299999999999999822 ) ) ;
#3049 = LINE ( 'NONE', #7894, #4851 ) ;
#3050 =( NAMED_UNIT ( * ) SI_UNIT ( $, .STERADIAN. ) SOLID_ANGLE_UNIT ( ) );
#3051 = VECTOR ( 'NONE', #4312, 1000.000000000000000 ) ;
#3052 = LINE ( 'NONE', #8774, #11180 ) ;
#3053 =( GEOMETRIC_REPRESENTATION_CONTEXT ( 3 ) GLOBAL_UNCERTAINTY_ASSIGNED_CONTEXT ( ( #6523 ) ) GLOBAL_UNIT_ASSIGNED_CONTEXT ( ( #6910, #5961, #5206 ) ) REPRESENTATION_CONTEXT ( 'NONE', 'WORKASPACE' ) );
#3054 = EDGE_CURVE ( 'NONE', #11956, #3059, #2275, .T. ) ;
#3055 = FACE_OUTER_BOUND ( 'NONE', #7176, .T. ) ;
#3056 = CONICAL_SURFACE ( 'NONE', #3856, 7.200000000000000178, 0.7853981633974829180 ) ;
#3057 = FACE_OUTER_BOUND ( 'NONE', #3594, .T. ) ;
#3058 = ORIENTED_EDGE ( 'NONE', *, *, #1870, .T. ) ;
#3059 = VERTEX_POINT ( 'NONE', #5520 ) ;
#3060 = VECTOR ( 'NONE', #5995, 1000.000000000000000 ) ;
#3061 = ORIENTED_EDGE ( 'NONE', *, *, #10854, .F. ) ;
#3062 = VERTEX_POINT ( 'NONE', #10170 ) ;
#3063 = VERTEX_POINT ( 'NONE', #4572 ) ;
#3064 = LINE ( 'NONE', #7976, #5625 ) ;
#3065 = FACE_BOUND ( 'NONE', #6968, .T. ) ;
#3066 = FACE_OUTER_BOUND ( 'NONE', #4674, .T. ) ;
#3067 = DIRECTION ( 'NONE',  ( 0.000000000000000000, 1.000000000000000000, 0.000000000000000000 ) ) ;
#3068 = CARTESIAN_POINT ( 'NONE',  ( -7.349999999999999645, 2.700000000000000178, 7.299999999999999822 ) ) ;
#3069 = FACE_OUTER_BOUND ( 'NONE', #11893, .T. ) ;
#3070 = EDGE_CURVE ( 'NONE', #3498, #11258, #1581, .T. ) ;
#3071 = DIRECTION ( 'NONE',  ( 0.000000000000000000, 0.000000000000000000, 1.000000000000000000 ) ) ;
#3072 = DIRECTION ( 'NONE',  ( 0.000000000000000000, 1.000000000000000000, 3.854941057726394883E-15 ) ) ;
#3073 = DIRECTION ( 'NONE',  ( -1.000000000000000000, 0.000000000000000000, 0.000000000000000000 ) ) ;
#3074 =( NAMED_UNIT ( * ) SI_UNIT ( $, .STERADIAN. ) SOLID_ANGLE_UNIT ( ) );
#3075 = FACE_OUTER_BOUND ( 'NONE', #7823, .T. ) ;
#3076 = ORIENTED_EDGE ( 'NONE', *, *, #2151, .F. ) ;
#3077 = ORIENTED_EDGE ( 'NONE', *, *, #8477, .T. ) ;
#3078 = ORIENTED_EDGE ( 'NONE', *, *, #3307, .F. ) ;
#3079 = VERTEX_POINT ( 'NONE', #11057 ) ;
#3080 = PRESENTATION_STYLE_ASSIGNMENT (( #5075 ) ) ;
#3081 = VECTOR ( 'NONE', #10996, 1000.000000000000114 ) ;
#3082 = STYLED_ITEM ( 'NONE', ( #9843 ), #1540 ) ;
#3083 = DIRECTION ( 'NONE',  ( 0.000000000000000000, -5.782411586589360597E-16, 1.000000000000000000 ) ) ;
#3084 = VERTEX_POINT ( 'NONE', #7360 ) ;
#3085 = CARTESIAN_POINT ( 'NONE',  ( 2.000000000000000000, 1.649999999999999911, 5.150000000000000355 ) ) ;
#3086 = ADVANCED_FACE ( 'NONE', ( #10112 ), #11170, .F. ) ;
#3087 = CYLINDRICAL_SURFACE ( 'NONE', #3849, 0.5000000000000004441 ) ;
#3088 = ADVANCED_FACE ( 'NONE', ( #6405 ), #10229, .F. ) ;
#3089 = DIRECTION ( 'NONE',  ( -9.933636120880690762E-15, 1.000000000000000000, -7.239948546046630188E-33 ) ) ;
#3090 = FILL_AREA_STYLE ('',( #5907 ) ) ;
#3091 = CARTESIAN_POINT ( 'NONE',  ( 1.696012879608045143, 7.975688402361480911, -1.199999999999999956 ) ) ;
#3092 = LINE ( 'NONE', #10748, #3592 ) ;
#3093 = ORIENTED_EDGE ( 'NONE', *, *, #1017, .F. ) ;
#3094 = PRESENTATION_LAYER_ASSIGNMENT (  '', '', ( #297 ) ) ;
#3095 = ORIENTED_EDGE ( 'NONE', *, *, #11359, .T. ) ;
#3096 = DIRECTION ( 'NONE',  ( -2.409338161078900167E-16, 1.000000000000000000, 0.000000000000000000 ) ) ;
#3097 = DIRECTION ( 'NONE',  ( 1.000000000000000000, 1.925929944387239777E-29, 0.000000000000000000 ) ) ;
#3098 = LINE ( 'NONE', #9707, #8250 ) ;
#3099 = VECTOR ( 'NONE', #2798, 1000.000000000000000 ) ;
#3100 = EDGE_CURVE ( 'NONE', #4039, #7099, #6780, .T. ) ;
#3101 = DIRECTION ( 'NONE',  ( -1.000000000000000000, 0.000000000000000000, 3.942553354492745404E-15 ) ) ;
#3102 = DIRECTION ( 'NONE',  ( 4.513898307157580527E-31, -1.000000000000000000, 1.430841128366085943E-45 ) ) ;
#3103 = MECHANICAL_DESIGN_GEOMETRIC_PRESENTATION_REPRESENTATION (  '', ( #1514 ), #1329 ) ;
#3104 = LINE ( 'NONE', #9772, #9118 ) ;
#3105 = VERTEX_POINT ( 'NONE', #3690 ) ;
#3106 =( LENGTH_UNIT ( ) NAMED_UNIT ( * ) SI_UNIT ( .MILLI., .METRE. ) );
#3107 = EDGE_CURVE ( 'NONE', #10705, #1286, #5041, .T. ) ;
#3108 = EDGE_LOOP ( 'NONE', ( #4582, #11599, #10531, #8634 ) ) ;
#3109 = DIRECTION ( 'NONE',  ( 0.000000000000000000, 0.000000000000000000, 1.000000000000000000 ) ) ;
#3110 = CYLINDRICAL_SURFACE ( 'NONE', #121, 1.600000000000000755 ) ;
#3111 = VECTOR ( 'NONE', #8937, 1000.000000000000000 ) ;
#3112 = LINE ( 'NONE', #5112, #8240 ) ;
#3113 = CARTESIAN_POINT ( 'NONE',  ( -1.649999999999999911, -1.707243645504510158E-14, -0.2000000000000000111 ) ) ;
#3114 = PRESENTATION_LAYER_ASSIGNMENT (  '', '', ( #3703 ) ) ;
#3115 = LINE ( 'NONE', #6887, #6185 ) ;
#3116 = MECHANICAL_DESIGN_GEOMETRIC_PRESENTATION_REPRESENTATION (  '', ( #10735 ), #4319 ) ;
#3117 = DIRECTION ( 'NONE',  ( 0.000000000000000000, 0.000000000000000000, -1.000000000000000000 ) ) ;
#3118 = SURFACE_STYLE_FILL_AREA ( #5941 ) ;
#3119 = DIRECTION ( 'NONE',  ( 1.298436238251450266E-29, -1.000000000000000000, -2.414357261555910084E-44 ) ) ;
#3120 = VERTEX_POINT ( 'NONE', #4819 ) ;
#3121 = ORIENTED_EDGE ( 'NONE', *, *, #6845, .F. ) ;
#3122 = ORIENTED_EDGE ( 'NONE', *, *, #5701, .F. ) ;
#3123 = ORIENTED_EDGE ( 'NONE', *, *, #5239, .T. ) ;
#3124 = EDGE_CURVE ( 'NONE', #5552, #12012, #6650, .T. ) ;
#3125 = ORIENTED_EDGE ( 'NONE', *, *, #2600, .T. ) ;
#3126 = SURFACE_STYLE_USAGE ( .BOTH. , #11801 ) ;
#3127 = DIRECTION ( 'NONE',  ( -0.4226182617407010511, 0.9063077870366491595, 0.000000000000000000 ) ) ;
#3128 = CARTESIAN_POINT ( 'NONE',  ( -3.000000000000000000, 1.949999999999999956, 7.250000000000000000 ) ) ;
#3129 = CARTESIAN_POINT ( 'NONE',  ( 3.589859732951959703, 6.217819449518479757, 6.799999999999999822 ) ) ;
#3130 = DIRECTION ( 'NONE',  ( 0.000000000000000000, -1.000000000000000000, 2.891205793294680298E-16 ) ) ;
#3131 = FILL_AREA_STYLE ('',( #3004 ) ) ;
#3132 = CARTESIAN_POINT ( 'NONE',  ( -7.849999999999999645, 0.5500000000000000444, -7.000000000000000000 ) ) ;
#3133 = EDGE_LOOP ( 'NONE', ( #4219, #11429, #5896, #3997 ) ) ;
#3134 = ORIENTED_EDGE ( 'NONE', *, *, #9947, .F. ) ;
#3135 = ORIENTED_EDGE ( 'NONE', *, *, #4945, .F. ) ;
#3136 = EDGE_CURVE ( 'NONE', #10350, #8319, #2824, .T. ) ;
#3137 = VERTEX_POINT ( 'NONE', #7788 ) ;
#3138 = CARTESIAN_POINT ( 'NONE',  ( -0.4500000000000130007, 8.400000000000000355, 6.799999999999999822 ) ) ;
#3139 = FILL_AREA_STYLE_COLOUR ( '', #9066 ) ;
#3140 = ORIENTED_EDGE ( 'NONE', *, *, #146, .T. ) ;
#3141 = DIRECTION ( 'NONE',  ( -3.718869191154470885E-15, 3.854941057726394883E-15, -1.000000000000000000 ) ) ;
#3142 = LINE ( 'NONE', #1411, #1075 ) ;
#3143 = VECTOR ( 'NONE', #10366, 1000.000000000000000 ) ;
#3144 =( LENGTH_UNIT ( ) NAMED_UNIT ( * ) SI_UNIT ( .MILLI., .METRE. ) );
#3145 = FACE_OUTER_BOUND ( 'NONE', #3027, .T. ) ;
#3146 = COLOUR_RGB ( '',0.2509803921568627416, 0.2509803921568627416, 0.2509803921568627416 ) ;
#3147 = SURFACE_STYLE_USAGE ( .BOTH. , #4216 ) ;
#3148 = EDGE_CURVE ( 'NONE', #3199, #5948, #7612, .T. ) ;
#3149 = ADVANCED_FACE ( 'NONE', ( #7729 ), #6718, .T. ) ;
#3150 = EDGE_CURVE ( 'NONE', #2280, #114, #12306, .T. ) ;
#3151 = VERTEX_POINT ( 'NONE', #5821 ) ;
#3152 = VECTOR ( 'NONE', #11233, 1000.000000000000000 ) ;
#3153 = EDGE_LOOP ( 'NONE', ( #11291, #6564 ) ) ;
#3154 = MECHANICAL_DESIGN_GEOMETRIC_PRESENTATION_REPRESENTATION (  '', ( #4558 ), #2956 ) ;
#3155 = LINE ( 'NONE', #4849, #5230 ) ;
#3156 = DIRECTION ( 'NONE',  ( 0.000000000000000000, 1.000000000000000000, 0.000000000000000000 ) ) ;
#3157 = CARTESIAN_POINT ( 'NONE',  ( 0.3499999999999999778, -3.000000000000000000, -10.50000000000000000 ) ) ;
#3158 = FACE_OUTER_BOUND ( 'NONE', #11160, .T. ) ;
#3159 =( LENGTH_UNIT ( ) NAMED_UNIT ( * ) SI_UNIT ( .MILLI., .METRE. ) );
#3160 = PRESENTATION_STYLE_ASSIGNMENT (( #6811 ) ) ;
#3161 = CARTESIAN_POINT ( 'NONE',  ( -4.385349954919130155, 12.08142318451944064, -1.199999999999999956 ) ) ;
#3162 =( NAMED_UNIT ( * ) PLANE_ANGLE_UNIT ( ) SI_UNIT ( $, .RADIAN. ) );
#3163 = CIRCLE ( 'NONE', #12197, 0.4999999999999995559 ) ;
#3164 = ADVANCED_FACE ( 'NONE', ( #1947 ), #10660, .F. ) ;
#3165 = UNCERTAINTY_MEASURE_WITH_UNIT (LENGTH_MEASURE( 1.000000000000000082E-05 ), #5681, 'distance_accuracy_value', 'NONE');
#3166 = CARTESIAN_POINT ( 'NONE',  ( 10.14999999999999858, 8.900000000000000355, 7.250000000000000000 ) ) ;
#3167 = ORIENTED_EDGE ( 'NONE', *, *, #1168, .F. ) ;
#3168 =( NAMED_UNIT ( * ) PLANE_ANGLE_UNIT ( ) SI_UNIT ( $, .RADIAN. ) );
#3169 = SURFACE_SIDE_STYLE ('',( #1374 ) ) ;
#3170 = FACE_OUTER_BOUND ( 'NONE', #1658, .T. ) ;
#3171 = DIRECTION ( 'NONE',  ( 8.921435019309294079E-15, -1.000000000000000000, -7.434529182757745592E-15 ) ) ;
#3172 = SURFACE_STYLE_FILL_AREA ( #560 ) ;
#3173 = PRESENTATION_LAYER_ASSIGNMENT (  '', '', ( #12412 ) ) ;
#3174 = MECHANICAL_DESIGN_GEOMETRIC_PRESENTATION_REPRESENTATION (  '', ( #8584 ), #2581 ) ;
#3175 = SURFACE_STYLE_FILL_AREA ( #7270 ) ;
#3176 = COLOUR_RGB ( '',0.2509803921568627416, 0.2509803921568627416, 0.2509803921568627416 ) ;
#3177 = CARTESIAN_POINT ( 'NONE',  ( -7.500000000000000000, -0.2298097038857039864, 1.120190296114373929 ) ) ;
#3178 = DIRECTION ( 'NONE',  ( -0.7071067811865405783, -0.7071067811865545671, 0.000000000000000000 ) ) ;
#3179 = VERTEX_POINT ( 'NONE', #8472 ) ;
#3180 = ORIENTED_EDGE ( 'NONE', *, *, #3395, .T. ) ;
#3181 = AXIS2_PLACEMENT_3D ( 'NONE', #11560, #6600, #5590 ) ;
#3182 = ORIENTED_EDGE ( 'NONE', *, *, #9228, .T. ) ;
#3183 = FACE_OUTER_BOUND ( 'NONE', #4933, .T. ) ;
#3184 = VERTEX_POINT ( 'NONE', #15 ) ;
#3185 = PRESENTATION_LAYER_ASSIGNMENT (  '', '', ( #6206 ) ) ;
#3186 = VERTEX_POINT ( 'NONE', #10479 ) ;
#3187 = DIRECTION ( 'NONE',  ( 9.925400323074660971E-15, -1.000000000000000000, 0.000000000000000000 ) ) ;
#3188 = LINE ( 'NONE', #8161, #4454 ) ;
#3189 = DIRECTION ( 'NONE',  ( 0.000000000000000000, 3.614007241618349757E-17, -1.000000000000000000 ) ) ;
#3190 =( NAMED_UNIT ( * ) PLANE_ANGLE_UNIT ( ) SI_UNIT ( $, .RADIAN. ) );
#3191 = AXIS2_PLACEMENT_3D ( 'NONE', #6455, #9468, #9280 ) ;
#3192 = PLANE ( 'NONE',  #10547 ) ;
#3193 = SURFACE_STYLE_USAGE ( .BOTH. , #11872 ) ;
#3194 = EDGE_CURVE ( 'NONE', #537, #7923, #5082, .T. ) ;
#3195 = MECHANICAL_DESIGN_GEOMETRIC_PRESENTATION_REPRESENTATION (  '', ( #809 ), #2994 ) ;
#3196 = DIRECTION ( 'NONE',  ( 0.000000000000000000, 2.168404344971015031E-16, -1.000000000000000000 ) ) ;
#3197 = FACE_OUTER_BOUND ( 'NONE', #9788, .T. ) ;
#3198 = EDGE_LOOP ( 'NONE', ( #56, #5306, #2459, #3932 ) ) ;
#3199 = VERTEX_POINT ( 'NONE', #1882 ) ;
#3200 = ORIENTED_EDGE ( 'NONE', *, *, #3876, .T. ) ;
#3201 = ORIENTED_EDGE ( 'NONE', *, *, #7933, .F. ) ;
#3202 =( LENGTH_UNIT ( ) NAMED_UNIT ( * ) SI_UNIT ( .MILLI., .METRE. ) );
#3203 = AXIS2_PLACEMENT_3D ( 'NONE', #11152, #9277, #3372 ) ;
#3205 = ORIENTED_EDGE ( 'NONE', *, *, #8261, .T. ) ;
#3204 = UNCERTAINTY_MEASURE_WITH_UNIT (LENGTH_MEASURE( 1.000000000000000082E-05 ), #449, 'distance_accuracy_value', 'NONE');
#3206 = CARTESIAN_POINT ( 'NONE',  ( -7.150000000000000355, -3.000000000000000000, -7.000000000000000000 ) ) ;
#3207 = DIRECTION ( 'NONE',  ( 1.000000000000000000, 9.933636120880697073E-15, 8.790828425558139396E-16 ) ) ;
#3208 = DIRECTION ( 'NONE',  ( 0.000000000000000000, 0.000000000000000000, 1.000000000000000000 ) ) ;
#3209 = EDGE_CURVE ( 'NONE', #2694, #4721, #5702, .T. ) ;
#3210 = EDGE_CURVE ( 'NONE', #3414, #8406, #5768, .T. ) ;
#3211 = CARTESIAN_POINT ( 'NONE',  ( -10.05000000000000071, 8.900000000000000355, 7.299999999999999822 ) ) ;
#3212 = COLOUR_RGB ( '',0.2509803921568627416, 0.2509803921568627416, 0.2509803921568627416 ) ;
#3213 = DIRECTION ( 'NONE',  ( -0.9063077870366585964, 0.4226182617406808451, 0.000000000000000000 ) ) ;
#3214 = VECTOR ( 'NONE', #9086, 1000.000000000000000 ) ;
#3215 = ORIENTED_EDGE ( 'NONE', *, *, #8344, .T. ) ;
#3216 = ORIENTED_EDGE ( 'NONE', *, *, #651, .T. ) ;
#3217 = DIRECTION ( 'NONE',  ( -3.898255002195069934E-16, 1.000000000000000000, 0.000000000000000000 ) ) ;
#3218 = VECTOR ( 'NONE', #8690, 1000.000000000000000 ) ;
#3219 = DIRECTION ( 'NONE',  ( 0.000000000000000000, -1.000000000000000000, 0.000000000000000000 ) ) ;
#3220 = AXIS2_PLACEMENT_3D ( 'NONE', #6240, #8195, #6180 ) ;
#3221 = CARTESIAN_POINT ( 'NONE',  ( -5.030347782047379646, 10.78761563116994004, -1.199999999999999956 ) ) ;
#3222 = DIRECTION ( 'NONE',  ( -1.000000000000000000, 0.000000000000000000, 0.000000000000000000 ) ) ;
#3223 = ADVANCED_FACE ( 'NONE', ( #10853 ), #9741, .F. ) ;
#3224 = CARTESIAN_POINT ( 'NONE',  ( -7.150000000000000355, 3.200000000000000178, -4.500000000000000000 ) ) ;
#3225 = PLANE ( 'NONE',  #6516 ) ;
#3226 = DIRECTION ( 'NONE',  ( 0.000000000000000000, 0.000000000000000000, 1.000000000000000000 ) ) ;
#3227 = CIRCLE ( 'NONE', #6239, 0.5000000000000004441 ) ;
#3228 = PRESENTATION_LAYER_ASSIGNMENT (  '', '', ( #8878 ) ) ;
#3229 = MECHANICAL_DESIGN_GEOMETRIC_PRESENTATION_REPRESENTATION (  '', ( #8645 ), #11054 ) ;
#3230 = LINE ( 'NONE', #12134, #2286 ) ;
#3231 = VERTEX_POINT ( 'NONE', #1147 ) ;
#3232 = FACE_OUTER_BOUND ( 'NONE', #7552, .T. ) ;
#3233 = SURFACE_STYLE_FILL_AREA ( #7207 ) ;
#3234 =( NAMED_UNIT ( * ) PLANE_ANGLE_UNIT ( ) SI_UNIT ( $, .RADIAN. ) );
#3235 = CARTESIAN_POINT ( 'NONE',  ( 5.899999999999999467, 10.00000000000000000, -3.200000000000084999 ) ) ;
#3236 = DIRECTION ( 'NONE',  ( -1.000000000000000000, 2.481737741748059978E-14, 0.000000000000000000 ) ) ;
#3237 = CIRCLE ( 'NONE', #9462, 0.9000000000000000222 ) ;
#3238 = DIRECTION ( 'NONE',  ( -0.4226182617407014397, 0.9063077870366489375, 0.000000000000000000 ) ) ;
#3239 = EDGE_CURVE ( 'NONE', #3685, #904, #5134, .T. ) ;
#3240 = EDGE_CURVE ( 'NONE', #12240, #3120, #9509, .T. ) ;
#3241 = COLOUR_RGB ( '',0.2509803921568627416, 0.2509803921568627416, 0.2509803921568627416 ) ;
#3242 = DIRECTION ( 'NONE',  ( 7.104913480060741382E-15, -0.7071067811865420216, 0.7071067811865531239 ) ) ;
#3243 = SURFACE_SIDE_STYLE ('',( #11857 ) ) ;
#3244 = VERTEX_POINT ( 'NONE', #5955 ) ;
#3245 = EDGE_LOOP ( 'NONE', ( #8865, #12224, #2245, #2662 ) ) ;
#3246 = UNCERTAINTY_MEASURE_WITH_UNIT (LENGTH_MEASURE( 1.000000000000000082E-05 ), #7833, 'distance_accuracy_value', 'NONE');
#3247 = EDGE_LOOP ( 'NONE', ( #10405, #12040, #8585, #10720, #4793, #1261 ) ) ;
#3248 = CARTESIAN_POINT ( 'NONE',  ( 0.000000000000000000, 10.00000000000000000, -4.599999999999999645 ) ) ;
#3249 = VERTEX_POINT ( 'NONE', #5001 ) ;
#3250 = VECTOR ( 'NONE', #2940, 1000.000000000000000 ) ;
#3251 = DIRECTION ( 'NONE',  ( 0.000000000000000000, 0.000000000000000000, 1.000000000000000000 ) ) ;
#3252 = COLOUR_RGB ( '',0.2509803921568627416, 0.2509803921568627416, 0.2509803921568627416 ) ;
#3253 = DIRECTION ( 'NONE',  ( 0.000000000000000000, -1.000000000000000000, -7.755234363190432366E-15 ) ) ;
#3254 = SURFACE_STYLE_FILL_AREA ( #8974 ) ;
#3255 = FILL_AREA_STYLE_COLOUR ( '', #7935 ) ;
#3256 = LINE ( 'NONE', #7107, #2889 ) ;
#3257 = LINE ( 'NONE', #7109, #10009 ) ;
#3258 = DIRECTION ( 'NONE',  ( 0.000000000000000000, 0.000000000000000000, 1.000000000000000000 ) ) ;
#3259 =( LENGTH_UNIT ( ) NAMED_UNIT ( * ) SI_UNIT ( .MILLI., .METRE. ) );
#3260 =( GEOMETRIC_REPRESENTATION_CONTEXT ( 3 ) GLOBAL_UNCERTAINTY_ASSIGNED_CONTEXT ( ( #9064 ) ) GLOBAL_UNIT_ASSIGNED_CONTEXT ( ( #4398, #11232, #3567 ) ) REPRESENTATION_CONTEXT ( 'NONE', 'WORKASPACE' ) );
#3261 = AXIS2_PLACEMENT_3D ( 'NONE', #871, #12161, #12283 ) ;
#3262 = DIRECTION ( 'NONE',  ( 0.000000000000000000, -1.000000000000000000, 0.000000000000000000 ) ) ;
#3263 = EDGE_LOOP ( 'NONE', ( #1216, #4331, #7624, #2756, #6562, #9864, #12058, #1384 ) ) ;
#3264 = UNCERTAINTY_MEASURE_WITH_UNIT (LENGTH_MEASURE( 1.000000000000000082E-05 ), #3159, 'distance_accuracy_value', 'NONE');
#3265 = ORIENTED_EDGE ( 'NONE', *, *, #1590, .F. ) ;
#3266 = ORIENTED_EDGE ( 'NONE', *, *, #10166, .F. ) ;
#3267 = VERTEX_POINT ( 'NONE', #4946 ) ;
#3268 = PRESENTATION_STYLE_ASSIGNMENT (( #4207 ) ) ;
#3269 = AXIS2_PLACEMENT_3D ( 'NONE', #4299, #8146, #3171 ) ;
#3270 = ADVANCED_FACE ( 'NONE', ( #7984 ), #8979, .F. ) ;
#3271 = LINE ( 'NONE', #6290, #3830 ) ;
#3272 = ORIENTED_EDGE ( 'NONE', *, *, #2846, .T. ) ;
#3273 = VECTOR ( 'NONE', #8952, 1000.000000000000000 ) ;
#3274 = FACE_BOUND ( 'NONE', #3654, .T. ) ;
#3275 = CARTESIAN_POINT ( 'NONE',  ( 0.4500000000000219935, 7.279422863406019850, -1.199999999999999956 ) ) ;
#3276 = PRESENTATION_STYLE_ASSIGNMENT (( #1227 ) ) ;
#3277 = PLANE ( 'NONE',  #5765 ) ;
#3278 = VECTOR ( 'NONE', #3389, 1000.000000000000000 ) ;
#3279 = AXIS2_PLACEMENT_3D ( 'NONE', #696, #1636, #10274 ) ;
#3280 = UNCERTAINTY_MEASURE_WITH_UNIT (LENGTH_MEASURE( 1.000000000000000082E-05 ), #10302, 'distance_accuracy_value', 'NONE');
#3281 = VERTEX_POINT ( 'NONE', #11806 ) ;
#3282 = ADVANCED_FACE ( 'NONE', ( #384 ), #10792, .F. ) ;
#3283 = ORIENTED_EDGE ( 'NONE', *, *, #11345, .F. ) ;
#3284 = CARTESIAN_POINT ( 'NONE',  ( 7.349999999999999645, 2.700000000000000178, 7.299999999999999822 ) ) ;
#3285 = FILL_AREA_STYLE_COLOUR ( '', #2242 ) ;
#3286 = CYLINDRICAL_SURFACE ( 'NONE', #8006, 0.9000000000000000222 ) ;
#3287 = SURFACE_SIDE_STYLE ('',( #1424 ) ) ;
#3288 = CARTESIAN_POINT ( 'NONE',  ( 10.09999999999999964, 21.14999999999999858, 7.501999999999999780 ) ) ;
#3289 = EDGE_CURVE ( 'NONE', #9690, #8667, #5264, .T. ) ;
#3290 = DIRECTION ( 'NONE',  ( 0.000000000000000000, 0.000000000000000000, 1.000000000000000000 ) ) ;
#3291 = CARTESIAN_POINT ( 'NONE',  ( -8.400000000000099831, 8.599999999999999645, 5.700000000000000178 ) ) ;
#3292 = LINE ( 'NONE', #11133, #10982 ) ;
#3293 = LINE ( 'NONE', #7143, #10316 ) ;
#3294 = VECTOR ( 'NONE', #10658, 1000.000000000000114 ) ;
#3295 = ADVANCED_FACE ( 'NONE', ( #8503 ), #926, .T. ) ;
#3296 = VECTOR ( 'NONE', #7599, 1000.000000000000000 ) ;
#3297 = EDGE_LOOP ( 'NONE', ( #6935, #1399, #5179, #10974 ) ) ;
#3298 = CARTESIAN_POINT ( 'NONE',  ( -2.850000000000000089, -3.000000000000000000, -7.500000000000000000 ) ) ;
#3299 = SURFACE_STYLE_FILL_AREA ( #4363 ) ;
#3300 = DIRECTION ( 'NONE',  ( 0.000000000000000000, 0.000000000000000000, -1.000000000000000000 ) ) ;
#3301 = FACE_OUTER_BOUND ( 'NONE', #1442, .T. ) ;
#3302 = AXIS2_PLACEMENT_3D ( 'NONE', #5439, #4740, #2807 ) ;
#3303 = PLANE ( 'NONE',  #5898 ) ;
#3304 = VECTOR ( 'NONE', #660, 1000.000000000000114 ) ;
#3305 = DIRECTION ( 'NONE',  ( 0.000000000000000000, 0.000000000000000000, -1.000000000000000000 ) ) ;
#3306 = ORIENTED_EDGE ( 'NONE', *, *, #4968, .T. ) ;
#3307 = EDGE_CURVE ( 'NONE', #4769, #8498, #3342, .T. ) ;
#3308 = CARTESIAN_POINT ( 'NONE',  ( -2.149999999999999911, -3.000000000000000000, -8.000000000000000000 ) ) ;
#3309 = ORIENTED_EDGE ( 'NONE', *, *, #4673, .T. ) ;
#3310 = VECTOR ( 'NONE', #10890, 1000.000000000000000 ) ;
#3311 = EDGE_CURVE ( 'NONE', #9123, #11749, #6214, .T. ) ;
#3312 = DIRECTION ( 'NONE',  ( -6.971475708610980243E-15, 6.982962677686270655E-15, -1.000000000000000000 ) ) ;
#3313 = EDGE_CURVE ( 'NONE', #8475, #5866, #6498, .T. ) ;
#3314 = LINE ( 'NONE', #6142, #6117 ) ;
#3315 = AXIS2_PLACEMENT_3D ( 'NONE', #9146, #11912, #361 ) ;
#3316 = LINE ( 'NONE', #6449, #10023 ) ;
#3317 = CARTESIAN_POINT ( 'NONE',  ( 2.850000000000000089, -3.000000000000000000, -7.500000000000000000 ) ) ;
#3318 = VECTOR ( 'NONE', #11967, 1000.000000000000000 ) ;
#3319 = PLANE ( 'NONE',  #2702 ) ;
#3320 = LINE ( 'NONE', #1451, #1112 ) ;
#3321 = SURFACE_SIDE_STYLE ('',( #11933 ) ) ;
#3322 = SURFACE_STYLE_USAGE ( .BOTH. , #2138 ) ;
#3323 = FACE_OUTER_BOUND ( 'NONE', #3007, .T. ) ;
#3324 = CARTESIAN_POINT ( 'NONE',  ( -0.6999999999999999556, -3.473890113076134811E-15, -11.25000000000000000 ) ) ;
#3325 = DIRECTION ( 'NONE',  ( 0.000000000000000000, 1.301042606982603842E-16, -1.000000000000000000 ) ) ;
#3326 = DIRECTION ( 'NONE',  ( 0.000000000000000000, -0.7071067811865535679, 0.7071067811865414665 ) ) ;
#3327 = VERTEX_POINT ( 'NONE', #5487 ) ;
#3328 = VERTEX_POINT ( 'NONE', #513 ) ;
#3329 = ORIENTED_EDGE ( 'NONE', *, *, #4143, .F. ) ;
#3330 = ORIENTED_EDGE ( 'NONE', *, *, #4830, .F. ) ;
#3331 = EDGE_CURVE ( 'NONE', #3743, #7994, #5609, .T. ) ;
#3332 = VERTEX_POINT ( 'NONE', #8382 ) ;
#3333 = VECTOR ( 'NONE', #1783, 1000.000000000000114 ) ;
#3334 = CARTESIAN_POINT ( 'NONE',  ( 7.849999999999999645, 12.77500000000000036, -6.099999999999901057 ) ) ;
#3335 =( NAMED_UNIT ( * ) PLANE_ANGLE_UNIT ( ) SI_UNIT ( $, .RADIAN. ) );
#3336 = CARTESIAN_POINT ( 'NONE',  ( 1.956968149050240413, 13.21379621752035938, -1.199999999999999956 ) ) ;
#3337 = COLOUR_RGB ( '',0.2509803921568627416, 0.2509803921568627416, 0.2509803921568627416 ) ;
#3338 = ORIENTED_EDGE ( 'NONE', *, *, #6031, .T. ) ;
#3339 = ORIENTED_EDGE ( 'NONE', *, *, #539, .T. ) ;
#3340 = ORIENTED_EDGE ( 'NONE', *, *, #2548, .F. ) ;
#3341 = CARTESIAN_POINT ( 'NONE',  ( -0.4499999999999194644, -5.028784371435859812E-15, -1.199999999999999956 ) ) ;
#3342 = CIRCLE ( 'NONE', #2939, 0.04999999999999969746 ) ;
#3343 = LINE ( 'NONE', #11833, #4429 ) ;
#3344 = DIRECTION ( 'NONE',  ( -4.962700161537330485E-15, 1.000000000000000000, 0.000000000000000000 ) ) ;
#3345 = SURFACE_STYLE_USAGE ( .BOTH. , #3287 ) ;
#3346 = DIRECTION ( 'NONE',  ( 2.168404344971010101E-16, -1.000000000000000000, 3.391901413832840351E-15 ) ) ;
#3347 = CARTESIAN_POINT ( 'NONE',  ( 2.473186941766180258, 12.47655937766027989, 6.799999999999999822 ) ) ;
#3348 = DIRECTION ( 'NONE',  ( 0.000000000000000000, 0.000000000000000000, 1.000000000000000000 ) ) ;
#3349 =( GEOMETRIC_REPRESENTATION_CONTEXT ( 3 ) GLOBAL_UNCERTAINTY_ASSIGNED_CONTEXT ( ( #1347 ) ) GLOBAL_UNIT_ASSIGNED_CONTEXT ( ( #8536, #9552, #2822 ) ) REPRESENTATION_CONTEXT ( 'NONE', 'WORKASPACE' ) );
#3350 = FILL_AREA_STYLE_COLOUR ( '', #2159 ) ;
#3351 = CYLINDRICAL_SURFACE ( 'NONE', #5103, 0.9000000000000287770 ) ;
#3352 = ADVANCED_FACE ( 'NONE', ( #6621 ), #1676, .T. ) ;
#3353 = COLOUR_RGB ( '',0.6666666666666666297, 0.6980392156862744724, 0.7686274509803920907 ) ;
#3354 = ORIENTED_EDGE ( 'NONE', *, *, #1554, .F. ) ;
#3355 = FILL_AREA_STYLE_COLOUR ( '', #11414 ) ;
#3356 = DIRECTION ( 'NONE',  ( 0.000000000000000000, 0.000000000000000000, -1.000000000000000000 ) ) ;
#3357 = FILL_AREA_STYLE_COLOUR ( '', #6470 ) ;
#3358 = LINE ( 'NONE', #861, #2713 ) ;
#3359 =( NAMED_UNIT ( * ) SI_UNIT ( $, .STERADIAN. ) SOLID_ANGLE_UNIT ( ) );
#3360 = UNCERTAINTY_MEASURE_WITH_UNIT (LENGTH_MEASURE( 1.000000000000000082E-05 ), #624, 'distance_accuracy_value', 'NONE');
#3361 = FILL_AREA_STYLE ('',( #1617 ) ) ;
#3362 = FACE_OUTER_BOUND ( 'NONE', #8583, .T. ) ;
#3363 = EDGE_CURVE ( 'NONE', #330, #9226, #7563, .T. ) ;
#3364 = CARTESIAN_POINT ( 'NONE',  ( 3.000000000000000000, 1.649999999999999911, 5.100000000000000533 ) ) ;
#3365 = VERTEX_POINT ( 'NONE', #12218 ) ;
#3366 = EDGE_LOOP ( 'NONE', ( #12191, #9832, #11994, #6896 ) ) ;
#3367 = DIRECTION ( 'NONE',  ( -0.7071067811865445751, 0.000000000000000000, 0.7071067811865504593 ) ) ;
#3368 = ORIENTED_EDGE ( 'NONE', *, *, #6462, .F. ) ;
#3369 = PRESENTATION_LAYER_ASSIGNMENT (  '', '', ( #12004 ) ) ;
#3370 = LINE ( 'NONE', #508, #6038 ) ;
#3371 =( LENGTH_UNIT ( ) NAMED_UNIT ( * ) SI_UNIT ( .MILLI., .METRE. ) );
#3372 = DIRECTION ( 'NONE',  ( -1.015365341201898201E-14, 1.000000000000000000, 0.000000000000000000 ) ) ;
#3373 = SURFACE_STYLE_FILL_AREA ( #2334 ) ;
#3374 = DIRECTION ( 'NONE',  ( 9.925400323074660971E-15, -1.000000000000000000, -7.347064133548820117E-15 ) ) ;
#3375 =( GEOMETRIC_REPRESENTATION_CONTEXT ( 3 ) GLOBAL_UNCERTAINTY_ASSIGNED_CONTEXT ( ( #11921 ) ) GLOBAL_UNIT_ASSIGNED_CONTEXT ( ( #9507, #100, #3651 ) ) REPRESENTATION_CONTEXT ( 'NONE', 'WORKASPACE' ) );
#3376 = LINE ( 'NONE', #1571, #6799 ) ;
#3377 = DIRECTION ( 'NONE',  ( 0.000000000000000000, 0.000000000000000000, -1.000000000000000000 ) ) ;
#3378 = LINE ( 'NONE', #9223, #551 ) ;
#3379 = CARTESIAN_POINT ( 'NONE',  ( 0.4500000000003699929, 1.430264645903345572E-14, -1.199999999999999956 ) ) ;
#3380 = EDGE_CURVE ( 'NONE', #8797, #1715, #10036, .T. ) ;
#3381 = EDGE_CURVE ( 'NONE', #9123, #5090, #4727, .T. ) ;
#3382 = VECTOR ( 'NONE', #9072, 1000.000000000000000 ) ;
#3383 = VERTEX_POINT ( 'NONE', #7642 ) ;
#3384 = UNCERTAINTY_MEASURE_WITH_UNIT (LENGTH_MEASURE( 1.000000000000000082E-05 ), #8252, 'distance_accuracy_value', 'NONE');
#3385 = CIRCLE ( 'NONE', #8212, 0.9000000000000301092 ) ;
#3386 = VERTEX_POINT ( 'NONE', #1453 ) ;
#3387 = VERTEX_POINT ( 'NONE', #9329 ) ;
#3388 = ORIENTED_EDGE ( 'NONE', *, *, #2742, .T. ) ;
#3389 = DIRECTION ( 'NONE',  ( 0.000000000000000000, 0.000000000000000000, 1.000000000000000000 ) ) ;
#3390 = DIRECTION ( 'NONE',  ( 0.000000000000000000, 0.000000000000000000, 1.000000000000000000 ) ) ;
#3391 = VERTEX_POINT ( 'NONE', #2669 ) ;
#3392 = AXIS2_PLACEMENT_3D ( 'NONE', #12030, #8023, #12089 ) ;
#3393 = CARTESIAN_POINT ( 'NONE',  ( -0.3499999999999999778, 0.000000000000000000, -6.200000000000000178 ) ) ;
#3394 = DIRECTION ( 'NONE',  ( 1.000000000000000000, 0.000000000000000000, 0.000000000000000000 ) ) ;
#3395 = EDGE_CURVE ( 'NONE', #6408, #4769, #10317, .T. ) ;
#3396 = EDGE_CURVE ( 'NONE', #5023, #7737, #799, .T. ) ;
#3397 = CARTESIAN_POINT ( 'NONE',  ( -3.200000000000000178, 1.900000000000045208, 2.399999999999914646 ) ) ;
#3398 = SURFACE_STYLE_USAGE ( .BOTH. , #11889 ) ;
#3399 = VERTEX_POINT ( 'NONE', #8888 ) ;
#3400 = MECHANICAL_DESIGN_GEOMETRIC_PRESENTATION_REPRESENTATION (  '', ( #9627 ), #5797 ) ;
#3401 = ORIENTED_EDGE ( 'NONE', *, *, #5338, .F. ) ;
#3402 = ORIENTED_EDGE ( 'NONE', *, *, #4415, .T. ) ;
#3403 = FACE_OUTER_BOUND ( 'NONE', #2376, .T. ) ;
#3404 = CARTESIAN_POINT ( 'NONE',  ( 10.05000000000000071, 8.599999999999999645, 7.299999999999999822 ) ) ;
#3405 = UNCERTAINTY_MEASURE_WITH_UNIT (LENGTH_MEASURE( 1.000000000000000082E-05 ), #6950, 'distance_accuracy_value', 'NONE');
#3406 = DIRECTION ( 'NONE',  ( 0.000000000000000000, 1.000000000000000000, 0.000000000000000000 ) ) ;
#3407 = LINE ( 'NONE', #9010, #8636 ) ;
#3408 = CARTESIAN_POINT ( 'NONE',  ( 1.587836625789089906, 10.39672597473573923, 6.799999999999999822 ) ) ;
#3409 = DIRECTION ( 'NONE',  ( 0.000000000000000000, -1.000000000000000000, 0.000000000000000000 ) ) ;
#3410 = CARTESIAN_POINT ( 'NONE',  ( 4.725584044262999939, 2.728317220033400048, 6.799999999999999822 ) ) ;
#3411 =( GEOMETRIC_REPRESENTATION_CONTEXT ( 3 ) GLOBAL_UNCERTAINTY_ASSIGNED_CONTEXT ( ( #5177 ) ) GLOBAL_UNIT_ASSIGNED_CONTEXT ( ( #6415, #5470, #12195 ) ) REPRESENTATION_CONTEXT ( 'NONE', 'WORKASPACE' ) );
#3412 = CARTESIAN_POINT ( 'NONE',  ( -10.14999999999999858, -9.906536840856998471E-14, -8.849999999999999645 ) ) ;
#3413 = AXIS2_PLACEMENT_3D ( 'NONE', #12091, #1432, #5244 ) ;
#3414 = VERTEX_POINT ( 'NONE', #2043 ) ;
#3415 = DIRECTION ( 'NONE',  ( 0.000000000000000000, -1.000000000000000000, -7.347064133548829583E-15 ) ) ;
#3416 =( NAMED_UNIT ( * ) SI_UNIT ( $, .STERADIAN. ) SOLID_ANGLE_UNIT ( ) );
#3417 = AXIS2_PLACEMENT_3D ( 'NONE', #4412, #6419, #5412 ) ;
#3418 = FILL_AREA_STYLE ('',( #2485 ) ) ;
#3419 = EDGE_CURVE ( 'NONE', #5710, #9460, #10566, .T. ) ;
#3420 = DIRECTION ( 'NONE',  ( 0.000000000000000000, -1.000000000000000000, 0.000000000000000000 ) ) ;
#3421 =( NAMED_UNIT ( * ) SI_UNIT ( $, .STERADIAN. ) SOLID_ANGLE_UNIT ( ) );
#3422 = LINE ( 'NONE', #4112, #9388 ) ;
#3423 = DIRECTION ( 'NONE',  ( 0.000000000000000000, -1.000000000000000000, 0.000000000000000000 ) ) ;
#3424 = CARTESIAN_POINT ( 'NONE',  ( 10.09999999999999964, 21.14999999999999858, 7.501999999999999780 ) ) ;
#3425 = LINE ( 'NONE', #2433, #11004 ) ;
#3426 = VECTOR ( 'NONE', #7316, 1000.000000000000000 ) ;
#3427 = CIRCLE ( 'NONE', #9878, 5.899999999999999467 ) ;
#3428 = PRESENTATION_LAYER_ASSIGNMENT (  '', '', ( #8645 ) ) ;
#3429 = EDGE_LOOP ( 'NONE', ( #7864, #971 ) ) ;
#3430 = ORIENTED_EDGE ( 'NONE', *, *, #9902, .T. ) ;
#3431 = CARTESIAN_POINT ( 'NONE',  ( -3.000000000000000000, 1.699999999999999956, 7.250000000000000000 ) ) ;
#3432 = FILL_AREA_STYLE_COLOUR ( '', #11335 ) ;
#3433 = EDGE_CURVE ( 'NONE', #8667, #6033, #8820, .T. ) ;
#3434 = PLANE ( 'NONE',  #7875 ) ;
#3435 = CARTESIAN_POINT ( 'NONE',  ( -1.025354262694691876, 0.4781305450164100024, -1.199999999999999956 ) ) ;
#3436 =( GEOMETRIC_REPRESENTATION_CONTEXT ( 3 ) GLOBAL_UNCERTAINTY_ASSIGNED_CONTEXT ( ( #7502 ) ) GLOBAL_UNIT_ASSIGNED_CONTEXT ( ( #7885, #1119, #3782 ) ) REPRESENTATION_CONTEXT ( 'NONE', 'WORKASPACE' ) );
#3437 = CARTESIAN_POINT ( 'NONE',  ( -2.475435743013994827, 6.625688402361389784, -1.199999999999999956 ) ) ;
#3438 = CARTESIAN_POINT ( 'NONE',  ( -1.689859732951970006, 2.926922915137645020, 6.799999999999999822 ) ) ;
#3439 = EDGE_CURVE ( 'NONE', #11659, #1813, #8164, .T. ) ;
#3440 = CARTESIAN_POINT ( 'NONE',  ( -0.3499999999999999778, 0.5500000000000000444, -5.500000000000000000 ) ) ;
#3441 = CIRCLE ( 'NONE', #8452, 0.4999999999999995559 ) ;
#3442 =( NAMED_UNIT ( * ) SI_UNIT ( $, .STERADIAN. ) SOLID_ANGLE_UNIT ( ) );
#3443 = VERTEX_POINT ( 'NONE', #1243 ) ;
#3444 = VERTEX_POINT ( 'NONE', #4969 ) ;
#3445 = ORIENTED_EDGE ( 'NONE', *, *, #283, .T. ) ;
#3446 = ORIENTED_EDGE ( 'NONE', *, *, #10243, .F. ) ;
#3447 = DIRECTION ( 'NONE',  ( 0.000000000000000000, 0.000000000000000000, -1.000000000000000000 ) ) ;
#3448 = ADVANCED_FACE ( 'NONE', ( #1052 ), #1178, .T. ) ;
#3449 = CARTESIAN_POINT ( 'NONE',  ( 0.4499999999999724776, 12.50000000000000000, 6.799999999999999822 ) ) ;
#3450 = EDGE_LOOP ( 'NONE', ( #393, #5645, #10993, #10610 ) ) ;
#3451 = VECTOR ( 'NONE', #4064, 999.9999999999998863 ) ;
#3452 = DIRECTION ( 'NONE',  ( 1.000000000000000000, 0.000000000000000000, 0.000000000000000000 ) ) ;
#3453 = PRESENTATION_LAYER_ASSIGNMENT (  '', '', ( #7282 ) ) ;
#3454 = FACE_OUTER_BOUND ( 'NONE', #745, .T. ) ;
#3455 = CIRCLE ( 'NONE', #9479, 0.9000000000000000222 ) ;
#3456 = VERTEX_POINT ( 'NONE', #11576 ) ;
#3457 = ORIENTED_EDGE ( 'NONE', *, *, #12144, .T. ) ;
#3458 = CARTESIAN_POINT ( 'NONE',  ( 7.150000000000000355, -3.000000000000000000, -8.000000000000000000 ) ) ;
#3459 = AXIS2_PLACEMENT_3D ( 'NONE', #5525, #7018, #4168 ) ;
#3460 = ADVANCED_FACE ( 'NONE', ( #2916 ), #1978, .F. ) ;
#3461 = ORIENTED_EDGE ( 'NONE', *, *, #10258, .T. ) ;
#3462 = LINE ( 'NONE', #3514, #5404 ) ;
#3463 = ADVANCED_FACE ( 'NONE', ( #165 ), #10696, .F. ) ;
#3464 = DIRECTION ( 'NONE',  ( 0.000000000000000000, 0.000000000000000000, -1.000000000000000000 ) ) ;
#3465 = LINE ( 'NONE', #9009, #3426 ) ;
#3466 = LINE ( 'NONE', #7496, #5388 ) ;
#3467 = DIRECTION ( 'NONE',  ( 1.000000000000000000, 0.000000000000000000, 0.000000000000000000 ) ) ;
#3468 = FACE_OUTER_BOUND ( 'NONE', #6428, .T. ) ;
#3469 = CARTESIAN_POINT ( 'NONE',  ( 2.000000000000000000, 1.649999999999999911, 4.899999999999999467 ) ) ;
#3470 =( GEOMETRIC_REPRESENTATION_CONTEXT ( 3 ) GLOBAL_UNCERTAINTY_ASSIGNED_CONTEXT ( ( #12076 ) ) GLOBAL_UNIT_ASSIGNED_CONTEXT ( ( #3202, #9684, #6098 ) ) REPRESENTATION_CONTEXT ( 'NONE', 'WORKASPACE' ) );
#3471 = CARTESIAN_POINT ( 'NONE',  ( 3.254858606420044875, 7.075688402361500096, 6.799999999999999822 ) ) ;
#3472 = ORIENTED_EDGE ( 'NONE', *, *, #3381, .F. ) ;
#3473 = ORIENTED_EDGE ( 'NONE', *, *, #4087, .F. ) ;
#3474 = ADVANCED_FACE ( 'NONE', ( #3158 ), #9135, .F. ) ;
#3475 = STYLED_ITEM ( 'NONE', ( #310 ), #8611 ) ;
#3476 = LINE ( 'NONE', #674, #3214 ) ;
#3477 = DIRECTION ( 'NONE',  ( 0.000000000000000000, 0.000000000000000000, 1.000000000000000000 ) ) ;
#3478 = FILL_AREA_STYLE_COLOUR ( '', #6440 ) ;
#3479 = SURFACE_STYLE_USAGE ( .BOTH. , #5544 ) ;
#3480 = CARTESIAN_POINT ( 'NONE',  ( 1.915147174717049872, 9.396136669551898635, -1.199999999999999956 ) ) ;
#3481 = CARTESIAN_POINT ( 'NONE',  ( 10.12609933293816056, 21.15488155364689860, 7.294611345180499917 ) ) ;
#3482 = VECTOR ( 'NONE', #4192, 1000.000000000000000 ) ;
#3483 = DIRECTION ( 'NONE',  ( 0.4999999999999998890, 0.8660254037844387076, 0.000000000000000000 ) ) ;
#3484 = ORIENTED_EDGE ( 'NONE', *, *, #2262, .T. ) ;
#3485 = ADVANCED_FACE ( 'NONE', ( #10887 ), #1426, .F. ) ;
#3486 = VERTEX_POINT ( 'NONE', #11774 ) ;
#3487 = DIRECTION ( 'NONE',  ( 0.000000000000000000, 0.000000000000000000, 1.000000000000000000 ) ) ;
#3488 = CARTESIAN_POINT ( 'NONE',  ( -7.849999999999999645, -3.000000000000000000, -7.000000000000000000 ) ) ;
#3489 =( GEOMETRIC_REPRESENTATION_CONTEXT ( 3 ) GLOBAL_UNCERTAINTY_ASSIGNED_CONTEXT ( ( #5078 ) ) GLOBAL_UNIT_ASSIGNED_CONTEXT ( ( #3853, #8700, #929 ) ) REPRESENTATION_CONTEXT ( 'NONE', 'WORKASPACE' ) );
#3490 = CARTESIAN_POINT ( 'NONE',  ( 0.3499999999999999778, 3.200000000000000178, -6.000000000000000000 ) ) ;
#3491 = DIRECTION ( 'NONE',  ( 0.000000000000000000, -1.000000000000000000, 0.000000000000000000 ) ) ;
#3492 = CARTESIAN_POINT ( 'NONE',  ( -6.505213034912931694E-17, 1.699999999999999956, 5.500000000000000000 ) ) ;
#3493 = SURFACE_SIDE_STYLE ('',( #8519 ) ) ;
#3494 = VECTOR ( 'NONE', #6539, 1000.000000000000114 ) ;
#3495 = DIRECTION ( 'NONE',  ( 0.000000000000000000, 2.891205793294680298E-16, 1.000000000000000000 ) ) ;
#3496 = COLOUR_RGB ( '',0.2509803921568627416, 0.2509803921568627416, 0.2509803921568627416 ) ;
#3497 = SURFACE_SIDE_STYLE ('',( #4200 ) ) ;
#3498 = VERTEX_POINT ( 'NONE', #9074 ) ;
#3499 = EDGE_CURVE ( 'NONE', #8022, #10784, #3934, .T. ) ;
#3500 = ORIENTED_EDGE ( 'NONE', *, *, #7368, .F. ) ;
#3501 = ORIENTED_EDGE ( 'NONE', *, *, #2941, .F. ) ;
#3502 = VECTOR ( 'NONE', #3672, 1000.000000000000000 ) ;
#3503 = ORIENTED_EDGE ( 'NONE', *, *, #3070, .F. ) ;
#3504 = DIRECTION ( 'NONE',  ( 1.523968001115905067E-29, 1.000000000000000000, 7.589415207398510528E-15 ) ) ;
#3505 = VECTOR ( 'NONE', #6664, 1000.000000000000000 ) ;
#3506 = PLANE ( 'NONE',  #7792 ) ;
#3507 = DIRECTION ( 'NONE',  ( 1.000000000000000000, 1.927470528863118950E-15, 0.000000000000000000 ) ) ;
#3508 = EDGE_CURVE ( 'NONE', #7572, #4206, #7949, .T. ) ;
#3509 = EDGE_LOOP ( 'NONE', ( #10026, #5335, #10436, #7248 ) ) ;
#3510 = ORIENTED_EDGE ( 'NONE', *, *, #8638, .F. ) ;
#3511 = DIRECTION ( 'NONE',  ( 0.000000000000000000, 1.000000000000000000, 3.614007241618349757E-17 ) ) ;
#3512 = AXIS2_PLACEMENT_3D ( 'NONE', #4716, #9315, #729 ) ;
#3513 = EDGE_LOOP ( 'NONE', ( #7541, #3963, #12223, #7275 ) ) ;
#3514 = CARTESIAN_POINT ( 'NONE',  ( 2.000000000000000000, 1.699999999999999956, 5.500000000000000000 ) ) ;
#3515 = DIRECTION ( 'NONE',  ( 3.942553354492745404E-15, 2.414357261555910084E-44, 1.000000000000000000 ) ) ;
#3516 = CARTESIAN_POINT ( 'NONE',  ( 3.000000000000000000, 2.000000000000000000, 7.299999999999999822 ) ) ;
#3517 =( NAMED_UNIT ( * ) PLANE_ANGLE_UNIT ( ) SI_UNIT ( $, .RADIAN. ) );
#3518 = FACE_OUTER_BOUND ( 'NONE', #6025, .T. ) ;
#3519 = LINE ( 'NONE', #8486, #470 ) ;
#3520 = CARTESIAN_POINT ( 'NONE',  ( -10.16615850254425979, 21.15244762502075204, 7.501999999999999780 ) ) ;
#3521 = CARTESIAN_POINT ( 'NONE',  ( -5.505006907668969163, 3.178317220033414880, -1.199999999999999956 ) ) ;
#3522 = ADVANCED_FACE ( 'NONE', ( #8135 ), #1483, .F. ) ;
#3523 = DIRECTION ( 'NONE',  ( -1.000000000000000000, 0.000000000000000000, 0.000000000000000000 ) ) ;
#3524 = VECTOR ( 'NONE', #8340, 1000.000000000000000 ) ;
#3525 = FACE_OUTER_BOUND ( 'NONE', #3513, .T. ) ;
#3526 = EDGE_CURVE ( 'NONE', #11508, #462, #5170, .T. ) ;
#3527 = EDGE_CURVE ( 'NONE', #10351, #9243, #7966, .T. ) ;
#3528 = ORIENTED_EDGE ( 'NONE', *, *, #8594, .F. ) ;
#3529 = ORIENTED_EDGE ( 'NONE', *, *, #8061, .F. ) ;
#3530 = FACE_OUTER_BOUND ( 'NONE', #2998, .T. ) ;
#3531 = STYLED_ITEM ( 'NONE', ( #3160 ), #11583 ) ;
#3532 = DIRECTION ( 'NONE',  ( -1.000000000000000000, -8.182657905550979512E-17, 0.000000000000000000 ) ) ;
#3533 = DIRECTION ( 'NONE',  ( 0.000000000000000000, 0.000000000000000000, 1.000000000000000000 ) ) ;
#3534 = CARTESIAN_POINT ( 'NONE',  ( 10.09999999999999964, 8.900000000000000355, 7.250000000000000000 ) ) ;
#3535 = EDGE_CURVE ( 'NONE', #11107, #10131, #5099, .T. ) ;
#3536 = CARTESIAN_POINT ( 'NONE',  ( 0.4500000000000279887, 5.720577136594029888, -1.199999999999999956 ) ) ;
#3537 = PRESENTATION_LAYER_ASSIGNMENT (  '', '', ( #9370 ) ) ;
#3538 = CARTESIAN_POINT ( 'NONE',  ( 10.12504491988746125, 21.15488155364689860, 7.292809046835199815 ) ) ;
#3539 = CARTESIAN_POINT ( 'NONE',  ( 0.3499999999999999778, 0.5500000000000000444, -5.500000000000000000 ) ) ;
#3540 = CARTESIAN_POINT ( 'NONE',  ( 10.05000000000000071, -1.224646799147346027E-17, 7.299999999999999822 ) ) ;
#3541 = EDGE_CURVE ( 'NONE', #2379, #5638, #10820, .T. ) ;
#3542 = AXIS2_PLACEMENT_3D ( 'NONE', #1169, #7938, #2090 ) ;
#3543 = ORIENTED_EDGE ( 'NONE', *, *, #8977, .T. ) ;
#3544 = EDGE_LOOP ( 'NONE', ( #10742, #3484, #8587, #7205, #11593, #11033, #11321, #9153 ) ) ;
#3545 = CARTESIAN_POINT ( 'NONE',  ( 6.250000000000000000, 2.700000000000000178, 7.299999999999999822 ) ) ;
#3546 = CARTESIAN_POINT ( 'NONE',  ( 6.550000000000000711, 2.700000000000000178, 2.299999999999999822 ) ) ;
#3547 = VECTOR ( 'NONE', #5444, 1000.000000000000000 ) ;
#3548 = FILL_AREA_STYLE ('',( #446 ) ) ;
#3549 = CARTESIAN_POINT ( 'NONE',  ( 10.10488155364689966, 21.28049666469079781, 7.473056725902450736 ) ) ;
#3550 = CARTESIAN_POINT ( 'NONE',  ( 0.000000000000000000, 21.10000000000000142, 7.299999999999999822 ) ) ;
#3551 = LINE ( 'NONE', #3492, #9310 ) ;
#3552 = PRESENTATION_LAYER_ASSIGNMENT (  '', '', ( #4962 ) ) ;
#3553 = DIRECTION ( 'NONE',  ( 0.000000000000000000, 0.000000000000000000, 1.000000000000000000 ) ) ;
#3554 = CARTESIAN_POINT ( 'NONE',  ( -2.000000000000000000, -3.500000000000000000, 4.899999999999999467 ) ) ;
#3555 = PLANE ( 'NONE',  #8574 ) ;
#3556 = VERTEX_POINT ( 'NONE', #421 ) ;
#3557 =( GEOMETRIC_REPRESENTATION_CONTEXT ( 3 ) GLOBAL_UNCERTAINTY_ASSIGNED_CONTEXT ( ( #9376 ) ) GLOBAL_UNIT_ASSIGNED_CONTEXT ( ( #10217, #10397, #1631 ) ) REPRESENTATION_CONTEXT ( 'NONE', 'WORKASPACE' ) );
#3558 = VECTOR ( 'NONE', #9556, 1000.000000000000000 ) ;
#3559 = ORIENTED_EDGE ( 'NONE', *, *, #9590, .T. ) ;
#3560 = EDGE_LOOP ( 'NONE', ( #12061, #1172, #7387, #9108, #1080, #6770, #5713, #75 ) ) ;
#3561 = VERTEX_POINT ( 'NONE', #9886 ) ;
#3562 = LINE ( 'NONE', #11228, #2677 ) ;
#3563 = VECTOR ( 'NONE', #9030, 1000.000000000000000 ) ;
#3564 = SURFACE_STYLE_FILL_AREA ( #2696 ) ;
#3565 =( NAMED_UNIT ( * ) PLANE_ANGLE_UNIT ( ) SI_UNIT ( $, .RADIAN. ) );
#3566 = EDGE_CURVE ( 'NONE', #144, #466, #8014, .T. ) ;
#3567 =( NAMED_UNIT ( * ) SI_UNIT ( $, .STERADIAN. ) SOLID_ANGLE_UNIT ( ) );
#3568 = PRESENTATION_LAYER_ASSIGNMENT (  '', '', ( #2580 ) ) ;
#3569 = CARTESIAN_POINT ( 'NONE',  ( -6.550000000000000711, 2.699999999999934897, 7.299999999999999822 ) ) ;
#3570 = VECTOR ( 'NONE', #8913, 1000.000000000000000 ) ;
#3571 = FILL_AREA_STYLE ('',( #12186 ) ) ;
#3572 = CARTESIAN_POINT ( 'NONE',  ( -10.09999999999999964, 21.14999999999999858, 7.297979999999999912 ) ) ;
#3573 = ORIENTED_EDGE ( 'NONE', *, *, #6512, .T. ) ;
#3574 = ORIENTED_EDGE ( 'NONE', *, *, #8157, .F. ) ;
#3575 = ORIENTED_EDGE ( 'NONE', *, *, #7842, .T. ) ;
#3576 = CARTESIAN_POINT ( 'NONE',  ( -5.349999999999999645, 0.5500000000000000444, -5.500000000000000000 ) ) ;
#3577 = ORIENTED_EDGE ( 'NONE', *, *, #5757, .T. ) ;
#3578 = LINE ( 'NONE', #8305, #6810 ) ;
#3579 = DIRECTION ( 'NONE',  ( -1.000000000000000000, 0.000000000000000000, 3.942553354492745404E-15 ) ) ;
#3580 = DIRECTION ( 'NONE',  ( 1.000000000000000000, 0.000000000000000000, 0.000000000000000000 ) ) ;
#3581 = PRESENTATION_STYLE_ASSIGNMENT (( #6418 ) ) ;
#3582 = EDGE_CURVE ( 'NONE', #5023, #9848, #10966, .T. ) ;
#3583 =( NAMED_UNIT ( * ) PLANE_ANGLE_UNIT ( ) SI_UNIT ( $, .RADIAN. ) );
#3584 = CYLINDRICAL_SURFACE ( 'NONE', #6654, 0.7999999999999994893 ) ;
#3585 =( NAMED_UNIT ( * ) PLANE_ANGLE_UNIT ( ) SI_UNIT ( $, .RADIAN. ) );
#3586 = VECTOR ( 'NONE', #10964, 1000.000000000000114 ) ;
#3587 = PRESENTATION_STYLE_ASSIGNMENT (( #9377 ) ) ;
#3588 = PRESENTATION_STYLE_ASSIGNMENT (( #10189 ) ) ;
#3589 = AXIS2_PLACEMENT_3D ( 'NONE', #1595, #5653, #5408 ) ;
#3590 = DIRECTION ( 'NONE',  ( -0.9063077870366501587, 0.4226182617406989972, 0.000000000000000000 ) ) ;
#3591 = B_SPLINE_CURVE_WITH_KNOTS ( 'NONE', 3,
 ( #3938, #1601, #11380, #11316 ),
 .UNSPECIFIED., .F., .F.,
 ( 4, 4 ),
 ( 0.000000000000000000, 1.000000000000000000 ),
 .UNSPECIFIED. ) ;
#3592 = VECTOR ( 'NONE', #2160, 1000.000000000000000 ) ;
#3593 = EDGE_LOOP ( 'NONE', ( #5692, #10603 ) ) ;
#3594 = EDGE_LOOP ( 'NONE', ( #3559, #12299, #11120, #4253 ) ) ;
#3595 = SURFACE_STYLE_USAGE ( .BOTH. , #12213 ) ;
#3596 = CARTESIAN_POINT ( 'NONE',  ( -1.575435743013965162, 7.525688402361390139, 6.799999999999999822 ) ) ;
#3597 = ADVANCED_FACE ( 'NONE', ( #8945 ), #2418, .T. ) ;
#3598 = PRESENTATION_LAYER_ASSIGNMENT (  '', '', ( #6019 ) ) ;
#3599 = CARTESIAN_POINT ( 'NONE',  ( -1.135724311311009815, 8.946136669551890463, -1.199999999999999956 ) ) ;
#3600 = FACE_OUTER_BOUND ( 'NONE', #10278, .T. ) ;
#3601 = FILL_AREA_STYLE ('',( #7581 ) ) ;
#3602 = CARTESIAN_POINT ( 'NONE',  ( 10.34999999999999964, 21.16464466094064889, 7.250000000000000000 ) ) ;
#3603 = CARTESIAN_POINT ( 'NONE',  ( -10.15000000000021885, 21.19999999999999929, 7.200000000000000178 ) ) ;
#3604 = EDGE_LOOP ( 'NONE', ( #3881, #443, #8054, #9065, #1462, #3857, #7953, #1137 ) ) ;
#3605 = ORIENTED_EDGE ( 'NONE', *, *, #7457, .T. ) ;
#3606 = VECTOR ( 'NONE', #6431, 1000.000000000000000 ) ;
#3607 = FILL_AREA_STYLE ('',( #12226 ) ) ;
#3608 = PRODUCT_DEFINITION_SHAPE ( 'NONE', 'NONE',  #1585 ) ;
#3609 = FILL_AREA_STYLE ('',( #6565 ) ) ;
#3610 =( LENGTH_UNIT ( ) NAMED_UNIT ( * ) SI_UNIT ( .MILLI., .METRE. ) );
#3611 = CARTESIAN_POINT ( 'NONE',  ( 2.149999999999999911, 0.5500000000000000444, -8.000000000000000000 ) ) ;
#3612 = EDGE_CURVE ( 'NONE', #8702, #10972, #2239, .T. ) ;
#3613 = DIRECTION ( 'NONE',  ( 0.000000000000000000, 0.000000000000000000, -1.000000000000000000 ) ) ;
#3614 = EDGE_CURVE ( 'NONE', #2281, #9178, #2541, .T. ) ;
#3615 = CARTESIAN_POINT ( 'NONE',  ( -7.850000000000148859, 14.90000000000000036, 5.700000000000000178 ) ) ;
#3616 = VECTOR ( 'NONE', #6360, 1000.000000000000000 ) ;
#3617 = MANIFOLD_SOLID_BREP ( 'NONE', #10564 ) ;
#3618 =( GEOMETRIC_REPRESENTATION_CONTEXT ( 3 ) GLOBAL_UNCERTAINTY_ASSIGNED_CONTEXT ( ( #11829 ) ) GLOBAL_UNIT_ASSIGNED_CONTEXT ( ( #9883, #2236, #545 ) ) REPRESENTATION_CONTEXT ( 'NONE', 'WORKASPACE' ) );
#3619 = DIRECTION ( 'NONE',  ( 0.000000000000000000, -1.000000000000000000, -7.589415207398527883E-15 ) ) ;
#3620 = DIRECTION ( 'NONE',  ( 0.000000000000000000, 0.000000000000000000, -1.000000000000000000 ) ) ;
#3621 = ORIENTED_EDGE ( 'NONE', *, *, #1194, .F. ) ;
#3622 = EDGE_LOOP ( 'NONE', ( #8052, #1260 ) ) ;
#3623 = EDGE_LOOP ( 'NONE', ( #12381, #3402, #5677, #7154, #5879, #4765, #5053, #2003, #1403, #5759, #10800, #10763 ) ) ;
#3624 = MECHANICAL_DESIGN_GEOMETRIC_PRESENTATION_REPRESENTATION (  '', ( #9059 ), #6848 ) ;
#3625 = EDGE_LOOP ( 'NONE', ( #1341, #10514, #8512, #1791 ) ) ;
#3626 = VECTOR ( 'NONE', #3312, 1000.000000000000000 ) ;
#3627 = UNCERTAINTY_MEASURE_WITH_UNIT (LENGTH_MEASURE( 1.000000000000000082E-05 ), #9936, 'distance_accuracy_value', 'NONE');
#3628 =( NAMED_UNIT ( * ) SI_UNIT ( $, .STERADIAN. ) SOLID_ANGLE_UNIT ( ) );
#3629 = CARTESIAN_POINT ( 'NONE',  ( 2.475435743013954859, 7.525688402361390139, -1.199999999999999956 ) ) ;
#3630 = PRESENTATION_LAYER_ASSIGNMENT (  '', '', ( #7462 ) ) ;
#3631 = COLOUR_RGB ( '',0.2509803921568627416, 0.2509803921568627416, 0.2509803921568627416 ) ;
#3632 = CARTESIAN_POINT ( 'NONE',  ( 2.473186941766180258, 12.47655937766027989, 6.799999999999999822 ) ) ;
#3633 = VERTEX_POINT ( 'NONE', #2783 ) ;
#3634 = VERTEX_POINT ( 'NONE', #12202 ) ;
#3635 = EDGE_CURVE ( 'NONE', #8508, #244, #2477, .T. ) ;
#3636 = EDGE_LOOP ( 'NONE', ( #7998, #10087, #503, #12383 ) ) ;
#3637 = STYLED_ITEM ( 'NONE', ( #11804 ), #5712 ) ;
#3638 = VERTEX_POINT ( 'NONE', #8429 ) ;
#3639 = FILL_AREA_STYLE_COLOUR ( '', #4598 ) ;
#3640 =( GEOMETRIC_REPRESENTATION_CONTEXT ( 3 ) GLOBAL_UNCERTAINTY_ASSIGNED_CONTEXT ( ( #3711 ) ) GLOBAL_UNIT_ASSIGNED_CONTEXT ( ( #3144, #10938, #5083 ) ) REPRESENTATION_CONTEXT ( 'NONE', 'WORKASPACE' ) );
#3641 = CARTESIAN_POINT ( 'NONE',  ( -5.349999999999999645, 3.200000000000000178, -8.500000000000000000 ) ) ;
#3642 = MECHANICAL_DESIGN_GEOMETRIC_PRESENTATION_REPRESENTATION (  '', ( #6670 ), #5259 ) ;
#3643 = CARTESIAN_POINT ( 'NONE',  ( 7.150000000000000355, -3.000000000000000000, -7.500000000000000000 ) ) ;
#3644 = CARTESIAN_POINT ( 'NONE',  ( 10.14999999999999858, 3.200000000000000178, -8.849999999999999645 ) ) ;
#3645 = CARTESIAN_POINT ( 'NONE',  ( 10.34999999999999964, 8.900000000000000355, 7.299999999999999822 ) ) ;
#3646 = SURFACE_SIDE_STYLE ('',( #8428 ) ) ;
#3647 =( NAMED_UNIT ( * ) PLANE_ANGLE_UNIT ( ) SI_UNIT ( $, .RADIAN. ) );
#3648 = LINE ( 'NONE', #5594, #538 ) ;
#3649 = LINE ( 'NONE', #1038, #5703 ) ;
#3650 = VECTOR ( 'NONE', #8392, 1000.000000000000000 ) ;
#3651 =( NAMED_UNIT ( * ) SI_UNIT ( $, .STERADIAN. ) SOLID_ANGLE_UNIT ( ) );
#3652 = ADVANCED_FACE ( 'NONE', ( #7379 ), #6545, .F. ) ;
#3653 = ORIENTED_EDGE ( 'NONE', *, *, #12221, .F. ) ;
#3654 = EDGE_LOOP ( 'NONE', ( #5776, #11241 ) ) ;
#3655 = LINE ( 'NONE', #9262, #8220 ) ;
#3656 = ADVANCED_FACE ( 'NONE', ( #5534 ), #8487, .F. ) ;
#3657 = FILL_AREA_STYLE ('',( #11324 ) ) ;
#3658 = CARTESIAN_POINT ( 'NONE',  ( -3.000000000000000000, 2.000000000000000000, 7.299999999999999822 ) ) ;
#3659 = FACE_OUTER_BOUND ( 'NONE', #5510, .T. ) ;
#3660 = CARTESIAN_POINT ( 'NONE',  ( -2.000000000000000000, 1.899999999999999911, 5.500000000000000000 ) ) ;
#3661 = CARTESIAN_POINT ( 'NONE',  ( 7.150000000000000355, -3.000000000000000000, -7.000000000000000000 ) ) ;
#3662 = LINE ( 'NONE', #11336, #7001 ) ;
#3663 = ORIENTED_EDGE ( 'NONE', *, *, #9549, .F. ) ;
#3664 = EDGE_CURVE ( 'NONE', #9565, #3199, #9374, .T. ) ;
#3665 = AXIS2_PLACEMENT_3D ( 'NONE', #4631, #7662, #3748 ) ;
#3666 =( GEOMETRIC_REPRESENTATION_CONTEXT ( 3 ) GLOBAL_UNCERTAINTY_ASSIGNED_CONTEXT ( ( #5517 ) ) GLOBAL_UNIT_ASSIGNED_CONTEXT ( ( #10924, #10990, #5509 ) ) REPRESENTATION_CONTEXT ( 'NONE', 'WORKASPACE' ) );
#3667 = SURFACE_STYLE_USAGE ( .BOTH. , #7587 ) ;
#3668 = ORIENTED_EDGE ( 'NONE', *, *, #9255, .F. ) ;
#3669 = CARTESIAN_POINT ( 'NONE',  ( 10.05000000000000071, 8.599999999999999645, 7.299999999999999822 ) ) ;
#3670 =( NAMED_UNIT ( * ) PLANE_ANGLE_UNIT ( ) SI_UNIT ( $, .RADIAN. ) );
#3671 = DIRECTION ( 'NONE',  ( 0.000000000000000000, 0.000000000000000000, 1.000000000000000000 ) ) ;
#3672 = DIRECTION ( 'NONE',  ( 0.000000000000000000, 2.168404344971015031E-16, -1.000000000000000000 ) ) ;
#3673 = DIRECTION ( 'NONE',  ( 1.000000000000000000, 0.000000000000000000, 0.000000000000000000 ) ) ;
#3674 = VECTOR ( 'NONE', #3723, 1000.000000000000000 ) ;
#3675 = VECTOR ( 'NONE', #2444, 1000.000000000000000 ) ;
#3676 = LINE ( 'NONE', #7532, #747 ) ;
#3677 =( LENGTH_UNIT ( ) NAMED_UNIT ( * ) SI_UNIT ( .MILLI., .METRE. ) );
#3678 = ADVANCED_FACE ( 'NONE', ( #12326 ), #3915, .T. ) ;
#3679 = ORIENTED_EDGE ( 'NONE', *, *, #12362, .T. ) ;
#3680 = ADVANCED_FACE ( 'NONE', ( #3468 ), #2535, .T. ) ;
#3681 = EDGE_CURVE ( 'NONE', #5241, #11815, #3941, .T. ) ;
#3682 = ORIENTED_EDGE ( 'NONE', *, *, #7549, .F. ) ;
#3683 = ORIENTED_EDGE ( 'NONE', *, *, #12146, .F. ) ;
#3684 = COLOUR_RGB ( '',0.2509803921568627416, 0.2509803921568627416, 0.2509803921568627416 ) ;
#3685 = VERTEX_POINT ( 'NONE', #2089 ) ;
#3686 = PLANE ( 'NONE',  #893 ) ;
#3687 = DIRECTION ( 'NONE',  ( 1.000000000000000000, 7.709882115452480533E-15, 0.000000000000000000 ) ) ;
#3688 = CIRCLE ( 'NONE', #7915, 1.090380592228666012 ) ;
#3689 = SURFACE_SIDE_STYLE ('',( #4695 ) ) ;
#3690 = CARTESIAN_POINT ( 'NONE',  ( -10.34999999999999964, 8.900000000000000355, 7.250000000000000000 ) ) ;
#3691 = PLANE ( 'NONE',  #6373 ) ;
#3692 = CARTESIAN_POINT ( 'NONE',  ( -0.4500000000000000111, 4.599999999999999645, 6.799999999999999822 ) ) ;
#3693 = VERTEX_POINT ( 'NONE', #150 ) ;
#3694 = AXIS2_PLACEMENT_3D ( 'NONE', #5062, #10091, #10029 ) ;
#3695 = EDGE_CURVE ( 'NONE', #7536, #3758, #3772, .T. ) ;
#3696 = ORIENTED_EDGE ( 'NONE', *, *, #10205, .T. ) ;
#3697 = ORIENTED_EDGE ( 'NONE', *, *, #6193, .T. ) ;
#3698 = EDGE_LOOP ( 'NONE', ( #11339, #7367, #1828, #11161 ) ) ;
#3699 = PRESENTATION_LAYER_ASSIGNMENT (  '', '', ( #9138 ) ) ;
#3700 = PLANE ( 'NONE',  #12145 ) ;
#3701 = ORIENTED_EDGE ( 'NONE', *, *, #1707, .T. ) ;
#3702 =( NAMED_UNIT ( * ) PLANE_ANGLE_UNIT ( ) SI_UNIT ( $, .RADIAN. ) );
#3703 = STYLED_ITEM ( 'NONE', ( #7963 ), #2250 ) ;
#3704 = FACE_OUTER_BOUND ( 'NONE', #10192, .T. ) ;
#3705 = CARTESIAN_POINT ( 'NONE',  ( -1.025354262694691876, 0.4781305450164100024, 6.799999999999999822 ) ) ;
#3706 = DIRECTION ( 'NONE',  ( 0.000000000000000000, 0.000000000000000000, -1.000000000000000000 ) ) ;
#3707 = VECTOR ( 'NONE', #11647, 1000.000000000000000 ) ;
#3708 = FILL_AREA_STYLE ('',( #4840 ) ) ;
#3709 = CARTESIAN_POINT ( 'NONE',  ( -10.09999999999999964, 21.14999999999999858, 7.501999999999999780 ) ) ;
#3710 = CARTESIAN_POINT ( 'NONE',  ( 5.349999999999999645, 3.200000000000000178, -8.500000000000000000 ) ) ;
#3711 = UNCERTAINTY_MEASURE_WITH_UNIT (LENGTH_MEASURE( 1.000000000000000082E-05 ), #3144, 'distance_accuracy_value', 'NONE');
#3712 = PLANE ( 'NONE',  #5355 ) ;
#3713 = CARTESIAN_POINT ( 'NONE',  ( 5.833015274308009963E-15, 21.19999999999999929, 7.200000000000000178 ) ) ;
#3714 = VECTOR ( 'NONE', #2139, 1000.000000000000000 ) ;
#3715 = ORIENTED_EDGE ( 'NONE', *, *, #7411, .F. ) ;
#3716 = VERTEX_POINT ( 'NONE', #10553 ) ;
#3717 = SURFACE_STYLE_USAGE ( .BOTH. , #4535 ) ;
#3718 = MANIFOLD_SOLID_BREP ( 'NONE', #6766 ) ;
#3719 = CYLINDRICAL_SURFACE ( 'NONE', #11406, 0.04999999999999991257 ) ;
#3720 = LINE ( 'NONE', #11201, #10244 ) ;
#3721 = VECTOR ( 'NONE', #3988, 1000.000000000000000 ) ;
#3722 = DIRECTION ( 'NONE',  ( -9.843573744019160371E-15, 1.000000000000000000, 0.000000000000000000 ) ) ;
#3723 = DIRECTION ( 'NONE',  ( 0.000000000000000000, 0.000000000000000000, 1.000000000000000000 ) ) ;
#3724 = EDGE_CURVE ( 'NONE', #3638, #8123, #12396, .T. ) ;
#3725 = CARTESIAN_POINT ( 'NONE',  ( -4.725584044262980399, 2.728317220033625201, 6.799999999999999822 ) ) ;
#3726 = FILL_AREA_STYLE_COLOUR ( '', #12125 ) ;
#3727 = CARTESIAN_POINT ( 'NONE',  ( 8.400000000000000355, 8.599999999999999645, 5.700000000000000178 ) ) ;
#3728 = AXIS2_PLACEMENT_3D ( 'NONE', #9946, #3290, #7197 ) ;
#3729 = ORIENTED_EDGE ( 'NONE', *, *, #1770, .T. ) ;
#3730 = CARTESIAN_POINT ( 'NONE',  ( -1.300000000000000044, 15.75499782797525050, 6.799999999999999822 ) ) ;
#3731 = VECTOR ( 'NONE', #3423, 1000.000000000000000 ) ;
#3732 = ORIENTED_EDGE ( 'NONE', *, *, #1323, .T. ) ;
#3733 = SURFACE_STYLE_USAGE ( .BOTH. , #11469 ) ;
#3734 = SURFACE_SIDE_STYLE ('',( #5683 ) ) ;
#3735 = PRESENTATION_STYLE_ASSIGNMENT (( #4436 ) ) ;
#3736 = SURFACE_STYLE_USAGE ( .BOTH. , #2808 ) ;
#3737 = EDGE_CURVE ( 'NONE', #3184, #1888, #7685, .T. ) ;
#3738 = EDGE_CURVE ( 'NONE', #10713, #3062, #1902, .T. ) ;
#3739 = CARTESIAN_POINT ( 'NONE',  ( 3.815147174717020029, 6.105240135171019489, -1.199999999999999956 ) ) ;
#3740 = AXIS2_PLACEMENT_3D ( 'NONE', #4354, #6245, #9014 ) ;
#3741 = FACE_OUTER_BOUND ( 'NONE', #2627, .T. ) ;
#3742 = SURFACE_STYLE_FILL_AREA ( #884 ) ;
#3743 = VERTEX_POINT ( 'NONE', #8811 ) ;
#3745 = ORIENTED_EDGE ( 'NONE', *, *, #10139, .T. ) ;
#3744 =( GEOMETRIC_REPRESENTATION_CONTEXT ( 3 ) GLOBAL_UNCERTAINTY_ASSIGNED_CONTEXT ( ( #4807 ) ) GLOBAL_UNIT_ASSIGNED_CONTEXT ( ( #4197, #453, #6978 ) ) REPRESENTATION_CONTEXT ( 'NONE', 'WORKASPACE' ) );
#3746 = ORIENTED_EDGE ( 'NONE', *, *, #11376, .F. ) ;
#3747 = EDGE_LOOP ( 'NONE', ( #507, #6223, #3329, #9637 ) ) ;
#3748 = DIRECTION ( 'NONE',  ( -1.000000000000000000, 0.000000000000000000, 5.782411586589324901E-15 ) ) ;
#3749 = PRESENTATION_LAYER_ASSIGNMENT (  '', '', ( #7386 ) ) ;
#3750 = DIRECTION ( 'NONE',  ( 0.000000000000000000, 1.000000000000000000, 0.000000000000000000 ) ) ;
#3751 = ORIENTED_EDGE ( 'NONE', *, *, #9654, .F. ) ;
#3752 = EDGE_CURVE ( 'NONE', #9664, #6137, #1035, .T. ) ;
#3753 = EDGE_CURVE ( 'NONE', #6027, #6505, #976, .T. ) ;
#3754 = DIRECTION ( 'NONE',  ( -1.000000000000000000, 0.000000000000000000, 0.000000000000000000 ) ) ;
#3755 = FACE_OUTER_BOUND ( 'NONE', #9729, .T. ) ;
#3756 = DIRECTION ( 'NONE',  ( 1.000000000000000000, 0.000000000000000000, 0.000000000000000000 ) ) ;
#3757 = ORIENTED_EDGE ( 'NONE', *, *, #6790, .F. ) ;
#3758 = VERTEX_POINT ( 'NONE', #8745 ) ;
#3759 = ORIENTED_EDGE ( 'NONE', *, *, #7056, .F. ) ;
#3760 = ORIENTED_EDGE ( 'NONE', *, *, #298, .T. ) ;
#3761 = SURFACE_SIDE_STYLE ('',( #1829 ) ) ;
#3762 = ORIENTED_EDGE ( 'NONE', *, *, #7593, .T. ) ;
#3763 = DIRECTION ( 'NONE',  ( -3.718869191154470885E-15, 0.000000000000000000, -1.000000000000000000 ) ) ;
#3764 = TOROIDAL_SURFACE ( 'NONE', #5380, 7.299999999999999822, 0.2000000000000000111 ) ;
#3765 = PRESENTATION_LAYER_ASSIGNMENT (  '', '', ( #8584 ) ) ;
#3766 = LINE ( 'NONE', #7560, #9647 ) ;
#3767 = SURFACE_STYLE_FILL_AREA ( #12392 ) ;
#3768 = EDGE_CURVE ( 'NONE', #5668, #3328, #11692, .T. ) ;
#3769 = DIRECTION ( 'NONE',  ( 0.000000000000000000, 0.000000000000000000, 1.000000000000000000 ) ) ;
#3770 = EDGE_CURVE ( 'NONE', #9365, #8114, #8615, .T. ) ;
#3771 = STYLED_ITEM ( 'NONE', ( #9575 ), #1724 ) ;
#3772 = LINE ( 'NONE', #9696, #11778 ) ;
#3773 = FILL_AREA_STYLE_COLOUR ( '', #3146 ) ;
#3774 = FACE_OUTER_BOUND ( 'NONE', #7492, .T. ) ;
#3775 = VECTOR ( 'NONE', #145, 1000.000000000000000 ) ;
#3776 =( GEOMETRIC_REPRESENTATION_CONTEXT ( 3 ) GLOBAL_UNCERTAINTY_ASSIGNED_CONTEXT ( ( #11843 ) ) GLOBAL_UNIT_ASSIGNED_CONTEXT ( ( #5423, #12271, #8437 ) ) REPRESENTATION_CONTEXT ( 'NONE', 'WORKASPACE' ) );
#3777 = EDGE_LOOP ( 'NONE', ( #4118, #655, #7762, #7559 ) ) ;
#3778 = ORIENTED_EDGE ( 'NONE', *, *, #4551, .T. ) ;
#3779 = FILL_AREA_STYLE_COLOUR ( '', #5194 ) ;
#3780 = DIRECTION ( 'NONE',  ( 1.000000000000000000, 1.927470528863057419E-15, 0.000000000000000000 ) ) ;
#3781 = SURFACE_STYLE_USAGE ( .BOTH. , #5852 ) ;
#3782 =( NAMED_UNIT ( * ) SI_UNIT ( $, .STERADIAN. ) SOLID_ANGLE_UNIT ( ) );
#3783 =( NAMED_UNIT ( * ) PLANE_ANGLE_UNIT ( ) SI_UNIT ( $, .RADIAN. ) );
#3784 = COLOUR_RGB ( '',0.2509803921568627416, 0.2509803921568627416, 0.2509803921568627416 ) ;
#3785 = DIRECTION ( 'NONE',  ( 0.000000000000000000, 0.000000000000000000, -1.000000000000000000 ) ) ;
#3786 = VERTEX_POINT ( 'NONE', #11761 ) ;
#3787 = CARTESIAN_POINT ( 'NONE',  ( 4.649999999999999467, -3.000000000000000000, -5.500000000000000000 ) ) ;
#3788 = EDGE_CURVE ( 'NONE', #6232, #8669, #273, .T. ) ;
#3789 =( GEOMETRIC_REPRESENTATION_CONTEXT ( 3 ) GLOBAL_UNCERTAINTY_ASSIGNED_CONTEXT ( ( #10826 ) ) GLOBAL_UNIT_ASSIGNED_CONTEXT ( ( #599, #9068, #1419 ) ) REPRESENTATION_CONTEXT ( 'NONE', 'WORKASPACE' ) );
#3790 = ORIENTED_EDGE ( 'NONE', *, *, #607, .F. ) ;
#3791 =( NAMED_UNIT ( * ) SI_UNIT ( $, .STERADIAN. ) SOLID_ANGLE_UNIT ( ) );
#3792 = CARTESIAN_POINT ( 'NONE',  ( -3.499999638942034696, 10.00158978159489997, -1.199999999999999956 ) ) ;
#3793 =( NAMED_UNIT ( * ) SI_UNIT ( $, .STERADIAN. ) SOLID_ANGLE_UNIT ( ) );
#3794 = PLANE ( 'NONE',  #2118 ) ;
#3795 = FILL_AREA_STYLE ('',( #8710 ) ) ;
#3796 = CARTESIAN_POINT ( 'NONE',  ( 10.34999999999999964, 4.671884747908110682E-30, -0.1999999999999655109 ) ) ;
#3797 = DIRECTION ( 'NONE',  ( 1.000000000000000000, 9.925400323074660971E-15, 0.000000000000000000 ) ) ;
#3798 =( GEOMETRIC_REPRESENTATION_CONTEXT ( 3 ) GLOBAL_UNCERTAINTY_ASSIGNED_CONTEXT ( ( #4040 ) ) GLOBAL_UNIT_ASSIGNED_CONTEXT ( ( #8100, #6270, #11928 ) ) REPRESENTATION_CONTEXT ( 'NONE', 'WORKASPACE' ) );
#3799 = PLANE ( 'NONE',  #11296 ) ;
#3800 = UNCERTAINTY_MEASURE_WITH_UNIT (LENGTH_MEASURE( 1.000000000000000082E-05 ), #1412, 'distance_accuracy_value', 'NONE');
#3801 = ORIENTED_EDGE ( 'NONE', *, *, #9293, .T. ) ;
#3802 = ORIENTED_EDGE ( 'NONE', *, *, #11118, .T. ) ;
#3803 = ORIENTED_EDGE ( 'NONE', *, *, #4426, .T. ) ;
#3804 = PRODUCT_DEFINITION_FORMATION_WITH_SPECIFIED_SOURCE ( 'ANY', '', #10230, .NOT_KNOWN. ) ;
#3805 = EDGE_CURVE ( 'NONE', #3947, #8181, #4543, .T. ) ;
#3806 = VERTEX_POINT ( 'NONE', #10872 ) ;
#3807 = DIRECTION ( 'NONE',  ( 0.000000000000000000, 0.000000000000000000, 1.000000000000000000 ) ) ;
#3808 = PRESENTATION_STYLE_ASSIGNMENT (( #952 ) ) ;
#3809 = FACE_OUTER_BOUND ( 'NONE', #4967, .T. ) ;
#3810 = VECTOR ( 'NONE', #4924, 1000.000000000000000 ) ;
#3811 = CARTESIAN_POINT ( 'NONE',  ( 4.469323853433955662, 2.084079939631069855, -1.199999999999999956 ) ) ;
#3812 = VECTOR ( 'NONE', #3890, 1000.000000000000000 ) ;
#3813 = ADVANCED_FACE ( 'NONE', ( #8120 ), #4339, .T. ) ;
#3814 = CARTESIAN_POINT ( 'NONE',  ( 7.500000000000000000, 0.000000000000000000, -0.2000000000000000111 ) ) ;
#3815 = LINE ( 'NONE', #8661, #12183 ) ;
#3816 = SURFACE_STYLE_FILL_AREA ( #1709 ) ;
#3817 = DIRECTION ( 'NONE',  ( 0.000000000000000000, 0.000000000000000000, -1.000000000000000000 ) ) ;
#3818 = ORIENTED_EDGE ( 'NONE', *, *, #903, .F. ) ;
#3819 =( GEOMETRIC_REPRESENTATION_CONTEXT ( 3 ) GLOBAL_UNCERTAINTY_ASSIGNED_CONTEXT ( ( #5930 ) ) GLOBAL_UNIT_ASSIGNED_CONTEXT ( ( #9071, #8130, #2413 ) ) REPRESENTATION_CONTEXT ( 'NONE', 'WORKASPACE' ) );
#3820 = COLOUR_RGB ( '',0.2509803921568627416, 0.2509803921568627416, 0.2509803921568627416 ) ;
#3821 = AXIS2_PLACEMENT_3D ( 'NONE', #9326, #7512, #11263 ) ;
#3822 = ORIENTED_EDGE ( 'NONE', *, *, #3210, .F. ) ;
#3823 = EDGE_LOOP ( 'NONE', ( #2060, #9845, #6220, #3123 ) ) ;
#3824 = ADVANCED_FACE ( 'NONE', ( #7242 ), #12007, .F. ) ;
#3825 = ORIENTED_EDGE ( 'NONE', *, *, #5168, .T. ) ;
#3826 = SURFACE_STYLE_FILL_AREA ( #6661 ) ;
#3827 = CARTESIAN_POINT ( 'NONE',  ( 10.09999999999999964, 8.900000000000000355, 7.299999999999999822 ) ) ;
#3828 = VERTEX_POINT ( 'NONE', #11952 ) ;
#3829 = CARTESIAN_POINT ( 'NONE',  ( 10.14999999999999858, 17.89999999999999858, -10.99999999999986144 ) ) ;
#3830 = VECTOR ( 'NONE', #9234, 1000.000000000000000 ) ;
#3831 = DIRECTION ( 'NONE',  ( 1.000000000000000000, 0.000000000000000000, 0.000000000000000000 ) ) ;
#3832 = LINE ( 'NONE', #3705, #7011 ) ;
#3833 = CARTESIAN_POINT ( 'NONE',  ( 0.3499999999999999778, 0.5500000000000000444, -6.000000000000000000 ) ) ;
#3834 = CARTESIAN_POINT ( 'NONE',  ( -10.34999999999999964, 21.16220388411720066, 7.315449846949787727 ) ) ;
#3835 =( NAMED_UNIT ( * ) PLANE_ANGLE_UNIT ( ) SI_UNIT ( $, .RADIAN. ) );
#3836 = LINE ( 'NONE', #3713, #1905 ) ;
#3837 = AXIS2_PLACEMENT_3D ( 'NONE', #11544, #1207, #194 ) ;
#3838 = EDGE_CURVE ( 'NONE', #277, #12319, #11058, .T. ) ;
#3839 = EDGE_CURVE ( 'NONE', #671, #10814, #5016, .T. ) ;
#3840 = ORIENTED_EDGE ( 'NONE', *, *, #6187, .T. ) ;
#3841 = VECTOR ( 'NONE', #602, 1000.000000000000000 ) ;
#3842 = ORIENTED_EDGE ( 'NONE', *, *, #10704, .F. ) ;
#3843 =( NAMED_UNIT ( * ) SI_UNIT ( $, .STERADIAN. ) SOLID_ANGLE_UNIT ( ) );
#3844 = LINE ( 'NONE', #11573, #9810 ) ;
#3845 = SURFACE_STYLE_FILL_AREA ( #8692 ) ;
#3846 = AXIS2_PLACEMENT_3D ( 'NONE', #294, #5309, #493 ) ;
#3847 = CARTESIAN_POINT ( 'NONE',  ( 0.3499999999999999778, -3.000000000000000000, -9.500000000000000000 ) ) ;
#3848 = DIRECTION ( 'NONE',  ( 0.000000000000000000, -1.000000000000000000, 0.000000000000000000 ) ) ;
#3849 = AXIS2_PLACEMENT_3D ( 'NONE', #2155, #10937, #4018 ) ;
#3850 =( LENGTH_UNIT ( ) NAMED_UNIT ( * ) SI_UNIT ( .MILLI., .METRE. ) );
#3851 = UNCERTAINTY_MEASURE_WITH_UNIT (LENGTH_MEASURE( 1.000000000000000082E-05 ), #5327, 'distance_accuracy_value', 'NONE');
#3852 = DIRECTION ( 'NONE',  ( 0.5000000000000258682, 0.8660254037844237196, 0.000000000000000000 ) ) ;
#3853 =( LENGTH_UNIT ( ) NAMED_UNIT ( * ) SI_UNIT ( .MILLI., .METRE. ) );
#3854 = VERTEX_POINT ( 'NONE', #1295 ) ;
#3855 = EDGE_CURVE ( 'NONE', #1524, #6723, #8870, .T. ) ;
#3856 = AXIS2_PLACEMENT_3D ( 'NONE', #11024, #1433, #10772 ) ;
#3857 = ORIENTED_EDGE ( 'NONE', *, *, #6475, .T. ) ;
#3858 = DIRECTION ( 'NONE',  ( 1.000000000000000000, 8.182657905550979512E-17, 0.000000000000000000 ) ) ;
#3859 = AXIS2_PLACEMENT_3D ( 'NONE', #1957, #8670, #4643 ) ;
#3860 = LINE ( 'NONE', #9340, #7237 ) ;
#3861 =( LENGTH_UNIT ( ) NAMED_UNIT ( * ) SI_UNIT ( .MILLI., .METRE. ) );
#3862 = SURFACE_STYLE_USAGE ( .BOTH. , #4800 ) ;
#3863 = CARTESIAN_POINT ( 'NONE',  ( -3.589859732951935278, 6.217819449518540154, 6.799999999999999822 ) ) ;
#3864 = DIRECTION ( 'NONE',  ( 0.000000000000000000, 1.000000000000000000, 0.000000000000000000 ) ) ;
#3865 = STYLED_ITEM ( 'NONE', ( #3080 ), #8321 ) ;
#3866 = SURFACE_SIDE_STYLE ('',( #6006 ) ) ;
#3867 = ORIENTED_EDGE ( 'NONE', *, *, #5484, .T. ) ;
#3868 = ORIENTED_EDGE ( 'NONE', *, *, #11083, .F. ) ;
#3869 = FILL_AREA_STYLE_COLOUR ( '', #4838 ) ;
#3870 = EDGE_LOOP ( 'NONE', ( #4142, #9480, #1769, #11660 ) ) ;
#3871 = EDGE_LOOP ( 'NONE', ( #4448, #2625, #8154, #11782, #9350, #7473, #5570, #773 ) ) ;
#3872 = SURFACE_STYLE_USAGE ( .BOTH. , #76 ) ;
#3873 = SURFACE_SIDE_STYLE ('',( #6646 ) ) ;
#3874 = DIRECTION ( 'NONE',  ( 0.000000000000000000, 0.000000000000000000, 1.000000000000000000 ) ) ;
#3875 = DIRECTION ( 'NONE',  ( 0.000000000000000000, 0.000000000000000000, 1.000000000000000000 ) ) ;
#3876 = EDGE_CURVE ( 'NONE', #309, #5059, #10939, .T. ) ;
#3877 = CARTESIAN_POINT ( 'NONE',  ( -1.300000000000000044, 15.75499782797525050, 6.799999999999999822 ) ) ;
#3878 = VECTOR ( 'NONE', #2269, 1000.000000000000000 ) ;
#3879 = EDGE_LOOP ( 'NONE', ( #6895, #342, #8964, #11434 ) ) ;
#3880 = MANIFOLD_SOLID_BREP ( 'NONE', #1372 ) ;
#3881 = ORIENTED_EDGE ( 'NONE', *, *, #10166, .T. ) ;
#3882 = ORIENTED_EDGE ( 'NONE', *, *, #7626, .T. ) ;
#3883 = PRESENTATION_LAYER_ASSIGNMENT (  '', '', ( #9121 ) ) ;
#3884 = ORIENTED_EDGE ( 'NONE', *, *, #12118, .T. ) ;
#3885 = FACE_OUTER_BOUND ( 'NONE', #8189, .T. ) ;
#3886 = DIRECTION ( 'NONE',  ( 1.000000000000000000, 0.000000000000000000, 0.000000000000000000 ) ) ;
#3887 = ORIENTED_EDGE ( 'NONE', *, *, #11302, .F. ) ;
#3888 = DIRECTION ( 'NONE',  ( 0.000000000000000000, 1.000000000000000000, 0.000000000000000000 ) ) ;
#3889 = CYLINDRICAL_SURFACE ( 'NONE', #3181, 7.100000000000000533 ) ;
#3890 = DIRECTION ( 'NONE',  ( -1.000000000000000000, -9.925400323074660971E-15, -7.532798415146090933E-29 ) ) ;
#3891 = PRESENTATION_STYLE_ASSIGNMENT (( #96 ) ) ;
#3892 = MECHANICAL_DESIGN_GEOMETRIC_PRESENTATION_REPRESENTATION (  '', ( #5106 ), #8518 ) ;
#3893 = DIRECTION ( 'NONE',  ( 0.000000000000000000, 0.000000000000000000, 1.000000000000000000 ) ) ;
#3894 = ADVANCED_FACE ( 'NONE', ( #9995 ), #8298, .F. ) ;
#3895 = MECHANICAL_DESIGN_GEOMETRIC_PRESENTATION_REPRESENTATION (  '', ( #6323 ), #9132 ) ;
#3896 = SURFACE_SIDE_STYLE ('',( #1296 ) ) ;
#3897 = FILL_AREA_STYLE_COLOUR ( '', #3496 ) ;
#3898 = DIRECTION ( 'NONE',  ( 0.9063077870366490485, 0.4226182617407014952, 0.000000000000000000 ) ) ;
#3899 = VECTOR ( 'NONE', #10370, 1000.000000000000114 ) ;
#3900 = ORIENTED_EDGE ( 'NONE', *, *, #8815, .F. ) ;
#3901 = MECHANICAL_DESIGN_GEOMETRIC_PRESENTATION_REPRESENTATION (  '', ( #523 ), #2108 ) ;
#3902 = COLOUR_RGB ( '',0.2509803921568627416, 0.2509803921568627416, 0.2509803921568627416 ) ;
#3903 = EDGE_LOOP ( 'NONE', ( #2214, #10867, #5420, #265 ) ) ;
#3904 = FACE_OUTER_BOUND ( 'NONE', #4935, .T. ) ;
#3905 = MANIFOLD_SOLID_BREP ( 'NONE', #967 ) ;
#3906 = CARTESIAN_POINT ( 'NONE',  ( 4.265774538051229747, 9.147983018184300263, -1.199999999999999956 ) ) ;
#3907 = DIRECTION ( 'NONE',  ( 1.000000000000000000, 2.409338161078900167E-16, 0.000000000000000000 ) ) ;
#3908 = CARTESIAN_POINT ( 'NONE',  ( -3.000000000000000000, 1.649999999999999911, 4.899999999999999467 ) ) ;
#3909 =( LENGTH_UNIT ( ) NAMED_UNIT ( * ) SI_UNIT ( .MILLI., .METRE. ) );
#3910 = DIRECTION ( 'NONE',  ( 1.000000000000000000, 2.168404344971010101E-16, 0.000000000000000000 ) ) ;
#3911 = EDGE_CURVE ( 'NONE', #11796, #6505, #9417, .T. ) ;
#3912 = EDGE_CURVE ( 'NONE', #3806, #2675, #10172, .T. ) ;
#3913 = EDGE_LOOP ( 'NONE', ( #6286, #5251, #4465, #11210 ) ) ;
#3914 = FILL_AREA_STYLE ('',( #11527 ) ) ;
#3915 = B_SPLINE_SURFACE_WITH_KNOTS ( 'NONE', 1, 3, ( 
 ( #3709, #3520, #11248, #2595, #7565, #11191 ),
 ( #11379, #786, #6421, #728, #10426, #6604 ),
 ( #4593, #5593, #2653, #6367, #4414, #1838 ),
 ( #6486, #12261, #5662, #10246, #9502, #12080 ) ),
 .UNSPECIFIED., .F., .F., .F.,
 ( 2, 1, 1, 2 ),
 ( 4, 2, 4 ),
 ( -0.01000000000000000021, 0.000000000000000000, 1.000000000000000000, 1.010099999999999998 ),
 ( 0.000000000000000000, 0.5000000000000000000, 1.000000000000000000 ),
 .UNSPECIFIED. ) ;
#3916 = ORIENTED_EDGE ( 'NONE', *, *, #8073, .F. ) ;
#3917 = DIRECTION ( 'NONE',  ( 0.000000000000000000, 0.000000000000000000, 1.000000000000000000 ) ) ;
#3918 = DIRECTION ( 'NONE',  ( 9.925400323074660971E-15, -1.000000000000000000, 0.000000000000000000 ) ) ;
#3919 = PRESENTATION_LAYER_ASSIGNMENT (  '', '', ( #2130 ) ) ;
#3920 = CARTESIAN_POINT ( 'NONE',  ( 0.4500000000000139999, 9.820577136594000223, -1.199999999999999956 ) ) ;
#3921 = DIRECTION ( 'NONE',  ( -1.000000000000000000, -4.962700161537330485E-15, 0.000000000000000000 ) ) ;
#3922 = ADVANCED_FACE ( 'NONE', ( #3454 ), #5341, .T. ) ;
#3923 = EDGE_CURVE ( 'NONE', #4721, #1845, #1650, .T. ) ;
#3924 = DIRECTION ( 'NONE',  ( -6.938893903907222067E-15, 0.000000000000000000, -1.000000000000000000 ) ) ;
#3925 =( LENGTH_UNIT ( ) NAMED_UNIT ( * ) SI_UNIT ( .MILLI., .METRE. ) );
#3926 = VECTOR ( 'NONE', #9282, 1000.000000000000114 ) ;
#3927 = LINE ( 'NONE', #9600, #2678 ) ;
#3928 = VERTEX_POINT ( 'NONE', #3569 ) ;
#3929 = ORIENTED_EDGE ( 'NONE', *, *, #7874, .T. ) ;
#3930 = FILL_AREA_STYLE ('',( #3869 ) ) ;
#3931 = VERTEX_POINT ( 'NONE', #10285 ) ;
#3932 = ORIENTED_EDGE ( 'NONE', *, *, #9875, .F. ) ;
#3933 = DIRECTION ( 'NONE',  ( 0.000000000000000000, -1.000000000000000000, -7.930164461608261228E-15 ) ) ;
#3934 = CIRCLE ( 'NONE', #11768, 0.05000000000000056483 ) ;
#3935 = PLANE ( 'NONE',  #9675 ) ;
#3936 = DIRECTION ( 'NONE',  ( -6.971475708610980243E-15, 6.982962677686270655E-15, -1.000000000000000000 ) ) ;
#3937 = VECTOR ( 'NONE', #4865, 1000.000000000000114 ) ;
#3938 = CARTESIAN_POINT ( 'NONE',  ( 10.09999999999999964, 21.14999999999999858, 7.299999999999999822 ) ) ;
#3939 = SURFACE_STYLE_FILL_AREA ( #10597 ) ;
#3940 = CARTESIAN_POINT ( 'NONE',  ( -9.637352644315598615E-14, 12.50000000000000000, -1.199999999999999956 ) ) ;
#3941 = CIRCLE ( 'NONE', #6971, 1.750000000000001554 ) ;
#3942 = LINE ( 'NONE', #8733, #2279 ) ;
#3943 = ORIENTED_EDGE ( 'NONE', *, *, #10304, .F. ) ;
#3944 = EDGE_CURVE ( 'NONE', #2095, #2892, #11384, .T. ) ;
#3945 = MECHANICAL_DESIGN_GEOMETRIC_PRESENTATION_REPRESENTATION (  '', ( #565 ), #355 ) ;
#3946 = ORIENTED_EDGE ( 'NONE', *, *, #4607, .F. ) ;
#3947 = VERTEX_POINT ( 'NONE', #5704 ) ;
#3948 = ORIENTED_EDGE ( 'NONE', *, *, #1840, .F. ) ;
#3949 = EDGE_CURVE ( 'NONE', #4332, #12315, #135, .T. ) ;
#3950 = FACE_OUTER_BOUND ( 'NONE', #8603, .T. ) ;
#3951 = ORIENTED_EDGE ( 'NONE', *, *, #4248, .T. ) ;
#3952 = VECTOR ( 'NONE', #10480, 1000.000000000000000 ) ;
#3953 = CARTESIAN_POINT ( 'NONE',  ( -2.149999999999999911, -3.000000000000000000, -7.000000000000000000 ) ) ;
#3954 = LINE ( 'NONE', #1030, #10804 ) ;
#3955 = DIRECTION ( 'NONE',  ( 0.000000000000000000, 0.000000000000000000, 1.000000000000000000 ) ) ;
#3956 = COLOUR_RGB ( '',0.2509803921568627416, 0.2509803921568627416, 0.2509803921568627416 ) ;
#3957 =( NAMED_UNIT ( * ) PLANE_ANGLE_UNIT ( ) SI_UNIT ( $, .RADIAN. ) );
#3958 = DIRECTION ( 'NONE',  ( 0.000000000000000000, 1.000000000000000000, 0.000000000000000000 ) ) ;
#3959 = LINE ( 'NONE', #6108, #769 ) ;
#3960 = LINE ( 'NONE', #9758, #1525 ) ;
#3961 = CARTESIAN_POINT ( 'NONE',  ( -10.14999999999999858, -1.007428132792079774E-13, 7.200000000000000178 ) ) ;
#3962 = VECTOR ( 'NONE', #7964, 1000.000000000000000 ) ;
#3963 = ORIENTED_EDGE ( 'NONE', *, *, #7498, .F. ) ;
#3964 = PRESENTATION_LAYER_ASSIGNMENT (  '', '', ( #9390 ) ) ;
#3965 = EDGE_CURVE ( 'NONE', #11664, #2641, #10663, .T. ) ;
#3966 = ORIENTED_EDGE ( 'NONE', *, *, #3912, .T. ) ;
#3967 = SURFACE_SIDE_STYLE ('',( #8621 ) ) ;
#3968 = VECTOR ( 'NONE', #439, 1000.000000000000000 ) ;
#3969 = SURFACE_SIDE_STYLE ('',( #10689 ) ) ;
#3970 = SURFACE_STYLE_USAGE ( .BOTH. , #5920 ) ;
#3971 = DIRECTION ( 'NONE',  ( -1.000000000000000000, -1.298436238251450266E-29, 3.718869191154470885E-15 ) ) ;
#3972 = CARTESIAN_POINT ( 'NONE',  ( -0.4500000000000000111, 7.279422863405989652, -1.199999999999999956 ) ) ;
#3973 =( LENGTH_UNIT ( ) NAMED_UNIT ( * ) SI_UNIT ( .MILLI., .METRE. ) );
#3974 = DIRECTION ( 'NONE',  ( 1.000000000000000000, 0.000000000000000000, 0.000000000000000000 ) ) ;
#3975 = VECTOR ( 'NONE', #4482, 1000.000000000000000 ) ;
#3976 = PLANE ( 'NONE',  #5550 ) ;
#3977 = DIRECTION ( 'NONE',  ( 2.409338161078775428E-16, 1.000000000000000000, 0.000000000000000000 ) ) ;
#3978 = SHAPE_DEFINITION_REPRESENTATION ( #3608, #6279 ) ;
#3979 = COLOUR_RGB ( '',0.2509803921568627416, 0.2509803921568627416, 0.2509803921568627416 ) ;
#3980 = ORIENTED_EDGE ( 'NONE', *, *, #3876, .F. ) ;
#3981 =( NAMED_UNIT ( * ) SI_UNIT ( $, .STERADIAN. ) SOLID_ANGLE_UNIT ( ) );
#3982 = EDGE_CURVE ( 'NONE', #5739, #11815, #11606, .T. ) ;
#3983 = VERTEX_POINT ( 'NONE', #199 ) ;
#3984 = DIRECTION ( 'NONE',  ( 0.000000000000000000, -1.000000000000000000, 0.000000000000000000 ) ) ;
#3985 = CARTESIAN_POINT ( 'NONE',  ( 3.000000000000000000, 1.949999999999999956, 7.299999999999999822 ) ) ;
#3986 = VECTOR ( 'NONE', #11388, 1000.000000000000000 ) ;
#3987 = CARTESIAN_POINT ( 'NONE',  ( -4.385349954919130155, 12.08142318451944064, 6.799999999999999822 ) ) ;
#3988 = DIRECTION ( 'NONE',  ( 0.000000000000000000, -7.589415207398510528E-15, 1.000000000000000000 ) ) ;
#3989 = CARTESIAN_POINT ( 'NONE',  ( -10.10488155364688723, 21.28049666469082268, 7.473056725902452513 ) ) ;
#3990 = LINE ( 'NONE', #7839, #3563 ) ;
#3991 = ORIENTED_EDGE ( 'NONE', *, *, #4581, .F. ) ;
#3992 = ORIENTED_EDGE ( 'NONE', *, *, #2081, .F. ) ;
#3993 = AXIS2_PLACEMENT_3D ( 'NONE', #1044, #4847, #7752 ) ;
#3994 = VERTEX_POINT ( 'NONE', #4697 ) ;
#3995 = VERTEX_POINT ( 'NONE', #5890 ) ;
#3996 = ADVANCED_FACE ( 'NONE', ( #16 ), #9743, .T. ) ;
#3997 = ORIENTED_EDGE ( 'NONE', *, *, #6954, .F. ) ;
#3998 = PRESENTATION_STYLE_ASSIGNMENT (( #7783 ) ) ;
#3999 = ADVANCED_FACE ( 'NONE', ( #11493 ), #9555, .F. ) ;
#4000 = CARTESIAN_POINT ( 'NONE',  ( 0.5610239286132310266, 12.87169557080111915, 6.799999999999999822 ) ) ;
#4001 = SURFACE_STYLE_USAGE ( .BOTH. , #8723 ) ;
#4002 = CARTESIAN_POINT ( 'NONE',  ( 0.000000000000000000, 10.00000000000000000, -17.80452084174450178 ) ) ;
#4003 = CARTESIAN_POINT ( 'NONE',  ( -2.399999999999999911, -3.500000000000000000, 4.899999999999999467 ) ) ;
#4004 = CARTESIAN_POINT ( 'NONE',  ( 0.5610239286132310266, 12.87169557080111915, -1.199999999999999956 ) ) ;
#4005 = FILL_AREA_STYLE_COLOUR ( '', #4555 ) ;
#4006 = CARTESIAN_POINT ( 'NONE',  ( -7.500000000000000000, 0.000000000000000000, -0.2000000000000000111 ) ) ;
#4007 = PRESENTATION_STYLE_ASSIGNMENT (( #201 ) ) ;
#4008 = EDGE_LOOP ( 'NONE', ( #7415, #1607, #1974, #10930, #9715, #12267, #8780, #823, #5398 ) ) ;
#4009 = ORIENTED_EDGE ( 'NONE', *, *, #4575, .F. ) ;
#4010 = ORIENTED_EDGE ( 'NONE', *, *, #3313, .F. ) ;
#4011 = ORIENTED_EDGE ( 'NONE', *, *, #8178, .F. ) ;
#4012 = SURFACE_STYLE_FILL_AREA ( #8989 ) ;
#4013 = EDGE_CURVE ( 'NONE', #11236, #4074, #3815, .T. ) ;
#4014 = VECTOR ( 'NONE', #7946, 1000.000000000000000 ) ;
#4015 = DIRECTION ( 'NONE',  ( 0.000000000000000000, -1.000000000000000000, -5.782411586589360597E-16 ) ) ;
#4016 = EDGE_LOOP ( 'NONE', ( #11401, #4419, #900, #7660, #6029, #12123 ) ) ;
#4017 = FACE_OUTER_BOUND ( 'NONE', #8838, .T. ) ;
#4018 = DIRECTION ( 'NONE',  ( 0.000000000000000000, 0.000000000000000000, 1.000000000000000000 ) ) ;
#4019 = CARTESIAN_POINT ( 'NONE',  ( -7.500000000000000000, 0.1653805922286634700, -0.2000000000000000111 ) ) ;
#4020 = DIRECTION ( 'NONE',  ( 0.000000000000000000, -1.000000000000000000, 0.000000000000000000 ) ) ;
#4021 =( GEOMETRIC_REPRESENTATION_CONTEXT ( 3 ) GLOBAL_UNCERTAINTY_ASSIGNED_CONTEXT ( ( #427 ) ) GLOBAL_UNIT_ASSIGNED_CONTEXT ( ( #2852, #10504, #12272 ) ) REPRESENTATION_CONTEXT ( 'NONE', 'WORKASPACE' ) );
#4022 = AXIS2_PLACEMENT_3D ( 'NONE', #1924, #9592, #12286 ) ;
#4023 = DIRECTION ( 'NONE',  ( 1.000000000000000000, 0.000000000000000000, 0.000000000000000000 ) ) ;
#4024 = LINE ( 'NONE', #1108, #9027 ) ;
#4025 = ADVANCED_FACE ( 'NONE', ( #81 ), #1150, .F. ) ;
#4026 = EDGE_LOOP ( 'NONE', ( #1233, #2112, #10291, #12057 ) ) ;
#4027 = MECHANICAL_DESIGN_GEOMETRIC_PRESENTATION_REPRESENTATION (  '', ( #9656 ), #448 ) ;
#4028 = ORIENTED_EDGE ( 'NONE', *, *, #3965, .F. ) ;
#4029 = VECTOR ( 'NONE', #4852, 1000.000000000000000 ) ;
#4030 = SURFACE_STYLE_USAGE ( .BOTH. , #3969 ) ;
#4031 = CARTESIAN_POINT ( 'NONE',  ( 3.499999638942034696, 10.00158978159489997, -1.199999999999999956 ) ) ;
#4032 = LINE ( 'NONE', #1117, #4431 ) ;
#4033 = CARTESIAN_POINT ( 'NONE',  ( 10.14999999999999858, 4.671884747908110682E-30, -0.1999999999999665101 ) ) ;
#4034 = CARTESIAN_POINT ( 'NONE',  ( -2.677937912262149833, 1.248742956551454064, -1.199999999999999956 ) ) ;
#4035 = AXIS2_PLACEMENT_3D ( 'NONE', #2082, #4015, #1161 ) ;
#4036 = CARTESIAN_POINT ( 'NONE',  ( -1.968193061355719919, 11.21240298306872063, -1.199999999999999956 ) ) ;
#4037 = EDGE_CURVE ( 'NONE', #3328, #9778, #9614, .T. ) ;
#4038 = CIRCLE ( 'NONE', #7475, 5.899999999999999467 ) ;
#4039 = VERTEX_POINT ( 'NONE', #1020 ) ;
#4040 = UNCERTAINTY_MEASURE_WITH_UNIT (LENGTH_MEASURE( 1.000000000000000082E-05 ), #8100, 'distance_accuracy_value', 'NONE');
#4041 = SURFACE_SIDE_STYLE ('',( #1126 ) ) ;
#4042 = EDGE_CURVE ( 'NONE', #8602, #9428, #12375, .T. ) ;
#4043 = ORIENTED_EDGE ( 'NONE', *, *, #11924, .F. ) ;
#4044 = SURFACE_SIDE_STYLE ('',( #11585 ) ) ;
#4045 = AXIS2_PLACEMENT_3D ( 'NONE', #2821, #6524, #8294 ) ;
#4046 = STYLED_ITEM ( 'NONE', ( #9813 ), #2863 ) ;
#4047 = DIRECTION ( 'NONE',  ( 0.9396926207859085389, 0.3420201433256683243, 0.000000000000000000 ) ) ;
#4048 = DIRECTION ( 'NONE',  ( 0.000000000000000000, -1.000000000000000000, 0.000000000000000000 ) ) ;
#4049 = PLANE ( 'NONE',  #10733 ) ;
#4050 = AXIS2_PLACEMENT_3D ( 'NONE', #8847, #9795, #5882 ) ;
#4051 = CARTESIAN_POINT ( 'NONE',  ( -7.500000000000000000, -2.103310660150810030, 0.7249999999999999778 ) ) ;
#4052 = STYLED_ITEM ( 'NONE', ( #5271 ), #1393 ) ;
#4053 = SURFACE_STYLE_USAGE ( .BOTH. , #7835 ) ;
#4054 = CARTESIAN_POINT ( 'NONE',  ( 10.05000000000000071, 8.900000000000000355, 7.299999999999999822 ) ) ;
#4055 = EDGE_CURVE ( 'NONE', #240, #8036, #9790, .T. ) ;
#4056 = CIRCLE ( 'NONE', #10477, 0.9250000000000004885 ) ;
#4057 = PLANE ( 'NONE',  #491 ) ;
#4058 = VERTEX_POINT ( 'NONE', #9676 ) ;
#4059 = ORIENTED_EDGE ( 'NONE', *, *, #5839, .T. ) ;
#4060 = VERTEX_POINT ( 'NONE', #1090 ) ;
#4061 = ORIENTED_EDGE ( 'NONE', *, *, #8256, .T. ) ;
#4062 = FACE_OUTER_BOUND ( 'NONE', #9623, .T. ) ;
#4063 = DIRECTION ( 'NONE',  ( 0.000000000000000000, -7.589415207398510528E-15, 1.000000000000000000 ) ) ;
#4064 = DIRECTION ( 'NONE',  ( 0.000000000000000000, -0.7071067811865420216, -0.7071067811865531239 ) ) ;
#4065 = SURFACE_STYLE_USAGE ( .BOTH. , #1145 ) ;
#4066 = SURFACE_SIDE_STYLE ('',( #11545 ) ) ;
#4067 = MECHANICAL_DESIGN_GEOMETRIC_PRESENTATION_REPRESENTATION (  '', ( #3865 ), #3470 ) ;
#4068 = CARTESIAN_POINT ( 'NONE',  ( -10.09999999999999964, 21.14999999999999858, 7.500000000000000000 ) ) ;
#4069 = CARTESIAN_POINT ( 'NONE',  ( 0.4500000000000279887, 5.720577136594029888, 6.799999999999999822 ) ) ;
#4070 = EDGE_CURVE ( 'NONE', #11468, #12384, #4880, .T. ) ;
#4071 = EDGE_CURVE ( 'NONE', #1910, #3062, #11675, .T. ) ;
#4072 = FACE_OUTER_BOUND ( 'NONE', #10484, .T. ) ;
#4073 =( LENGTH_UNIT ( ) NAMED_UNIT ( * ) SI_UNIT ( .MILLI., .METRE. ) );
#4074 = VERTEX_POINT ( 'NONE', #9044 ) ;
#4075 = ORIENTED_EDGE ( 'NONE', *, *, #6755, .F. ) ;
#4076 = EDGE_LOOP ( 'NONE', ( #761, #11683, #11350, #4828 ) ) ;
#4077 = EDGE_LOOP ( 'NONE', ( #11860, #9050, #7102, #5392 ) ) ;
#4078 = CARTESIAN_POINT ( 'NONE',  ( -0.4499999999999194644, -5.028784371435859812E-15, -1.199999999999999956 ) ) ;
#4079 = PRESENTATION_LAYER_ASSIGNMENT (  '', '', ( #11696 ) ) ;
#4080 = CARTESIAN_POINT ( 'NONE',  ( 7.349999999999999645, 2.700000000000000178, 7.500000000000000000 ) ) ;
#4081 = ORIENTED_EDGE ( 'NONE', *, *, #2816, .T. ) ;
#4082 = DIRECTION ( 'NONE',  ( -1.445602896647337931E-16, 1.000000000000000000, 0.000000000000000000 ) ) ;
#4083 =( GEOMETRIC_REPRESENTATION_CONTEXT ( 3 ) GLOBAL_UNCERTAINTY_ASSIGNED_CONTEXT ( ( #5159 ) ) GLOBAL_UNIT_ASSIGNED_CONTEXT ( ( #11990, #3783, #8166 ) ) REPRESENTATION_CONTEXT ( 'NONE', 'WORKASPACE' ) );
#4084 = FILL_AREA_STYLE ('',( #2224 ) ) ;
#4085 = AXIS2_PLACEMENT_3D ( 'NONE', #6840, #4754, #6905 ) ;
#4086 = FILL_AREA_STYLE_COLOUR ( '', #4146 ) ;
#4087 = EDGE_CURVE ( 'NONE', #10590, #3556, #10986, .T. ) ;
#4088 = CARTESIAN_POINT ( 'NONE',  ( 0.3499999999999999778, -3.000000000000000000, -5.500000000000000000 ) ) ;
#4089 =( NAMED_UNIT ( * ) SI_UNIT ( $, .STERADIAN. ) SOLID_ANGLE_UNIT ( ) );
#4090 =( GEOMETRIC_REPRESENTATION_CONTEXT ( 3 ) GLOBAL_UNCERTAINTY_ASSIGNED_CONTEXT ( ( #9601 ) ) GLOBAL_UNIT_ASSIGNED_CONTEXT ( ( #3925, #4624, #9659 ) ) REPRESENTATION_CONTEXT ( 'NONE', 'WORKASPACE' ) );
#4091 = ORIENTED_EDGE ( 'NONE', *, *, #3949, .F. ) ;
#4092 = VECTOR ( 'NONE', #12280, 1000.000000000000000 ) ;
#4093 = VERTEX_POINT ( 'NONE', #3324 ) ;
#4094 = FACE_OUTER_BOUND ( 'NONE', #1186, .T. ) ;
#4095 = DIRECTION ( 'NONE',  ( -1.298436238251450266E-29, 1.000000000000000000, 0.000000000000000000 ) ) ;
#4096 = DIRECTION ( 'NONE',  ( -1.000000000000000000, 0.000000000000000000, 0.000000000000000000 ) ) ;
#4097 = AXIS2_PLACEMENT_3D ( 'NONE', #6446, #4374, #12164 ) ;
#4098 = DIRECTION ( 'NONE',  ( 1.298436238251450266E-29, -1.000000000000000000, -2.414357261555910084E-44 ) ) ;
#4099 = CARTESIAN_POINT ( 'NONE',  ( -2.983780846226099737, 10.73882662145499900, -1.199999999999999956 ) ) ;
#4100 = LINE ( 'NONE', #8890, #1946 ) ;
#4101 = MECHANICAL_DESIGN_GEOMETRIC_PRESENTATION_REPRESENTATION (  '', ( #2105 ), #10935 ) ;
#4102 = DIRECTION ( 'NONE',  ( 0.000000000000000000, 7.537786532518270800E-15, -1.000000000000000000 ) ) ;
#4103 = ORIENTED_EDGE ( 'NONE', *, *, #8134, .F. ) ;
#4104 =( NAMED_UNIT ( * ) SI_UNIT ( $, .STERADIAN. ) SOLID_ANGLE_UNIT ( ) );
#4105 = VERTEX_POINT ( 'NONE', #5957 ) ;
#4106 = DIRECTION ( 'NONE',  ( 0.000000000000000000, 0.000000000000000000, 1.000000000000000000 ) ) ;
#4107 = LINE ( 'NONE', #8144, #3318 ) ;
#4108 = DIRECTION ( 'NONE',  ( -1.000000000000000000, 2.168404344970880185E-16, 3.718869191154470885E-15 ) ) ;
#4109 = ADVANCED_FACE ( 'NONE', ( #9801 ), #11936, .F. ) ;
#4110 = DIRECTION ( 'NONE',  ( -4.962700161537330485E-15, 1.000000000000000000, 0.000000000000000000 ) ) ;
#4111 = SURFACE_STYLE_USAGE ( .BOTH. , #2429 ) ;
#4112 = CARTESIAN_POINT ( 'NONE',  ( 1.025354262694691876, 0.4781305450164100024, 6.799999999999999822 ) ) ;
#4113 = VECTOR ( 'NONE', #7679, 1000.000000000000000 ) ;
#4114 = SURFACE_STYLE_FILL_AREA ( #6824 ) ;
#4115 = CARTESIAN_POINT ( 'NONE',  ( -10.09999999999999964, 21.14999999999999858, 7.299999999999999822 ) ) ;
#4116 = VERTEX_POINT ( 'NONE', #1279 ) ;
#4117 = ORIENTED_EDGE ( 'NONE', *, *, #9225, .T. ) ;
#4118 = ORIENTED_EDGE ( 'NONE', *, *, #4388, .F. ) ;
#4119 = VERTEX_POINT ( 'NONE', #4069 ) ;
#4120 = STYLED_ITEM ( 'NONE', ( #9800 ), #10985 ) ;
#4121 = ORIENTED_EDGE ( 'NONE', *, *, #675, .F. ) ;
#4122 = FILL_AREA_STYLE ('',( #7908 ) ) ;
#4123 = LINE ( 'NONE', #2134, #8418 ) ;
#4124 = ADVANCED_FACE ( 'NONE', ( #5203 ), #1454, .F. ) ;
#4125 = CARTESIAN_POINT ( 'NONE',  ( -10.05000000000000071, -9.975027324690049990E-14, 7.299999999999999822 ) ) ;
#4126 = FACE_OUTER_BOUND ( 'NONE', #11879, .T. ) ;
#4127 = DIRECTION ( 'NONE',  ( 0.9063077870366490485, -0.4226182617407014952, 0.000000000000000000 ) ) ;
#4128 = ADVANCED_FACE ( 'NONE', ( #5267 ), #6091, .F. ) ;
#4129 = CARTESIAN_POINT ( 'NONE',  ( 2.850000000000000089, 0.5500000000000000444, -4.500000000000000000 ) ) ;
#4130 = STYLED_ITEM ( 'NONE', ( #10218 ), #11055 ) ;
#4131 =( NAMED_UNIT ( * ) SI_UNIT ( $, .STERADIAN. ) SOLID_ANGLE_UNIT ( ) );
#4132 = CARTESIAN_POINT ( 'NONE',  ( 2.850000000000000089, 3.200000000000000178, -8.500000000000000000 ) ) ;
#4133 = ORIENTED_EDGE ( 'NONE', *, *, #12131, .F. ) ;
#4135 = ORIENTED_EDGE ( 'NONE', *, *, #8344, .F. ) ;
#4134 = VECTOR ( 'NONE', #5857, 1000.000000000000000 ) ;
#4136 = ORIENTED_EDGE ( 'NONE', *, *, #9685, .F. ) ;
#4137 = ORIENTED_EDGE ( 'NONE', *, *, #845, .F. ) ;
#4138 = CARTESIAN_POINT ( 'NONE',  ( 2.850000000000000089, 0.5500000000000000444, -7.000000000000000000 ) ) ;
#4139 = AXIS2_PLACEMENT_3D ( 'NONE', #12278, #2732, #4668 ) ;
#4140 = EDGE_CURVE ( 'NONE', #3716, #3063, #4152, .T. ) ;
#4141 = CARTESIAN_POINT ( 'NONE',  ( -4.649999999999999467, -3.000000000000000000, -5.000000000000000000 ) ) ;
#4142 = ORIENTED_EDGE ( 'NONE', *, *, #1840, .T. ) ;
#4143 = EDGE_CURVE ( 'NONE', #6325, #9876, #362, .T. ) ;
#4144 =( LENGTH_UNIT ( ) NAMED_UNIT ( * ) SI_UNIT ( .MILLI., .METRE. ) );
#4145 = CARTESIAN_POINT ( 'NONE',  ( 7.849999999999999645, -3.000000000000000000, -7.500000000000000000 ) ) ;
#4146 = COLOUR_RGB ( '',0.2509803921568627416, 0.2509803921568627416, 0.2509803921568627416 ) ;
#4147 = DIRECTION ( 'NONE',  ( 1.000000000000000000, 0.000000000000000000, 0.000000000000000000 ) ) ;
#4148 = MECHANICAL_DESIGN_GEOMETRIC_PRESENTATION_REPRESENTATION (  '', ( #11363 ), #6169 ) ;
#4149 = CLOSED_SHELL ( 'NONE', ( #11332, #8760, #2901, #3652, #12185, #4983, #5101, #4402, #11827, #10749 ) ) ;
#4150 = UNCERTAINTY_MEASURE_WITH_UNIT (LENGTH_MEASURE( 1.000000000000000082E-05 ), #7137, 'distance_accuracy_value', 'NONE');
#4151 = EDGE_LOOP ( 'NONE', ( #2035, #11348, #3095, #825, #6163, #8840, #3543, #2999, #5877, #2876, #10893, #5375, #6726, #8570, #2817, #10143, #11111, #1155 ) ) ;
#4152 = CIRCLE ( 'NONE', #5758, 1.600000000000000755 ) ;
#4153 = EDGE_CURVE ( 'NONE', #9226, #6094, #10334, .T. ) ;
#4154 = ORIENTED_EDGE ( 'NONE', *, *, #11108, .F. ) ;
#4155 = EDGE_CURVE ( 'NONE', #3386, #11645, #10101, .T. ) ;
#4156 = VECTOR ( 'NONE', #8121, 1000.000000000000000 ) ;
#4157 = CARTESIAN_POINT ( 'NONE',  ( -0.7000000000000160538, 3.200000000000000178, -11.25000000000000000 ) ) ;
#4158 = FACE_OUTER_BOUND ( 'NONE', #10605, .T. ) ;
#4159 = CARTESIAN_POINT ( 'NONE',  ( 10.10488155364689966, 21.28049666469079781, 7.473056725902450736 ) ) ;
#4160 = CARTESIAN_POINT ( 'NONE',  ( 10.11464466094068015, 21.14999999999999858, 5.700000000000070344 ) ) ;
#4161 = LINE ( 'NONE', #2302, #1534 ) ;
#4162 = DIRECTION ( 'NONE',  ( 0.000000000000000000, 1.000000000000000000, 0.000000000000000000 ) ) ;
#4163 = CARTESIAN_POINT ( 'NONE',  ( -0.3499999999999999778, 3.200000000000000178, -4.500000000000000000 ) ) ;
#4164 = AXIS2_PLACEMENT_3D ( 'NONE', #6823, #1071, #4801 ) ;
#4165 =( NAMED_UNIT ( * ) PLANE_ANGLE_UNIT ( ) SI_UNIT ( $, .RADIAN. ) );
#4166 = AXIS2_PLACEMENT_3D ( 'NONE', #4881, #11608, #1948 ) ;
#4167 = UNCERTAINTY_MEASURE_WITH_UNIT (LENGTH_MEASURE( 1.000000000000000082E-05 ), #5038, 'distance_accuracy_value', 'NONE');
#4168 = DIRECTION ( 'NONE',  ( 1.000000000000000000, 0.000000000000000000, 0.000000000000000000 ) ) ;
#4169 = ORIENTED_EDGE ( 'NONE', *, *, #4265, .T. ) ;
#4170 =( NAMED_UNIT ( * ) SI_UNIT ( $, .STERADIAN. ) SOLID_ANGLE_UNIT ( ) );
#4171 =( NAMED_UNIT ( * ) SI_UNIT ( $, .STERADIAN. ) SOLID_ANGLE_UNIT ( ) );
#4172 = EDGE_CURVE ( 'NONE', #11051, #3120, #7413, .T. ) ;
#4173 = LINE ( 'NONE', #11849, #8635 ) ;
#4174 = CARTESIAN_POINT ( 'NONE',  ( 8.149999999999998579, 2.700000000000000178, 7.299999999999999822 ) ) ;
#4175 =( NAMED_UNIT ( * ) PLANE_ANGLE_UNIT ( ) SI_UNIT ( $, .RADIAN. ) );
#4176 = AXIS2_PLACEMENT_3D ( 'NONE', #7016, #9828, #8019 ) ;
#4177 =( LENGTH_UNIT ( ) NAMED_UNIT ( * ) SI_UNIT ( .MILLI., .METRE. ) );
#4178 =( NAMED_UNIT ( * ) PLANE_ANGLE_UNIT ( ) SI_UNIT ( $, .RADIAN. ) );
#4179 = DIRECTION ( 'NONE',  ( 1.000000000000000000, 1.253297255179871903E-29, -6.971475708610980243E-15 ) ) ;
#4180 = CARTESIAN_POINT ( 'NONE',  ( 4.646130973617839999, 9.963660026517290547, -1.199999999999999956 ) ) ;
#4181 = ORIENTED_EDGE ( 'NONE', *, *, #5484, .F. ) ;
#4182 = EDGE_CURVE ( 'NONE', #7249, #3327, #4384, .T. ) ;
#4183 = STYLED_ITEM ( 'NONE', ( #3581 ), #6543 ) ;
#4184 = ORIENTED_EDGE ( 'NONE', *, *, #11842, .T. ) ;
#4185 = DIRECTION ( 'NONE',  ( 0.000000000000000000, 3.614007241618349757E-17, -1.000000000000000000 ) ) ;
#4186 = ORIENTED_EDGE ( 'NONE', *, *, #2481, .T. ) ;
#4187 = VECTOR ( 'NONE', #10894, 1000.000000000000000 ) ;
#4188 = CARTESIAN_POINT ( 'NONE',  ( 7.849999999999999645, -3.000000000000000000, -7.000000000000000000 ) ) ;
#4189 = PLANE ( 'NONE',  #920 ) ;
#4190 = CARTESIAN_POINT ( 'NONE',  ( 4.016218431657985199, 9.264352941734809832, 6.799999999999999822 ) ) ;
#4191 = DIRECTION ( 'NONE',  ( 0.000000000000000000, 0.000000000000000000, -1.000000000000000000 ) ) ;
#4192 = DIRECTION ( 'NONE',  ( 0.000000000000000000, -1.000000000000000000, -7.347064133548820117E-15 ) ) ;
#4193 = DIRECTION ( 'NONE',  ( 9.925400323074660971E-15, -1.000000000000000000, 0.000000000000000000 ) ) ;
#4194 = DIRECTION ( 'NONE',  ( -1.000000000000000000, 0.000000000000000000, 0.000000000000000000 ) ) ;
#4195 = AXIS2_PLACEMENT_3D ( 'NONE', #9149, #4303, #10017 ) ;
#4196 = DIRECTION ( 'NONE',  ( 3.718869191154470885E-15, 2.414357261555910084E-44, 1.000000000000000000 ) ) ;
#4197 =( LENGTH_UNIT ( ) NAMED_UNIT ( * ) SI_UNIT ( .MILLI., .METRE. ) );
#4198 = PRESENTATION_LAYER_ASSIGNMENT (  '', '', ( #2408 ) ) ;
#4199 = DIRECTION ( 'NONE',  ( 0.000000000000000000, 1.000000000000000000, 2.168404344971015031E-16 ) ) ;
#4200 = SURFACE_STYLE_FILL_AREA ( #12112 ) ;
#4201 = VERTEX_POINT ( 'NONE', #695 ) ;
#4202 = EDGE_CURVE ( 'NONE', #11733, #8650, #4561, .T. ) ;
#4203 = VECTOR ( 'NONE', #9873, 1000.000000000000000 ) ;
#4204 = ORIENTED_EDGE ( 'NONE', *, *, #7900, .T. ) ;
#4205 = EDGE_LOOP ( 'NONE', ( #9762, #9005, #6532, #10934 ) ) ;
#4206 = VERTEX_POINT ( 'NONE', #9224 ) ;
#4207 = SURFACE_STYLE_USAGE ( .BOTH. , #7995 ) ;
#4208 = ADVANCED_FACE ( 'NONE', ( #9404 ), #3555, .F. ) ;
#4209 = CARTESIAN_POINT ( 'NONE',  ( -7.849999999999999645, 0.5500000000000000444, -7.000000000000000000 ) ) ;
#4210 = VECTOR ( 'NONE', #5326, 1000.000000000000000 ) ;
#4212 = VERTEX_POINT ( 'NONE', #632 ) ;
#4211 = UNCERTAINTY_MEASURE_WITH_UNIT (LENGTH_MEASURE( 1.000000000000000082E-05 ), #6114, 'distance_accuracy_value', 'NONE');
#4213 = DIRECTION ( 'NONE',  ( 0.000000000000000000, -7.537786532518270800E-15, 1.000000000000000000 ) ) ;
#4214 = DIRECTION ( 'NONE',  ( -1.015365341201898201E-14, 1.000000000000000000, 0.000000000000000000 ) ) ;
#4215 = PLANE ( 'NONE',  #9183 ) ;
#4216 = SURFACE_SIDE_STYLE ('',( #406 ) ) ;
#4217 = EDGE_CURVE ( 'NONE', #3327, #2800, #12236, .T. ) ;
#4218 = ORIENTED_EDGE ( 'NONE', *, *, #1033, .F. ) ;
#4219 = ORIENTED_EDGE ( 'NONE', *, *, #5071, .F. ) ;
#4220 = DIRECTION ( 'NONE',  ( 1.000000000000000000, 0.000000000000000000, 0.000000000000000000 ) ) ;
#4221 = SURFACE_STYLE_FILL_AREA ( #1362 ) ;
#4222 =( LENGTH_UNIT ( ) NAMED_UNIT ( * ) SI_UNIT ( .MILLI., .METRE. ) );
#4223 = AXIS2_PLACEMENT_3D ( 'NONE', #3516, #3580, #724 ) ;
#4224 = DIRECTION ( 'NONE',  ( 1.000000000000000000, 0.000000000000000000, 0.000000000000000000 ) ) ;
#4225 = AXIS2_PLACEMENT_3D ( 'NONE', #4961, #3955, #9631 ) ;
#4226 = CARTESIAN_POINT ( 'NONE',  ( 10.10976310729378014, 21.19280904683519751, 7.275044919887459827 ) ) ;
#4227 = CARTESIAN_POINT ( 'NONE',  ( 2.600000000000000089, -3.500000000000000000, 4.899999999999999467 ) ) ;
#4228 = EDGE_CURVE ( 'NONE', #1745, #7661, #5369, .T. ) ;
#4229 = SURFACE_STYLE_FILL_AREA ( #606 ) ;
#4230 = DIRECTION ( 'NONE',  ( 0.000000000000000000, 0.000000000000000000, -1.000000000000000000 ) ) ;
#4231 = EDGE_CURVE ( 'NONE', #2897, #7118, #10272, .T. ) ;
#4232 = EDGE_CURVE ( 'NONE', #8155, #10489, #2504, .T. ) ;
#4233 = AXIS2_PLACEMENT_3D ( 'NONE', #3085, #2085, #2154 ) ;
#4234 = AXIS2_PLACEMENT_3D ( 'NONE', #1389, #5195, #8274 ) ;
#4235 = ORIENTED_EDGE ( 'NONE', *, *, #7295, .F. ) ;
#4236 = CYLINDRICAL_SURFACE ( 'NONE', #1410, 5.899999999999999467 ) ;
#4237 =( NAMED_UNIT ( * ) SI_UNIT ( $, .STERADIAN. ) SOLID_ANGLE_UNIT ( ) );
#4238 = CARTESIAN_POINT ( 'NONE',  ( -10.15000000000014069, 12.77500000000000036, -6.099999999999901057 ) ) ;
#4239 = CARTESIAN_POINT ( 'NONE',  ( 0.000000000000000000, 10.00000000000000000, 6.000000000000000000 ) ) ;
#4240 = DIRECTION ( 'NONE',  ( -5.164739608482687241E-15, -0.7071067811865535679, 0.7071067811865415775 ) ) ;
#4241 = CIRCLE ( 'NONE', #5833, 0.9250000000000004885 ) ;
#4242 = DIRECTION ( 'NONE',  ( -1.000000000000000000, 0.000000000000000000, 0.000000000000000000 ) ) ;
#4243 = UNCERTAINTY_MEASURE_WITH_UNIT (LENGTH_MEASURE( 1.000000000000000082E-05 ), #176, 'distance_accuracy_value', 'NONE');
#4244 = CIRCLE ( 'NONE', #459, 7.250000000000000888 ) ;
#4245 = AXIS2_PLACEMENT_3D ( 'NONE', #3221, #5986, #6050 ) ;
#4246 = CARTESIAN_POINT ( 'NONE',  ( -10.15000000000021885, 21.19999999999999929, -11.24999999999984013 ) ) ;
#4247 = CARTESIAN_POINT ( 'NONE',  ( -10.10244077682345321, 21.21544984694978453, 7.500000000000001776 ) ) ;
#4248 = EDGE_CURVE ( 'NONE', #3267, #3633, #9169, .T. ) ;
#4249 = CARTESIAN_POINT ( 'NONE',  ( 10.14999999999999858, 8.599999999999999645, 5.700000000000000178 ) ) ;
#4250 = ORIENTED_EDGE ( 'NONE', *, *, #4276, .F. ) ;
#4251 = UNCERTAINTY_MEASURE_WITH_UNIT (LENGTH_MEASURE( 1.000000000000000082E-05 ), #1993, 'distance_accuracy_value', 'NONE');
#4252 = CARTESIAN_POINT ( 'NONE',  ( 5.349999999999999645, 0.5500000000000000444, -5.500000000000000000 ) ) ;
#4253 = ORIENTED_EDGE ( 'NONE', *, *, #8658, .T. ) ;
#4254 = PRESENTATION_LAYER_ASSIGNMENT (  '', '', ( #8272 ) ) ;
#4255 = LINE ( 'NONE', #3488, #2830 ) ;
#4256 = DIRECTION ( 'NONE',  ( 1.298436238251450266E-29, -1.000000000000000000, -2.414357261555910084E-44 ) ) ;
#4257 = AXIS2_PLACEMENT_3D ( 'NONE', #211, #272, #7058 ) ;
#4258 = AXIS2_PLACEMENT_3D ( 'NONE', #581, #9170, #6338 ) ;
#4259 = SURFACE_SIDE_STYLE ('',( #1627 ) ) ;
#4260 = LINE ( 'NONE', #6212, #8327 ) ;
#4261 = PLANE ( 'NONE',  #4682 ) ;
#4262 = FILL_AREA_STYLE_COLOUR ( '', #7021 ) ;
#4263 = MECHANICAL_DESIGN_GEOMETRIC_PRESENTATION_REPRESENTATION (  '', ( #8886 ), #9484 ) ;
#4264 = VECTOR ( 'NONE', #9117, 1000.000000000000000 ) ;
#4265 = EDGE_CURVE ( 'NONE', #226, #11730, #4443, .T. ) ;
#4266 = CARTESIAN_POINT ( 'NONE',  ( 7.849999999999999645, 0.5500000000000000444, -8.500000000000000000 ) ) ;
#4267 = ORIENTED_EDGE ( 'NONE', *, *, #9871, .T. ) ;
#4268 = UNCERTAINTY_MEASURE_WITH_UNIT (LENGTH_MEASURE( 1.000000000000000082E-05 ), #5401, 'distance_accuracy_value', 'NONE');
#4269 = ORIENTED_EDGE ( 'NONE', *, *, #9418, .T. ) ;
#4270 = ORIENTED_EDGE ( 'NONE', *, *, #2928, .T. ) ;
#4271 = ORIENTED_EDGE ( 'NONE', *, *, #4532, .T. ) ;
#4272 = LINE ( 'NONE', #12059, #4867 ) ;
#4273 = DIRECTION ( 'NONE',  ( 0.000000000000000000, 0.000000000000000000, -1.000000000000000000 ) ) ;
#4274 = ORIENTED_EDGE ( 'NONE', *, *, #8293, .T. ) ;
#4275 = VECTOR ( 'NONE', #57, 1000.000000000000000 ) ;
#4276 = EDGE_CURVE ( 'NONE', #9879, #11468, #11158, .T. ) ;
#4277 = CARTESIAN_POINT ( 'NONE',  ( -1.587836625789089906, 10.39672597473573923, -1.199999999999999956 ) ) ;
#4278 = DIRECTION ( 'NONE',  ( 3.093091165064069630E-16, 1.000000000000000000, 0.000000000000000000 ) ) ;
#4279 = PRESENTATION_STYLE_ASSIGNMENT (( #1413 ) ) ;
#4280 = DIRECTION ( 'NONE',  ( 3.718869191154470885E-15, 2.414357261555910084E-44, 1.000000000000000000 ) ) ;
#4281 = AXIS2_PLACEMENT_3D ( 'NONE', #6468, #3807, #6645 ) ;
#4282 = COLOUR_RGB ( '',0.2509803921568627416, 0.2509803921568627416, 0.2509803921568627416 ) ;
#4283 = EDGE_LOOP ( 'NONE', ( #205, #4452, #8005, #6174, #1549, #7719, #9789, #950, #10337, #10556, #8674, #8940, #6354, #10119, #6414, #758, #6079, #10259 ) ) ;
#4284 = ORIENTED_EDGE ( 'NONE', *, *, #7787, .T. ) ;
#4285 = LINE ( 'NONE', #8127, #208 ) ;
#4286 = PRESENTATION_LAYER_ASSIGNMENT (  '', '', ( #8308 ) ) ;
#4287 = CARTESIAN_POINT ( 'NONE',  ( 7.849999999999999645, 0.5500000000000000444, -8.500000000000000000 ) ) ;
#4288 = EDGE_CURVE ( 'NONE', #4461, #5275, #3688, .T. ) ;
#4289 = LINE ( 'NONE', #5985, #230 ) ;
#4290 = CARTESIAN_POINT ( 'NONE',  ( 10.11219703812814075, 21.39999999999999858, 7.315633423315000883 ) ) ;
#4291 = CARTESIAN_POINT ( 'NONE',  ( -10.11464466094063930, 21.14999999999999858, 5.750000000000110134 ) ) ;
#4292 = PRESENTATION_STYLE_ASSIGNMENT (( #9197 ) ) ;
#4293 =( LENGTH_UNIT ( ) NAMED_UNIT ( * ) SI_UNIT ( .MILLI., .METRE. ) );
#4294 = CIRCLE ( 'NONE', #2310, 0.9250000000000004885 ) ;
#4295 = ORIENTED_EDGE ( 'NONE', *, *, #10555, .F. ) ;
#4296 =( LENGTH_UNIT ( ) NAMED_UNIT ( * ) SI_UNIT ( .MILLI., .METRE. ) );
#4297 = DIRECTION ( 'NONE',  ( 1.000000000000000000, 0.000000000000000000, 0.000000000000000000 ) ) ;
#4298 = DIRECTION ( 'NONE',  ( 1.000000000000000000, 0.000000000000000000, 0.000000000000000000 ) ) ;
#4299 = CARTESIAN_POINT ( 'NONE',  ( -7.850000000000148859, 14.90000000000000036, -4.599999999999999645 ) ) ;
#4300 = EDGE_CURVE ( 'NONE', #3633, #127, #67, .T. ) ;
#4301 = CARTESIAN_POINT ( 'NONE',  ( 0.7660316784771360465, -0.3572064380632170022, 6.799999999999999822 ) ) ;
#4302 = EDGE_CURVE ( 'NONE', #8508, #1577, #1932, .T. ) ;
#4303 = DIRECTION ( 'NONE',  ( 0.000000000000000000, 0.000000000000000000, -1.000000000000000000 ) ) ;
#4304 = VECTOR ( 'NONE', #804, 1000.000000000000000 ) ;
#4305 = SURFACE_SIDE_STYLE ('',( #8213 ) ) ;
#4306 = PRESENTATION_LAYER_ASSIGNMENT (  '', '', ( #5106 ) ) ;
#4307 =( LENGTH_UNIT ( ) NAMED_UNIT ( * ) SI_UNIT ( .MILLI., .METRE. ) );
#4308 = CIRCLE ( 'NONE', #1520, 0.9000000000000000222 ) ;
#4309 = FILL_AREA_STYLE_COLOUR ( '', #5982 ) ;
#4310 = EDGE_LOOP ( 'NONE', ( #6931, #8858, #9863, #4722 ) ) ;
#4311 = ORIENTED_EDGE ( 'NONE', *, *, #8804, .F. ) ;
#4312 = DIRECTION ( 'NONE',  ( 0.000000000000000000, 1.000000000000000000, 0.000000000000000000 ) ) ;
#4313 = ORIENTED_EDGE ( 'NONE', *, *, #5338, .T. ) ;
#4314 = COLOUR_RGB ( '',0.2509803921568627416, 0.2509803921568627416, 0.2509803921568627416 ) ;
#4315 = CARTESIAN_POINT ( 'NONE',  ( -0.7000000000000160538, 3.200000000000000178, -8.699999999999999289 ) ) ;
#4316 = DIRECTION ( 'NONE',  ( 3.093091165064069630E-16, 1.000000000000000000, 0.000000000000000000 ) ) ;
#4317 = VECTOR ( 'NONE', #796, 1000.000000000000000 ) ;
#4318 = DIRECTION ( 'NONE',  ( 0.000000000000000000, 1.301042606982603842E-16, -1.000000000000000000 ) ) ;
#4319 =( GEOMETRIC_REPRESENTATION_CONTEXT ( 3 ) GLOBAL_UNCERTAINTY_ASSIGNED_CONTEXT ( ( #4243 ) ) GLOBAL_UNIT_ASSIGNED_CONTEXT ( ( #176, #6883, #4677 ) ) REPRESENTATION_CONTEXT ( 'NONE', 'WORKASPACE' ) );
#4320 = PLANE ( 'NONE',  #11322 ) ;
#4321 = FILL_AREA_STYLE ('',( #9101 ) ) ;
#4322 = ADVANCED_FACE ( 'NONE', ( #3741 ), #7775, .F. ) ;
#4323 = CARTESIAN_POINT ( 'NONE',  ( 10.05000000000000071, 21.19999999999999929, 5.700000000000070344 ) ) ;
#4324 = DIRECTION ( 'NONE',  ( 0.000000000000000000, 1.000000000000000000, 0.000000000000000000 ) ) ;
#4325 = PLANE ( 'NONE',  #9761 ) ;
#4326 = FILL_AREA_STYLE ('',( #6149 ) ) ;
#4327 = DIRECTION ( 'NONE',  ( 1.000000000000000000, 0.000000000000000000, 0.000000000000000000 ) ) ;
#4328 = VECTOR ( 'NONE', #11961, 1000.000000000000114 ) ;
#4329 = FILL_AREA_STYLE_COLOUR ( '', #2463 ) ;
#4330 = ORIENTED_EDGE ( 'NONE', *, *, #2468, .F. ) ;
#4331 = ORIENTED_EDGE ( 'NONE', *, *, #11220, .F. ) ;
#4332 = VERTEX_POINT ( 'NONE', #2989 ) ;
#4333 = ORIENTED_EDGE ( 'NONE', *, *, #5796, .F. ) ;
#4334 = CARTESIAN_POINT ( 'NONE',  ( 7.349999999999999645, 2.700000000000000178, 1.500000000000000000 ) ) ;
#4335 = DIRECTION ( 'NONE',  ( 1.000000000000000000, 0.000000000000000000, 0.000000000000000000 ) ) ;
#4336 = ORIENTED_EDGE ( 'NONE', *, *, #3839, .F. ) ;
#4337 = VECTOR ( 'NONE', #5505, 1000.000000000000000 ) ;
#4338 = DIRECTION ( 'NONE',  ( 3.718869191154470885E-15, 2.414357261555910084E-44, 1.000000000000000000 ) ) ;
#4339 = CYLINDRICAL_SURFACE ( 'NONE', #1753, 1.749999999999999778 ) ;
#4340 = EDGE_CURVE ( 'NONE', #11236, #2725, #10645, .T. ) ;
#4341 = STYLED_ITEM ( 'NONE', ( #109 ), #3448 ) ;
#4342 = CARTESIAN_POINT ( 'NONE',  ( -10.15000000000017977, 17.02499999999999858, -6.099999999999869971 ) ) ;
#4343 = ORIENTED_EDGE ( 'NONE', *, *, #11955, .F. ) ;
#4344 = EDGE_CURVE ( 'NONE', #9458, #10542, #8522, .T. ) ;
#4345 = ORIENTED_EDGE ( 'NONE', *, *, #10498, .T. ) ;
#4346 = ORIENTED_EDGE ( 'NONE', *, *, #6627, .F. ) ;
#4347 = DIRECTION ( 'NONE',  ( -7.575408038632519885E-31, -1.642654770589905138E-46, -1.000000000000000000 ) ) ;
#4348 = CARTESIAN_POINT ( 'NONE',  ( -0.9413803641798629274, 13.68737257913410055, -1.199999999999999956 ) ) ;
#4349 = DIRECTION ( 'NONE',  ( 0.000000000000000000, -1.000000000000000000, 0.000000000000000000 ) ) ;
#4350 = STYLED_ITEM ( 'NONE', ( #5313 ), #11432 ) ;
#4351 = CARTESIAN_POINT ( 'NONE',  ( 10.10488155364689966, 21.28154063800835161, 7.474841179709668992 ) ) ;
#4352 = DIRECTION ( 'NONE',  ( 0.000000000000000000, 0.000000000000000000, 1.000000000000000000 ) ) ;
#4353 = LINE ( 'NONE', #2419, #11142 ) ;
#4354 = CARTESIAN_POINT ( 'NONE',  ( -5.505006907668969163, 3.178317220033414880, -1.199999999999999956 ) ) ;
#4355 = AXIS2_PLACEMENT_3D ( 'NONE', #2010, #3875, #895 ) ;
#4356 = ADVANCED_FACE ( 'NONE', ( #7656 ), #8580, .F. ) ;
#4357 = CIRCLE ( 'NONE', #7186, 1.099999999999999423 ) ;
#4358 = EDGE_LOOP ( 'NONE', ( #5212, #2196, #10161, #1100 ) ) ;
#4359 = LINE ( 'NONE', #8205, #608 ) ;
#4360 = LINE ( 'NONE', #2835, #8939 ) ;
#4361 = ADVANCED_FACE ( 'NONE', ( #2318 ), #4929, .T. ) ;
#4362 = LINE ( 'NONE', #11022, #9240 ) ;
#4363 = FILL_AREA_STYLE ('',( #3357 ) ) ;
#4364 = DIRECTION ( 'NONE',  ( 0.000000000000000000, 0.000000000000000000, 1.000000000000000000 ) ) ;
#4365 =( GEOMETRIC_REPRESENTATION_CONTEXT ( 3 ) GLOBAL_UNCERTAINTY_ASSIGNED_CONTEXT ( ( #7601 ) ) GLOBAL_UNIT_ASSIGNED_CONTEXT ( ( #958, #11548, #7730 ) ) REPRESENTATION_CONTEXT ( 'NONE', 'WORKASPACE' ) );
#4366 = CARTESIAN_POINT ( 'NONE',  ( 5.349999999999999645, 3.200000000000000178, -4.500000000000000000 ) ) ;
#4367 = FILL_AREA_STYLE_COLOUR ( '', #8179 ) ;
#4368 = CARTESIAN_POINT ( 'NONE',  ( 10.11312550038431901, 21.15244740198999907, 7.299999999999999822 ) ) ;
#4369 = ORIENTED_EDGE ( 'NONE', *, *, #5378, .F. ) ;
#4370 = ORIENTED_EDGE ( 'NONE', *, *, #5897, .T. ) ;
#4371 = EDGE_CURVE ( 'NONE', #7238, #5275, #2373, .T. ) ;
#4372 =( NAMED_UNIT ( * ) PLANE_ANGLE_UNIT ( ) SI_UNIT ( $, .RADIAN. ) );
#4373 = CARTESIAN_POINT ( 'NONE',  ( -3.369762170048764549, 12.55499954613319957, 6.799999999999999822 ) ) ;
#4374 = DIRECTION ( 'NONE',  ( 9.925400323074660971E-15, -1.000000000000000000, 0.000000000000000000 ) ) ;
#4375 = AXIS2_PLACEMENT_3D ( 'NONE', #2727, #4603, #738 ) ;
#4376 = EDGE_CURVE ( 'NONE', #11362, #12015, #11415, .T. ) ;
#4377 = FACE_OUTER_BOUND ( 'NONE', #5646, .T. ) ;
#4378 = DIRECTION ( 'NONE',  ( 0.000000000000000000, -1.000000000000000000, -7.346422396569529816E-15 ) ) ;
#4379 = FILL_AREA_STYLE ('',( #3255 ) ) ;
#4380 = SURFACE_STYLE_FILL_AREA ( #4321 ) ;
#4381 = AXIS2_PLACEMENT_3D ( 'NONE', #6829, #10646, #2059 ) ;
#4382 = FILL_AREA_STYLE ('',( #10096 ) ) ;
#4383 = PLANE ( 'NONE',  #2729 ) ;
#4384 = LINE ( 'NONE', #756, #3547 ) ;
#4385 = CIRCLE ( 'NONE', #12207, 0.2500000000000000000 ) ;
#4386 = CARTESIAN_POINT ( 'NONE',  ( -2.850000000000000089, 0.5500000000000000444, -4.500000000000000000 ) ) ;
#4387 = ORIENTED_EDGE ( 'NONE', *, *, #11932, .F. ) ;
#4388 = EDGE_CURVE ( 'NONE', #4687, #7336, #239, .T. ) ;
#4389 = UNCERTAINTY_MEASURE_WITH_UNIT (LENGTH_MEASURE( 1.000000000000000082E-05 ), #3850, 'distance_accuracy_value', 'NONE');
#4390 = ADVANCED_FACE ( 'NONE', ( #3055 ), #7967, .T. ) ;
#4391 = ORIENTED_EDGE ( 'NONE', *, *, #5460, .F. ) ;
#4392 = ORIENTED_EDGE ( 'NONE', *, *, #6674, .F. ) ;
#4393 = ORIENTED_EDGE ( 'NONE', *, *, #3912, .F. ) ;
#4394 = CARTESIAN_POINT ( 'NONE',  ( 3.375435743013984968, 7.525688402361390139, -1.199999999999999956 ) ) ;
#4395 = DIRECTION ( 'NONE',  ( 1.000000000000000000, 0.000000000000000000, 0.000000000000000000 ) ) ;
#4396 = EDGE_LOOP ( 'NONE', ( #12056, #3472, #9304, #1201 ) ) ;
#4397 = VECTOR ( 'NONE', #452, 1000.000000000000000 ) ;
#4398 =( LENGTH_UNIT ( ) NAMED_UNIT ( * ) SI_UNIT ( .MILLI., .METRE. ) );
#4399 = CARTESIAN_POINT ( 'NONE',  ( 1.649999999999999911, 3.200000000000000178, -8.849999999999999645 ) ) ;
#4400 = CARTESIAN_POINT ( 'NONE',  ( -0.3499999999999999778, -3.000000000000000000, -10.00000000000000000 ) ) ;
#4401 = DIRECTION ( 'NONE',  ( -1.000000000000000000, 1.176436426395249749E-16, 3.718869191154470885E-15 ) ) ;
#4402 = ADVANCED_FACE ( 'NONE', ( #8778 ), #5187, .F. ) ;
#4403 = ORIENTED_EDGE ( 'NONE', *, *, #5396, .F. ) ;
#4404 = ORIENTED_EDGE ( 'NONE', *, *, #5133, .T. ) ;
#4405 = DIRECTION ( 'NONE',  ( 1.000000000000000000, 0.000000000000000000, 3.169856808907805493E-15 ) ) ;
#4406 = ORIENTED_EDGE ( 'NONE', *, *, #11556, .T. ) ;
#4407 = DIRECTION ( 'NONE',  ( 1.000000000000000000, 1.117507638097058054E-14, 0.000000000000000000 ) ) ;
#4408 = LINE ( 'NONE', #10297, #3304 ) ;
#4409 = UNCERTAINTY_MEASURE_WITH_UNIT (LENGTH_MEASURE( 1.000000000000000082E-05 ), #4691, 'distance_accuracy_value', 'NONE');
#4410 = CARTESIAN_POINT ( 'NONE',  ( 7.150000000000000355, 3.200000000000000178, -8.500000000000000000 ) ) ;
#4411 = CYLINDRICAL_SURFACE ( 'NONE', #10596, 0.9000000000000000222 ) ;
#4412 = CARTESIAN_POINT ( 'NONE',  ( -7.850000000000148859, 14.90000000000000036, -6.099999999999890399 ) ) ;
#4413 = DIRECTION ( 'NONE',  ( 0.000000000000000000, 0.000000000000000000, 1.000000000000000000 ) ) ;
#4414 = CARTESIAN_POINT ( 'NONE',  ( -10.14999999999999858, 21.16219725895064840, 7.263125500384349564 ) ) ;
#4415 = EDGE_CURVE ( 'NONE', #5465, #477, #365, .T. ) ;
#4416 = CARTESIAN_POINT ( 'NONE',  ( 7.349999999999999645, 2.700000000000000178, 7.299999999999999822 ) ) ;
#4417 = VERTEX_POINT ( 'NONE', #11725 ) ;
#4418 =( GEOMETRIC_REPRESENTATION_CONTEXT ( 3 ) GLOBAL_UNCERTAINTY_ASSIGNED_CONTEXT ( ( #173 ) ) GLOBAL_UNIT_ASSIGNED_CONTEXT ( ( #9263, #3234, #7388 ) ) REPRESENTATION_CONTEXT ( 'NONE', 'WORKASPACE' ) );
#4419 = ORIENTED_EDGE ( 'NONE', *, *, #11738, .T. ) ;
#4420 = DIRECTION ( 'NONE',  ( 0.000000000000000000, -7.347064133548829583E-15, 1.000000000000000000 ) ) ;
#4421 = CIRCLE ( 'NONE', #630, 0.9000000000000110134 ) ;
#4422 = DIRECTION ( 'NONE',  ( 0.000000000000000000, 0.000000000000000000, 1.000000000000000000 ) ) ;
#4423 = DIRECTION ( 'NONE',  ( 3.718869191154470885E-15, 2.414357261555910084E-44, 1.000000000000000000 ) ) ;
#4424 = SURFACE_STYLE_FILL_AREA ( #2546 ) ;
#4425 = DIRECTION ( 'NONE',  ( 1.000000000000000000, 0.000000000000000000, 0.000000000000000000 ) ) ;
#4426 = EDGE_CURVE ( 'NONE', #9565, #10995, #647, .T. ) ;
#4427 = CARTESIAN_POINT ( 'NONE',  ( 10.23049666469082020, 21.15488155364689860, 7.473056725902460506 ) ) ;
#4428 = CARTESIAN_POINT ( 'NONE',  ( -4.725584044262970629, 2.728317220033415147, 6.799999999999999822 ) ) ;
#4429 = VECTOR ( 'NONE', #3217, 1000.000000000000000 ) ;
#4430 = AXIS2_PLACEMENT_3D ( 'NONE', #7907, #11665, #375 ) ;
#4431 = VECTOR ( 'NONE', #5792, 1000.000000000000000 ) ;
#4432 = ORIENTED_EDGE ( 'NONE', *, *, #4371, .T. ) ;
#4433 = EDGE_LOOP ( 'NONE', ( #267, #3759, #5346, #11525 ) ) ;
#4434 = CARTESIAN_POINT ( 'NONE',  ( -2.000000000000000000, 1.649999999999999911, 5.100000000000000533 ) ) ;
#4435 = DIRECTION ( 'NONE',  ( -2.282530889443169980E-16, -1.000000000000000000, 0.000000000000000000 ) ) ;
#4436 = SURFACE_STYLE_USAGE ( .BOTH. , #11407 ) ;
#4437 = FACE_OUTER_BOUND ( 'NONE', #11983, .T. ) ;
#4438 = CARTESIAN_POINT ( 'NONE',  ( 1.445610957098677922E-15, 10.59999999999999964, -1.199999999999999956 ) ) ;
#4439 = VECTOR ( 'NONE', #8695, 1000.000000000000000 ) ;
#4440 = SURFACE_STYLE_FILL_AREA ( #4382 ) ;
#4441 = ADVANCED_FACE ( 'NONE', ( #8961 ), #11791, .T. ) ;
#4442 = CARTESIAN_POINT ( 'NONE',  ( 0.3499999999999999778, -3.000000000000000000, -5.000000000000000000 ) ) ;
#4443 = LINE ( 'NONE', #12111, #8314 ) ;
#4444 = AXIS2_PLACEMENT_3D ( 'NONE', #5012, #1959, #5779 ) ;
#4445 = FACE_OUTER_BOUND ( 'NONE', #6247, .T. ) ;
#4446 = ORIENTED_EDGE ( 'NONE', *, *, #3150, .T. ) ;
#4447 =( GEOMETRIC_REPRESENTATION_CONTEXT ( 3 ) GLOBAL_UNCERTAINTY_ASSIGNED_CONTEXT ( ( #5595 ) ) GLOBAL_UNIT_ASSIGNED_CONTEXT ( ( #2026, #2903, #11887 ) ) REPRESENTATION_CONTEXT ( 'NONE', 'WORKASPACE' ) );
#4448 = ORIENTED_EDGE ( 'NONE', *, *, #5796, .T. ) ;
#4449 = ORIENTED_EDGE ( 'NONE', *, *, #9494, .F. ) ;
#4450 = ORIENTED_EDGE ( 'NONE', *, *, #8627, .T. ) ;
#4451 =( LENGTH_UNIT ( ) NAMED_UNIT ( * ) SI_UNIT ( .MILLI., .METRE. ) );
#4452 = ORIENTED_EDGE ( 'NONE', *, *, #7350, .T. ) ;
#4453 = ADVANCED_FACE ( 'NONE', ( #10836 ), #3303, .F. ) ;
#4454 = VECTOR ( 'NONE', #10847, 1000.000000000000000 ) ;
#4455 = AXIS2_PLACEMENT_3D ( 'NONE', #8235, #646, #1763 ) ;
#4456 = EDGE_CURVE ( 'NONE', #10516, #9421, #4986, .T. ) ;
#4457 = DIRECTION ( 'NONE',  ( 1.000000000000000000, 0.000000000000000000, 0.000000000000000000 ) ) ;
#4458 = ADVANCED_FACE ( 'NONE', ( #10711 ), #2122, .F. ) ;
#4459 = AXIS2_PLACEMENT_3D ( 'NONE', #83, #7733, #7988 ) ;
#4460 = PRESENTATION_LAYER_ASSIGNMENT (  '', '', ( #6873 ) ) ;
#4461 = VERTEX_POINT ( 'NONE', #563 ) ;
#4462 = VERTEX_POINT ( 'NONE', #12037 ) ;
#4463 = CARTESIAN_POINT ( 'NONE',  ( 10.14999999999999858, 21.19999999999999929, 7.200000000000000178 ) ) ;
#4464 = VECTOR ( 'NONE', #1772, 1000.000000000000000 ) ;
#4465 = ORIENTED_EDGE ( 'NONE', *, *, #941, .T. ) ;
#4466 = LINE ( 'NONE', #720, #2219 ) ;
#4467 = CARTESIAN_POINT ( 'NONE',  ( -8.149999999999998579, 2.699999999999920242, 7.299999999999999822 ) ) ;
#4468 = CARTESIAN_POINT ( 'NONE',  ( 10.34999999999999964, 8.900000000000000355, 5.700000000000000178 ) ) ;
#4469 = FACE_OUTER_BOUND ( 'NONE', #4954, .T. ) ;
#4470 =( NAMED_UNIT ( * ) SI_UNIT ( $, .STERADIAN. ) SOLID_ANGLE_UNIT ( ) );
#4471 = ADVANCED_FACE ( 'NONE', ( #1437 ), #7214, .F. ) ;
#4472 = PLANE ( 'NONE',  #2266 ) ;
#4473 = DIRECTION ( 'NONE',  ( 1.000000000000000000, 0.000000000000000000, 0.000000000000000000 ) ) ;
#4474 = DIRECTION ( 'NONE',  ( 4.837695403017760315E-16, -1.000000000000000000, 0.000000000000000000 ) ) ;
#4475 = PRESENTATION_LAYER_ASSIGNMENT (  '', '', ( #8106 ) ) ;
#4476 = DIRECTION ( 'NONE',  ( 0.000000000000000000, -1.000000000000000000, 0.000000000000000000 ) ) ;
#4477 = DIRECTION ( 'NONE',  ( 1.535339560257524788E-31, 7.434529182757750325E-15, -1.000000000000000000 ) ) ;
#4478 = AXIS2_PLACEMENT_3D ( 'NONE', #4342, #8186, #7244 ) ;
#4479 = ORIENTED_EDGE ( 'NONE', *, *, #8528, .T. ) ;
#4480 = ORIENTED_EDGE ( 'NONE', *, *, #6458, .T. ) ;
#4481 = LINE ( 'NONE', #12336, #1001 ) ;
#4482 = DIRECTION ( 'NONE',  ( -7.532798415146101022E-29, 7.589415207398510528E-15, -1.000000000000000000 ) ) ;
#4483 = CARTESIAN_POINT ( 'NONE',  ( 4.649999999999999467, 0.5500000000000000444, -5.500000000000000000 ) ) ;
#4484 = DIRECTION ( 'NONE',  ( 0.000000000000000000, 7.589415207398510528E-15, -1.000000000000000000 ) ) ;
#4485 = CARTESIAN_POINT ( 'NONE',  ( 0.4500000000003699929, 1.430264645903345572E-14, -1.199999999999999956 ) ) ;
#4486 = VECTOR ( 'NONE', #2007, 1000.000000000000114 ) ;
#4487 = ADVANCED_FACE ( 'NONE', ( #8214 ), #7441, .F. ) ;
#4488 = ORIENTED_EDGE ( 'NONE', *, *, #12317, .F. ) ;
#4489 = ORIENTED_EDGE ( 'NONE', *, *, #6740, .F. ) ;
#4490 = AXIS2_PLACEMENT_3D ( 'NONE', #4054, #7152, #9961 ) ;
#4491 = EDGE_CURVE ( 'NONE', #1814, #4975, #10019, .T. ) ;
#4492 = PLANE ( 'NONE',  #4022 ) ;
#4493 = DIRECTION ( 'NONE',  ( 0.000000000000000000, 0.000000000000000000, 1.000000000000000000 ) ) ;
#4494 = CARTESIAN_POINT ( 'NONE',  ( -10.11464466094063930, -4.403065489371630163E-14, 5.700000000000000178 ) ) ;
#4495 = DIRECTION ( 'NONE',  ( -3.718869191154470885E-15, 0.000000000000000000, -1.000000000000000000 ) ) ;
#4496 = DIRECTION ( 'NONE',  ( -3.718869191154470885E-15, 0.000000000000000000, -1.000000000000000000 ) ) ;
#4497 = PRESENTATION_STYLE_ASSIGNMENT (( #9279 ) ) ;
#4498 = CIRCLE ( 'NONE', #7138, 7.200000000000000178 ) ;
#4499 = CARTESIAN_POINT ( 'NONE',  ( -10.14999999999999858, -9.906536840856998471E-14, -8.849999999999999645 ) ) ;
#4500 = CARTESIAN_POINT ( 'NONE',  ( 7.849999999999999645, 3.200000000000000178, -8.500000000000000000 ) ) ;
#4501 = ORIENTED_EDGE ( 'NONE', *, *, #450, .T. ) ;
#4502 = ORIENTED_EDGE ( 'NONE', *, *, #11841, .F. ) ;
#4503 = ORIENTED_EDGE ( 'NONE', *, *, #2771, .T. ) ;
#4504 = PRESENTATION_LAYER_ASSIGNMENT (  '', '', ( #8722 ) ) ;
#4505 = EDGE_CURVE ( 'NONE', #7238, #8572, #4294, .T. ) ;
#4506 = AXIS2_PLACEMENT_3D ( 'NONE', #3792, #2869, #7830 ) ;
#4507 = ORIENTED_EDGE ( 'NONE', *, *, #3289, .F. ) ;
#4508 = DIRECTION ( 'NONE',  ( -1.000000000000000000, -2.168404344971010101E-16, -2.451671254489475435E-31 ) ) ;
#4509 = UNCERTAINTY_MEASURE_WITH_UNIT (LENGTH_MEASURE( 1.000000000000000082E-05 ), #4073, 'distance_accuracy_value', 'NONE');
#4510 = CARTESIAN_POINT ( 'NONE',  ( 5.030347782047409844, 10.78761563116992050, -1.199999999999999956 ) ) ;
#4511 = CARTESIAN_POINT ( 'NONE',  ( -7.850000000000169287, 17.02499999999999858, -11.24999999999986144 ) ) ;
#4512 = DIRECTION ( 'NONE',  ( 7.379264459120350177E-29, -7.434529182757750325E-15, 1.000000000000000000 ) ) ;
#4513 = CARTESIAN_POINT ( 'NONE',  ( -10.11464466094063930, 21.19798000000000116, 7.250000000000000000 ) ) ;
#4514 = ORIENTED_EDGE ( 'NONE', *, *, #4917, .F. ) ;
#4515 = ORIENTED_EDGE ( 'NONE', *, *, #1925, .F. ) ;
#4516 = ADVANCED_FACE ( 'NONE', ( #9090 ), #7130, .F. ) ;
#4517 = VERTEX_POINT ( 'NONE', #1857 ) ;
#4518 = LINE ( 'NONE', #5178, #2471 ) ;
#4519 =( GEOMETRIC_REPRESENTATION_CONTEXT ( 3 ) GLOBAL_UNCERTAINTY_ASSIGNED_CONTEXT ( ( #2508 ) ) GLOBAL_UNIT_ASSIGNED_CONTEXT ( ( #7789, #3585, #12142 ) ) REPRESENTATION_CONTEXT ( 'NONE', 'WORKASPACE' ) );
#4520 = ORIENTED_EDGE ( 'NONE', *, *, #42, .T. ) ;
#4521 = CARTESIAN_POINT ( 'NONE',  ( -10.14999999999999858, 21.16219725895064840, 7.263125500384349564 ) ) ;
#4522 = CARTESIAN_POINT ( 'NONE',  ( 7.200000000000000178, 10.00000000000000000, 7.299999999999999822 ) ) ;
#4523 = LINE ( 'NONE', #781, #10435 ) ;
#4524 = FILL_AREA_STYLE_COLOUR ( '', #7649 ) ;
#4525 =( LENGTH_UNIT ( ) NAMED_UNIT ( * ) SI_UNIT ( .MILLI., .METRE. ) );
#4526 = FILL_AREA_STYLE_COLOUR ( '', #6359 ) ;
#4527 = DIRECTION ( 'NONE',  ( 0.000000000000000000, 0.000000000000000000, -1.000000000000000000 ) ) ;
#4528 =( GEOMETRIC_REPRESENTATION_CONTEXT ( 3 ) GLOBAL_UNCERTAINTY_ASSIGNED_CONTEXT ( ( #9172 ) ) GLOBAL_UNIT_ASSIGNED_CONTEXT ( ( #1, #5810, #7714 ) ) REPRESENTATION_CONTEXT ( 'NONE', 'WORKASPACE' ) );
#4529 = DIRECTION ( 'NONE',  ( 1.000000000000000000, 0.000000000000000000, 0.000000000000000000 ) ) ;
#4530 = LINE ( 'NONE', #7153, #8009 ) ;
#4531 = EDGE_CURVE ( 'NONE', #1697, #2878, #12279, .T. ) ;
#4532 = EDGE_CURVE ( 'NONE', #8862, #11508, #11397, .T. ) ;
#4533 = ORIENTED_EDGE ( 'NONE', *, *, #5070, .F. ) ;
#4534 = ORIENTED_EDGE ( 'NONE', *, *, #99, .F. ) ;
#4535 = SURFACE_SIDE_STYLE ('',( #1609 ) ) ;
#4536 = COLOUR_RGB ( '',0.2509803921568627416, 0.2509803921568627416, 0.2509803921568627416 ) ;
#4537 = DIRECTION ( 'NONE',  ( 0.000000000000000000, 0.000000000000000000, -1.000000000000000000 ) ) ;
#4538 = CARTESIAN_POINT ( 'NONE',  ( 0.3499999999999999778, -3.000000000000000000, -9.500000000000000000 ) ) ;
#4539 = PLANE ( 'NONE',  #3821 ) ;
#4540 = DIRECTION ( 'NONE',  ( 0.9063077870366582633, 0.4226182617406816222, 0.000000000000000000 ) ) ;
#4541 = CARTESIAN_POINT ( 'NONE',  ( 4.265774538051229747, 9.147983018184300263, -1.199999999999999956 ) ) ;
#4542 = DIRECTION ( 'NONE',  ( -1.000000000000000000, -9.843573744019160371E-15, 0.000000000000000000 ) ) ;
#4543 = CIRCLE ( 'NONE', #9577, 7.200000000000000178 ) ;
#4544 = CARTESIAN_POINT ( 'NONE',  ( 10.32484117970967930, 21.15976310729380216, 7.381540638008350363 ) ) ;
#4545 = SURFACE_STYLE_USAGE ( .BOTH. , #5490 ) ;
#4546 = DIRECTION ( 'NONE',  ( -1.000000000000000000, 0.000000000000000000, 0.000000000000000000 ) ) ;
#4547 = AXIS2_PLACEMENT_3D ( 'NONE', #4034, #4971, #6748 ) ;
#4548 = VERTEX_POINT ( 'NONE', #4609 ) ;
#4549 = VERTEX_POINT ( 'NONE', #7516 ) ;
#4550 = MECHANICAL_DESIGN_GEOMETRIC_PRESENTATION_REPRESENTATION (  '', ( #9980 ), #3349 ) ;
#4551 = EDGE_CURVE ( 'NONE', #4206, #10542, #6623, .T. ) ;
#4552 = DIRECTION ( 'NONE',  ( 0.000000000000000000, 0.000000000000000000, 1.000000000000000000 ) ) ;
#4553 = CARTESIAN_POINT ( 'NONE',  ( -5.030347782046989735, 10.78761563117025979, -1.199999999999999956 ) ) ;
#4554 =( LENGTH_UNIT ( ) NAMED_UNIT ( * ) SI_UNIT ( .MILLI., .METRE. ) );
#4555 = COLOUR_RGB ( '',0.2509803921568627416, 0.2509803921568627416, 0.2509803921568627416 ) ;
#4556 = DIRECTION ( 'NONE',  ( 7.481554888512469916E-29, -7.537786532518270800E-15, 1.000000000000000000 ) ) ;
#4557 = LINE ( 'NONE', #9466, #10298 ) ;
#4558 = STYLED_ITEM ( 'NONE', ( #34 ), #11854 ) ;
#4559 = LINE ( 'NONE', #1869, #7817 ) ;
#4560 = CARTESIAN_POINT ( 'NONE',  ( 10.14999999999999858, 17.02499999999999858, -11.24999999999986144 ) ) ;
#4561 = LINE ( 'NONE', #4499, #5969 ) ;
#4562 = EDGE_CURVE ( 'NONE', #5447, #9680, #11333, .T. ) ;
#4563 = CARTESIAN_POINT ( 'NONE',  ( -6.251007244774450022, 15.61114145480039817, 5.700000000000000178 ) ) ;
#4564 = ORIENTED_EDGE ( 'NONE', *, *, #6297, .F. ) ;
#4565 = AXIS2_PLACEMENT_3D ( 'NONE', #11410, #9403, #4619 ) ;
#4566 = AXIS2_PLACEMENT_3D ( 'NONE', #4266, #4199, #3196 ) ;
#4567 = VERTEX_POINT ( 'NONE', #12346 ) ;
#4568 = VERTEX_POINT ( 'NONE', #9391 ) ;
#4569 = VERTEX_POINT ( 'NONE', #9453 ) ;
#4570 = CARTESIAN_POINT ( 'NONE',  ( -0.3499999999999999778, -3.000000000000000000, -5.500000000000000000 ) ) ;
#4571 = MECHANICAL_DESIGN_GEOMETRIC_PRESENTATION_REPRESENTATION (  '', ( #3082 ), #7397 ) ;
#4572 = CARTESIAN_POINT ( 'NONE',  ( 10.14999999999999858, 17.89999999999999858, -4.599999999999999645 ) ) ;
#4573 = VECTOR ( 'NONE', #346, 1000.000000000000000 ) ;
#4574 = CARTESIAN_POINT ( 'NONE',  ( 0.7660316784771360465, -0.3572064380632170022, -1.199999999999999956 ) ) ;
#4575 = EDGE_CURVE ( 'NONE', #12315, #5128, #10309, .T. ) ;
#4576 = VECTOR ( 'NONE', #3189, 1000.000000000000000 ) ;
#4577 = CARTESIAN_POINT ( 'NONE',  ( -4.725584044262970629, 2.728317220033415147, -1.199999999999999956 ) ) ;
#4578 = CARTESIAN_POINT ( 'NONE',  ( -10.10488155364686058, 21.17609933293815061, 7.294611345180529227 ) ) ;
#4579 = ORIENTED_EDGE ( 'NONE', *, *, #4900, .F. ) ;
#4580 = ORIENTED_EDGE ( 'NONE', *, *, #12079, .F. ) ;
#4581 = EDGE_CURVE ( 'NONE', #2297, #7617, #1798, .T. ) ;
#4582 = ORIENTED_EDGE ( 'NONE', *, *, #5269, .F. ) ;
#4583 = CARTESIAN_POINT ( 'NONE',  ( 6.550000000000000711, 2.700000000000000178, 1.500000000000000000 ) ) ;
#4584 = MECHANICAL_DESIGN_GEOMETRIC_PRESENTATION_REPRESENTATION (  '', ( #4183 ), #8812 ) ;
#4585 = CARTESIAN_POINT ( 'NONE',  ( 10.10976310729378547, 21.19999999999999929, 7.276179938779915979 ) ) ;
#4586 =( GEOMETRIC_REPRESENTATION_CONTEXT ( 3 ) GLOBAL_UNCERTAINTY_ASSIGNED_CONTEXT ( ( #4167 ) ) GLOBAL_UNIT_ASSIGNED_CONTEXT ( ( #5038, #3168, #2982 ) ) REPRESENTATION_CONTEXT ( 'NONE', 'WORKASPACE' ) );
#4587 = ORIENTED_EDGE ( 'NONE', *, *, #3612, .T. ) ;
#4588 = CARTESIAN_POINT ( 'NONE',  ( -10.11312550038430125, 21.15244740198999907, 7.299999999999999822 ) ) ;
#4589 = DIRECTION ( 'NONE',  ( 0.000000000000000000, 0.000000000000000000, 1.000000000000000000 ) ) ;
#4590 = SURFACE_STYLE_FILL_AREA ( #9248 ) ;
#4591 = FACE_BOUND ( 'NONE', #8243, .T. ) ;
#4592 =( NAMED_UNIT ( * ) SI_UNIT ( $, .STERADIAN. ) SOLID_ANGLE_UNIT ( ) );
#4593 = CARTESIAN_POINT ( 'NONE',  ( -10.09999999999999964, 21.14999999999999858, 7.299999999999999822 ) ) ;
#4594 = CARTESIAN_POINT ( 'NONE',  ( 2.149999999999999911, 0.5500000000000000444, -8.500000000000000000 ) ) ;
#4595 = EDGE_CURVE ( 'NONE', #8391, #5581, #10384, .T. ) ;
#4596 = UNCERTAINTY_MEASURE_WITH_UNIT (LENGTH_MEASURE( 1.000000000000000082E-05 ), #6556, 'distance_accuracy_value', 'NONE');
#4597 =( NAMED_UNIT ( * ) SI_UNIT ( $, .STERADIAN. ) SOLID_ANGLE_UNIT ( ) );
#4598 = COLOUR_RGB ( '',0.2509803921568627416, 0.2509803921568627416, 0.2509803921568627416 ) ;
#4599 = CARTESIAN_POINT ( 'NONE',  ( -10.15000000000021885, 21.10000000000000142, 7.200000000000000178 ) ) ;
#4600 = ORIENTED_EDGE ( 'NONE', *, *, #2404, .F. ) ;
#4601 = ORIENTED_EDGE ( 'NONE', *, *, #6124, .T. ) ;
#4602 = FILL_AREA_STYLE_COLOUR ( '', #8431 ) ;
#4603 = DIRECTION ( 'NONE',  ( 0.000000000000000000, -7.589415207398529460E-15, 1.000000000000000000 ) ) ;
#4604 = COLOUR_RGB ( '',0.2509803921568627416, 0.2509803921568627416, 0.2509803921568627416 ) ;
#4605 = CARTESIAN_POINT ( 'NONE',  ( 8.149999999999998579, 2.700000000000000178, 2.299999999999999822 ) ) ;
#4606 = CARTESIAN_POINT ( 'NONE',  ( 0.4500000000000139999, 9.820577136594000223, -1.199999999999999956 ) ) ;
#4607 = EDGE_CURVE ( 'NONE', #7975, #5716, #8191, .T. ) ;
#4608 = EDGE_CURVE ( 'NONE', #2642, #640, #4408, .T. ) ;
#4609 = CARTESIAN_POINT ( 'NONE',  ( -1.956968149050240413, 13.21379621752035938, -1.199999999999999956 ) ) ;
#4610 =( NAMED_UNIT ( * ) PLANE_ANGLE_UNIT ( ) SI_UNIT ( $, .RADIAN. ) );
#4611 = CARTESIAN_POINT ( 'NONE',  ( 1.025354262694691876, 0.4781305450164100024, -1.199999999999999956 ) ) ;
#4612 = VERTEX_POINT ( 'NONE', #11125 ) ;
#4613 = VECTOR ( 'NONE', #11648, 1000.000000000000000 ) ;
#4614 = DIRECTION ( 'NONE',  ( 0.000000000000000000, -7.589415207398510528E-15, 1.000000000000000000 ) ) ;
#4615 = VERTEX_POINT ( 'NONE', #10359 ) ;
#4616 = CARTESIAN_POINT ( 'NONE',  ( -10.14999999999999858, -1.007428132792079774E-13, -17.80452084174450178 ) ) ;
#4617 = DIRECTION ( 'NONE',  ( 0.000000000000000000, 0.000000000000000000, -1.000000000000000000 ) ) ;
#4618 = CARTESIAN_POINT ( 'NONE',  ( 3.500000000000000000, 2.000000000000000000, 7.299999999999999822 ) ) ;
#4619 = DIRECTION ( 'NONE',  ( 1.000000000000000000, 0.000000000000000000, -7.575408038632519885E-31 ) ) ;
#4620 = VECTOR ( 'NONE', #12391, 1000.000000000000000 ) ;
#4621 = EDGE_CURVE ( 'NONE', #8112, #8547, #8362, .T. ) ;
#4622 = AXIS2_PLACEMENT_3D ( 'NONE', #1303, #3219, #1363 ) ;
#4623 = CARTESIAN_POINT ( 'NONE',  ( 10.34999999999999964, 21.39999999999999858, 5.700000000000000178 ) ) ;
#4624 =( NAMED_UNIT ( * ) PLANE_ANGLE_UNIT ( ) SI_UNIT ( $, .RADIAN. ) );
#4625 = FILL_AREA_STYLE_COLOUR ( '', #4282 ) ;
#4626 = ORIENTED_EDGE ( 'NONE', *, *, #6313, .T. ) ;
#4627 = ORIENTED_EDGE ( 'NONE', *, *, #879, .F. ) ;
#4628 = ORIENTED_EDGE ( 'NONE', *, *, #2926, .T. ) ;
#4629 = VECTOR ( 'NONE', #3141, 1000.000000000000000 ) ;
#4630 = ORIENTED_EDGE ( 'NONE', *, *, #3923, .T. ) ;
#4631 = CARTESIAN_POINT ( 'NONE',  ( -10.05000000000000071, 8.750000000000000000, 7.299999999999999822 ) ) ;
#4632 = AXIS2_PLACEMENT_3D ( 'NONE', #2730, #2668, #3722 ) ;
#4633 = CARTESIAN_POINT ( 'NONE',  ( 3.000000000000000000, 2.000000000000000000, 7.500000000000000000 ) ) ;
#4634 = ORIENTED_EDGE ( 'NONE', *, *, #3508, .T. ) ;
#4635 = DIRECTION ( 'NONE',  ( 0.000000000000000000, 0.000000000000000000, -1.000000000000000000 ) ) ;
#4636 = CIRCLE ( 'NONE', #11663, 0.5000000000000004441 ) ;
#4637 = CARTESIAN_POINT ( 'NONE',  ( 5.349999999999999645, -3.000000000000000000, -5.500000000000000000 ) ) ;
#4638 =( GEOMETRIC_REPRESENTATION_CONTEXT ( 3 ) GLOBAL_UNCERTAINTY_ASSIGNED_CONTEXT ( ( #10368 ) ) GLOBAL_UNIT_ASSIGNED_CONTEXT ( ( #7564, #3957, #2782 ) ) REPRESENTATION_CONTEXT ( 'NONE', 'WORKASPACE' ) );
#4639 = CARTESIAN_POINT ( 'NONE',  ( -10.10488155364686058, 21.28049666469079781, 7.473056725902490705 ) ) ;
#4640 = ORIENTED_EDGE ( 'NONE', *, *, #10585, .F. ) ;
#4641 = ORIENTED_EDGE ( 'NONE', *, *, #10738, .F. ) ;
#4642 = ORIENTED_EDGE ( 'NONE', *, *, #11855, .F. ) ;
#4643 = DIRECTION ( 'NONE',  ( -9.912705577010317464E-15, 1.000000000000000000, 7.434529182757737703E-15 ) ) ;
#4644 = EDGE_CURVE ( 'NONE', #3443, #11053, #7531, .T. ) ;
#4645 = CARTESIAN_POINT ( 'NONE',  ( -5.349999999999999645, 0.5500000000000000444, -5.500000000000000000 ) ) ;
#4646 = ORIENTED_EDGE ( 'NONE', *, *, #7254, .F. ) ;
#4647 = SURFACE_SIDE_STYLE ('',( #7493 ) ) ;
#4648 = AXIS2_PLACEMENT_3D ( 'NONE', #1084, #10533, #5764 ) ;
#4649 = ADVANCED_FACE ( 'NONE', ( #8246 ), #5350, .F. ) ;
#4650 = VECTOR ( 'NONE', #6281, 1000.000000000000000 ) ;
#4651 = DIRECTION ( 'NONE',  ( 0.000000000000000000, 0.000000000000000000, 1.000000000000000000 ) ) ;
#4652 = DIRECTION ( 'NONE',  ( -1.000000000000000000, 2.168404344970880185E-16, 3.718869191154470885E-15 ) ) ;
#4653 = SURFACE_STYLE_FILL_AREA ( #9250 ) ;
#4654 = CARTESIAN_POINT ( 'NONE',  ( -6.505213034912931694E-17, 1.699999999999999956, 5.500000000000000000 ) ) ;
#4655 = CARTESIAN_POINT ( 'NONE',  ( 0.000000000000000000, 21.39999999999999858, 7.250000000000000000 ) ) ;
#4656 =( NAMED_UNIT ( * ) PLANE_ANGLE_UNIT ( ) SI_UNIT ( $, .RADIAN. ) );
#4657 = VECTOR ( 'NONE', #5684, 1000.000000000000000 ) ;
#4658 = DIRECTION ( 'NONE',  ( 0.000000000000000000, 0.000000000000000000, -1.000000000000000000 ) ) ;
#4659 = VERTEX_POINT ( 'NONE', #4467 ) ;
#4660 = EDGE_CURVE ( 'NONE', #3365, #8667, #4308, .T. ) ;
#4661 = ORIENTED_EDGE ( 'NONE', *, *, #9759, .T. ) ;
#4662 = PRESENTATION_STYLE_ASSIGNMENT (( #3717 ) ) ;
#4663 = EDGE_CURVE ( 'NONE', #7434, #4887, #2530, .T. ) ;
#4664 = DIRECTION ( 'NONE',  ( 0.7071067811865474617, -0.7071067811865474617, -5.366526958391795629E-15 ) ) ;
#4665 = CARTESIAN_POINT ( 'NONE',  ( -7.849999999999999645, -3.000000000000000000, -7.000000000000000000 ) ) ;
#4666 = AXIS2_PLACEMENT_3D ( 'NONE', #2695, #826, #10340 ) ;
#4667 = CARTESIAN_POINT ( 'NONE',  ( 2.850000000000000089, -3.000000000000000000, -7.500000000000000000 ) ) ;
#4668 = DIRECTION ( 'NONE',  ( 0.000000000000000000, 0.000000000000000000, -1.000000000000000000 ) ) ;
#4669 = DIRECTION ( 'NONE',  ( 9.912705577010326930E-15, -1.000000000000000000, -7.930164461608261228E-15 ) ) ;
#4670 = CARTESIAN_POINT ( 'NONE',  ( -7.850000000000129319, 12.77500000000000036, -11.25000000000000000 ) ) ;
#4671 = VERTEX_POINT ( 'NONE', #9369 ) ;
#4672 = DIRECTION ( 'NONE',  ( 0.7071067811865474617, -0.7071067811865474617, 0.000000000000000000 ) ) ;
#4673 = EDGE_CURVE ( 'NONE', #7249, #10235, #6358, .T. ) ;
#4674 = EDGE_LOOP ( 'NONE', ( #1752, #2691, #10142, #2516 ) ) ;
#4675 = SURFACE_STYLE_FILL_AREA ( #874 ) ;
#4676 = EDGE_CURVE ( 'NONE', #5450, #8319, #6483, .T. ) ;
#4677 =( NAMED_UNIT ( * ) SI_UNIT ( $, .STERADIAN. ) SOLID_ANGLE_UNIT ( ) );
#4678 = LINE ( 'NONE', #8514, #9424 ) ;
#4679 = DIRECTION ( 'NONE',  ( 0.000000000000000000, -4.336808689942043768E-15, 1.000000000000000000 ) ) ;
#4680 = FACE_OUTER_BOUND ( 'NONE', #7903, .T. ) ;
#4681 = DIRECTION ( 'NONE',  ( -9.912705577010317464E-15, 1.000000000000000000, 7.434529182757737703E-15 ) ) ;
#4682 = AXIS2_PLACEMENT_3D ( 'NONE', #3435, #4127, #7040 ) ;
#4683 = DIRECTION ( 'NONE',  ( 0.000000000000000000, 0.000000000000000000, 1.000000000000000000 ) ) ;
#4684 = PRESENTATION_STYLE_ASSIGNMENT (( #6636 ) ) ;
#4685 = VECTOR ( 'NONE', #12052, 1000.000000000000000 ) ;
#4686 = ORIENTED_EDGE ( 'NONE', *, *, #10726, .F. ) ;
#4687 = VERTEX_POINT ( 'NONE', #11183 ) ;
#4688 = EDGE_LOOP ( 'NONE', ( #3457, #440, #2680, #10222 ) ) ;
#4689 = EDGE_CURVE ( 'NONE', #8464, #10814, #4897, .T. ) ;
#4690 = ORIENTED_EDGE ( 'NONE', *, *, #12144, .F. ) ;
#4691 =( LENGTH_UNIT ( ) NAMED_UNIT ( * ) SI_UNIT ( .MILLI., .METRE. ) );
#4692 = EDGE_CURVE ( 'NONE', #2523, #3391, #11526, .T. ) ;
#4693 = CARTESIAN_POINT ( 'NONE',  ( 2.000000000000000000, -2.401009032218150097, 4.899999999999999467 ) ) ;
#4694 = AXIS2_PLACEMENT_3D ( 'NONE', #5315, #6501, #9522 ) ;
#4695 = SURFACE_STYLE_FILL_AREA ( #12303 ) ;
#4696 = AXIS2_PLACEMENT_3D ( 'NONE', #2596, #11251, #6423 ) ;
#4697 = CARTESIAN_POINT ( 'NONE',  ( -3.500000000000000000, -7.828123272804930129E-16, 7.500000000000000000 ) ) ;
#4698 = FILL_AREA_STYLE_COLOUR ( '', #364 ) ;
#4699 = CARTESIAN_POINT ( 'NONE',  ( -10.09999999999999964, 21.14999999999999858, 7.501999999999999780 ) ) ;
#4700 = ORIENTED_EDGE ( 'NONE', *, *, #4705, .T. ) ;
#4701 = STYLED_ITEM ( 'NONE', ( #12104 ), #4814 ) ;
#4702 = VERTEX_POINT ( 'NONE', #542 ) ;
#4703 = ORIENTED_EDGE ( 'NONE', *, *, #9599, .F. ) ;
#4704 = EDGE_LOOP ( 'NONE', ( #1477, #7862, #10503, #1014, #6834, #3528, #3943, #2217 ) ) ;
#4705 = EDGE_CURVE ( 'NONE', #10466, #5902, #8307, .T. ) ;
#4706 = LINE ( 'NONE', #9564, #3505 ) ;
#4707 = ORIENTED_EDGE ( 'NONE', *, *, #1087, .F. ) ;
#4708 = LINE ( 'NONE', #11803, #14 ) ;
#4709 = CARTESIAN_POINT ( 'NONE',  ( -8.400000000000108713, 10.00000000000000000, 5.700000000000000178 ) ) ;
#4710 = AXIS2_PLACEMENT_3D ( 'NONE', #8087, #10899, #5368 ) ;
#4711 = CARTESIAN_POINT ( 'NONE',  ( -2.149999999999999911, 3.200000000000000178, -8.500000000000000000 ) ) ;
#4712 = DIRECTION ( 'NONE',  ( 0.4226182617407014397, 0.9063077870366489375, 0.000000000000000000 ) ) ;
#4713 = CARTESIAN_POINT ( 'NONE',  ( -3.499999638942034696, 10.00158978159489997, -1.199999999999999956 ) ) ;
#4714 = FILL_AREA_STYLE_COLOUR ( '', #11667 ) ;
#4715 = SURFACE_STYLE_FILL_AREA ( #3090 ) ;
#4716 = CARTESIAN_POINT ( 'NONE',  ( 5.833015274308009963E-15, 21.19999999999999929, -17.80452084174450178 ) ) ;
#4717 = FACE_OUTER_BOUND ( 'NONE', #8719, .T. ) ;
#4718 = DIRECTION ( 'NONE',  ( 3.718869191154470885E-15, 2.414357261555910084E-44, 1.000000000000000000 ) ) ;
#4719 = EDGE_CURVE ( 'NONE', #10904, #2297, #12137, .T. ) ;
#4720 = PRESENTATION_LAYER_ASSIGNMENT (  '', '', ( #4120 ) ) ;
#4721 = VERTEX_POINT ( 'NONE', #3641 ) ;
#4722 = ORIENTED_EDGE ( 'NONE', *, *, #3070, .T. ) ;
#4723 =( LENGTH_UNIT ( ) NAMED_UNIT ( * ) SI_UNIT ( .MILLI., .METRE. ) );
#4724 = CARTESIAN_POINT ( 'NONE',  ( 2.000000000000000000, 1.699999999999999956, 5.500000000000000000 ) ) ;
#4725 = AXIS2_PLACEMENT_3D ( 'NONE', #4442, #516, #11991 ) ;
#4726 = CARTESIAN_POINT ( 'NONE',  ( 0.9000000000000000222, 10.59999999999999964, -1.199999999999999956 ) ) ;
#4727 = LINE ( 'NONE', #10381, #9960 ) ;
#4728 = UNCERTAINTY_MEASURE_WITH_UNIT (LENGTH_MEASURE( 1.000000000000000082E-05 ), #725, 'distance_accuracy_value', 'NONE');
#4729 = SURFACE_STYLE_USAGE ( .BOTH. , #6500 ) ;
#4730 = EDGE_CURVE ( 'NONE', #8844, #204, #11243, .T. ) ;
#4731 = FACE_OUTER_BOUND ( 'NONE', #11289, .T. ) ;
#4732 = STYLED_ITEM ( 'NONE', ( #1306 ), #3617 ) ;
#4733 = ORIENTED_EDGE ( 'NONE', *, *, #4735, .F. ) ;
#4734 = LINE ( 'NONE', #3787, #3650 ) ;
#4735 = EDGE_CURVE ( 'NONE', #5755, #7617, #600, .T. ) ;
#4736 = EDGE_LOOP ( 'NONE', ( #9395, #3430, #6966, #8080 ) ) ;
#4737 = CARTESIAN_POINT ( 'NONE',  ( 5.349999999999999645, 3.200000000000000178, -4.500000000000000000 ) ) ;
#4738 = DIRECTION ( 'NONE',  ( 1.000000000000000000, 0.000000000000000000, 0.000000000000000000 ) ) ;
#4739 = CARTESIAN_POINT ( 'NONE',  ( 0.6999999999999839684, 3.200000000000000178, -8.699999999999999289 ) ) ;
#4740 = DIRECTION ( 'NONE',  ( 0.000000000000000000, 7.589415207398510528E-15, -1.000000000000000000 ) ) ;
#4741 =( GEOMETRIC_REPRESENTATION_CONTEXT ( 3 ) GLOBAL_UNCERTAINTY_ASSIGNED_CONTEXT ( ( #2814 ) ) GLOBAL_UNIT_ASSIGNED_CONTEXT ( ( #9757, #7746, #11622 ) ) REPRESENTATION_CONTEXT ( 'NONE', 'WORKASPACE' ) );
#4742 = DIRECTION ( 'NONE',  ( 1.000000000000000000, 0.000000000000000000, 0.000000000000000000 ) ) ;
#4743 = PLANE ( 'NONE',  #10344 ) ;
#4744 = ADVANCED_FACE ( 'NONE', ( #2474 ), #6302, .F. ) ;
#4745 = AXIS2_PLACEMENT_3D ( 'NONE', #9740, #11602, #9853 ) ;
#4746 = DIRECTION ( 'NONE',  ( 0.000000000000000000, 0.000000000000000000, -1.000000000000000000 ) ) ;
#4747 = VERTEX_POINT ( 'NONE', #2591 ) ;
#4749 = VERTEX_POINT ( 'NONE', #5471 ) ;
#4748 = AXIS2_PLACEMENT_3D ( 'NONE', #4948, #8596, #11426 ) ;
#4750 = ORIENTED_EDGE ( 'NONE', *, *, #7306, .T. ) ;
#4751 = ORIENTED_EDGE ( 'NONE', *, *, #9396, .T. ) ;
#4752 =( NAMED_UNIT ( * ) PLANE_ANGLE_UNIT ( ) SI_UNIT ( $, .RADIAN. ) );
#4753 = CYLINDRICAL_SURFACE ( 'NONE', #11264, 0.8999999999999998002 ) ;
#4754 = DIRECTION ( 'NONE',  ( 0.000000000000000000, -1.000000000000000000, 0.000000000000000000 ) ) ;
#4755 = DIRECTION ( 'NONE',  ( 0.000000000000000000, 1.000000000000000000, 0.000000000000000000 ) ) ;
#4756 = EDGE_CURVE ( 'NONE', #3947, #2281, #722, .T. ) ;
#4757 = CARTESIAN_POINT ( 'NONE',  ( -0.5610239286132310266, 12.87169557080111915, -1.199999999999999956 ) ) ;
#4758 = EDGE_CURVE ( 'NONE', #3231, #8785, #10913, .T. ) ;
#4759 = ADVANCED_FACE ( 'NONE', ( #2381 ), #9908, .F. ) ;
#4760 = DIRECTION ( 'NONE',  ( 0.000000000000000000, 0.000000000000000000, 1.000000000000000000 ) ) ;
#4761 = COLOUR_RGB ( '',0.6666666666666666297, 0.6980392156862744724, 0.7686274509803920907 ) ;
#4762 = CARTESIAN_POINT ( 'NONE',  ( -10.11464466094063930, 21.19999999999999929, 7.250000000000000000 ) ) ;
#4763 = VERTEX_POINT ( 'NONE', #311 ) ;
#4764 = ORIENTED_EDGE ( 'NONE', *, *, #6688, .T. ) ;
#4765 = ORIENTED_EDGE ( 'NONE', *, *, #7824, .T. ) ;
#4766 = ORIENTED_EDGE ( 'NONE', *, *, #3768, .T. ) ;
#4767 = CARTESIAN_POINT ( 'NONE',  ( -5.505006907668969163, 3.178317220033414880, 6.799999999999999822 ) ) ;
#4768 = CARTESIAN_POINT ( 'NONE',  ( 10.11464466094068015, 21.19999999999999929, 7.250000000000000000 ) ) ;
#4769 = VERTEX_POINT ( 'NONE', #445 ) ;
#4770 = LINE ( 'NONE', #8848, #2604 ) ;
#4771 = VECTOR ( 'NONE', #5542, 1000.000000000000000 ) ;
#4772 = VECTOR ( 'NONE', #805, 1000.000000000000000 ) ;
#4773 = LINE ( 'NONE', #5782, #53 ) ;
#4774 = CARTESIAN_POINT ( 'NONE',  ( -10.09999999999999964, 8.900000000000000355, 7.299999999999999822 ) ) ;
#4775 = DIRECTION ( 'NONE',  ( 0.4226182617406998299, 0.9063077870366497146, 0.000000000000000000 ) ) ;
#4776 = PRESENTATION_LAYER_ASSIGNMENT (  '', '', ( #10193 ) ) ;
#4777 = DIRECTION ( 'NONE',  ( 1.218305748291999395E-14, -0.7071067811865535679, 0.7071067811865415775 ) ) ;
#4778 = ADVANCED_FACE ( 'NONE', ( #2265 ), #4189, .T. ) ;
#4779 = VECTOR ( 'NONE', #4652, 1000.000000000000000 ) ;
#4780 = FILL_AREA_STYLE_COLOUR ( '', #5774 ) ;
#4781 = ORIENTED_EDGE ( 'NONE', *, *, #6297, .T. ) ;
#4782 = ORIENTED_EDGE ( 'NONE', *, *, #4689, .F. ) ;
#4783 = LINE ( 'NONE', #923, #11230 ) ;
#4784 = EDGE_CURVE ( 'NONE', #8181, #3947, #4498, .T. ) ;
#4785 = FILL_AREA_STYLE_COLOUR ( '', #1786 ) ;
#4786 = CARTESIAN_POINT ( 'NONE',  ( -10.11464466094063930, 21.19999999999999929, 5.500000000000110134 ) ) ;
#4787 = VECTOR ( 'NONE', #1496, 1000.000000000000000 ) ;
#4788 = DIRECTION ( 'NONE',  ( -1.000000000000000000, 0.000000000000000000, 0.000000000000000000 ) ) ;
#4789 = SURFACE_SIDE_STYLE ('',( #49 ) ) ;
#4790 = CARTESIAN_POINT ( 'NONE',  ( 0.000000000000000000, 0.000000000000000000, -1.199999999999999956 ) ) ;
#4791 = MECHANICAL_DESIGN_GEOMETRIC_PRESENTATION_REPRESENTATION (  '', ( #5204 ), #6009 ) ;
#4792 = FACE_OUTER_BOUND ( 'NONE', #11368, .T. ) ;
#4793 = ORIENTED_EDGE ( 'NONE', *, *, #10520, .F. ) ;
#4794 = CIRCLE ( 'NONE', #7043, 2.125000000000000000 ) ;
#4795 = ORIENTED_EDGE ( 'NONE', *, *, #6410, .F. ) ;
#4796 = FACE_OUTER_BOUND ( 'NONE', #11385, .T. ) ;
#4797 = LINE ( 'NONE', #1804, #5000 ) ;
#4798 = EDGE_CURVE ( 'NONE', #7994, #3498, #3314, .T. ) ;
#4799 = PRESENTATION_STYLE_ASSIGNMENT (( #1000 ) ) ;
#4800 = SURFACE_SIDE_STYLE ('',( #1002 ) ) ;
#4801 = DIRECTION ( 'NONE',  ( 0.000000000000000000, 0.000000000000000000, 1.000000000000000000 ) ) ;
#4802 = CARTESIAN_POINT ( 'NONE',  ( 2.850000000000000089, 3.200000000000000178, -8.500000000000000000 ) ) ;
#4803 = SURFACE_SIDE_STYLE ('',( #1006 ) ) ;
#4804 = PRESENTATION_LAYER_ASSIGNMENT (  '', '', ( #7041 ) ) ;
#4805 = AXIS2_PLACEMENT_3D ( 'NONE', #118, #2984, #11786 ) ;
#4806 = DIRECTION ( 'NONE',  ( 2.812624899357980017E-29, 1.000000000000000000, 6.982962677686270655E-15 ) ) ;
#4807 = UNCERTAINTY_MEASURE_WITH_UNIT (LENGTH_MEASURE( 1.000000000000000082E-05 ), #4197, 'distance_accuracy_value', 'NONE');
#4808 = EDGE_LOOP ( 'NONE', ( #10686, #8126, #4450, #2646 ) ) ;
#4809 = ORIENTED_EDGE ( 'NONE', *, *, #2775, .F. ) ;
#4810 = ORIENTED_EDGE ( 'NONE', *, *, #1221, .T. ) ;
#4811 = ORIENTED_EDGE ( 'NONE', *, *, #1801, .F. ) ;
#4812 = LINE ( 'NONE', #9353, #5286 ) ;
#4813 =( LENGTH_UNIT ( ) NAMED_UNIT ( * ) SI_UNIT ( .MILLI., .METRE. ) );
#4814 = ADVANCED_FACE ( 'NONE', ( #10976 ), #8099, .T. ) ;
#4815 = CARTESIAN_POINT ( 'NONE',  ( 0.3499999999999999778, 3.200000000000000178, -4.500000000000000000 ) ) ;
#4816 = VECTOR ( 'NONE', #1480, 1000.000000000000000 ) ;
#4817 = CARTESIAN_POINT ( 'NONE',  ( 7.349999999999999645, 2.700000000000000178, 7.299999999999999822 ) ) ;
#4818 = PRESENTATION_LAYER_ASSIGNMENT (  '', '', ( #10838 ) ) ;
#4819 = CARTESIAN_POINT ( 'NONE',  ( -7.200000000000000178, 10.00000000000000000, 7.200000000000000178 ) ) ;
#4820 = DIRECTION ( 'NONE',  ( 0.000000000000000000, -7.589415207398510528E-15, 1.000000000000000000 ) ) ;
#4821 = PRESENTATION_STYLE_ASSIGNMENT (( #1214 ) ) ;
#4822 = EDGE_LOOP ( 'NONE', ( #8842, #10905, #3140, #1342 ) ) ;
#4823 = CIRCLE ( 'NONE', #11877, 0.9000000000000000222 ) ;
#4824 = VECTOR ( 'NONE', #6507, 1000.000000000000000 ) ;
#4825 = AXIS2_PLACEMENT_3D ( 'NONE', #4786, #3971, #11459 ) ;
#4826 = ORIENTED_EDGE ( 'NONE', *, *, #1194, .T. ) ;
#4827 = ORIENTED_EDGE ( 'NONE', *, *, #6831, .T. ) ;
#4828 = ORIENTED_EDGE ( 'NONE', *, *, #3949, .T. ) ;
#4829 = CYLINDRICAL_SURFACE ( 'NONE', #5056, 0.8999999999999889200 ) ;
#4830 = EDGE_CURVE ( 'NONE', #10404, #24, #10264, .T. ) ;
#4831 = EDGE_CURVE ( 'NONE', #8844, #4569, #7726, .T. ) ;
#4832 = CARTESIAN_POINT ( 'NONE',  ( 0.3499999999999999778, -3.000000000000000000, -10.00000000000000000 ) ) ;
#4833 = ORIENTED_EDGE ( 'NONE', *, *, #10987, .F. ) ;
#4834 = EDGE_CURVE ( 'NONE', #3151, #2395, #11214, .T. ) ;
#4835 = VECTOR ( 'NONE', #6101, 1000.000000000000000 ) ;
#4836 = CARTESIAN_POINT ( 'NONE',  ( 3.000000000000000000, 2.000000000000000000, 7.299999999999999822 ) ) ;
#4837 = DIRECTION ( 'NONE',  ( 0.9063077870366489375, 0.4226182617407014397, 0.000000000000000000 ) ) ;
#4838 = COLOUR_RGB ( '',0.2509803921568627416, 0.2509803921568627416, 0.2509803921568627416 ) ;
#4839 = DIRECTION ( 'NONE',  ( -1.000000000000000000, 0.000000000000000000, 0.000000000000000000 ) ) ;
#4840 = FILL_AREA_STYLE_COLOUR ( '', #2648 ) ;
#4841 = DIRECTION ( 'NONE',  ( 0.000000000000000000, 1.000000000000000000, 0.000000000000000000 ) ) ;
#4842 = LINE ( 'NONE', #3091, #6777 ) ;
#4843 =( NAMED_UNIT ( * ) PLANE_ANGLE_UNIT ( ) SI_UNIT ( $, .RADIAN. ) );
#4844 = AXIS2_PLACEMENT_3D ( 'NONE', #9672, #1085, #4877 ) ;
#4845 = ORIENTED_EDGE ( 'NONE', *, *, #10358, .F. ) ;
#4846 = ORIENTED_EDGE ( 'NONE', *, *, #9786, .T. ) ;
#4847 = DIRECTION ( 'NONE',  ( 0.000000000000000000, 0.000000000000000000, 1.000000000000000000 ) ) ;
#4848 = ADVANCED_FACE ( 'NONE', ( #9218 ), #5435, .F. ) ;
#4849 = CARTESIAN_POINT ( 'NONE',  ( 2.600000000000000089, -3.500000000000000000, 5.100000000000000533 ) ) ;
#4850 = DIRECTION ( 'NONE',  ( 0.000000000000000000, -7.589415207398510528E-15, 1.000000000000000000 ) ) ;
#4851 = VECTOR ( 'NONE', #4048, 1000.000000000000000 ) ;
#4852 = DIRECTION ( 'NONE',  ( 2.409338161078900167E-16, -1.000000000000000000, -1.944692274331604840E-62 ) ) ;
#4853 = DIRECTION ( 'NONE',  ( -3.942553354492745404E-15, -2.414357261555910084E-44, -1.000000000000000000 ) ) ;
#4854 = MECHANICAL_DESIGN_GEOMETRIC_PRESENTATION_REPRESENTATION (  '', ( #4046 ), #6663 ) ;
#4855 = FILL_AREA_STYLE_COLOUR ( '', #22 ) ;
#4856 = LINE ( 'NONE', #7584, #5781 ) ;
#4857 = ORIENTED_EDGE ( 'NONE', *, *, #11357, .T. ) ;
#4858 = SURFACE_STYLE_USAGE ( .BOTH. , #10634 ) ;
#4859 = CIRCLE ( 'NONE', #12064, 1.099999999999999423 ) ;
#4860 = ORIENTED_EDGE ( 'NONE', *, *, #6236, .T. ) ;
#4861 = CARTESIAN_POINT ( 'NONE',  ( 0.000000000000000000, 10.00000000000000000, 5.700000000000000178 ) ) ;
#4862 =( GEOMETRIC_REPRESENTATION_CONTEXT ( 3 ) GLOBAL_UNCERTAINTY_ASSIGNED_CONTEXT ( ( #11069 ) ) GLOBAL_UNIT_ASSIGNED_CONTEXT ( ( #5714, #5648, #8420 ) ) REPRESENTATION_CONTEXT ( 'NONE', 'WORKASPACE' ) );
#4863 = FACE_OUTER_BOUND ( 'NONE', #6127, .T. ) ;
#4864 = LINE ( 'NONE', #3863, #10812 ) ;
#4865 = DIRECTION ( 'NONE',  ( 0.8660254037844438146, 0.4999999999999908962, 0.000000000000000000 ) ) ;
#4866 = FILL_AREA_STYLE_COLOUR ( '', #8714 ) ;
#4867 = VECTOR ( 'NONE', #8115, 1000.000000000000000 ) ;
#4868 = MECHANICAL_DESIGN_GEOMETRIC_PRESENTATION_REPRESENTATION (  '', ( #5477 ), #5287 ) ;
#4869 = PLANE ( 'NONE',  #12305 ) ;
#4870 = VERTEX_POINT ( 'NONE', #7281 ) ;
#4871 = EDGE_CURVE ( 'NONE', #8270, #5994, #8221, .T. ) ;
#4872 = ORIENTED_EDGE ( 'NONE', *, *, #2600, .F. ) ;
#4873 = FILL_AREA_STYLE_COLOUR ( '', #1449 ) ;
#4874 = ORIENTED_EDGE ( 'NONE', *, *, #4202, .T. ) ;
#4875 = EDGE_LOOP ( 'NONE', ( #10057, #522, #7159, #6791 ) ) ;
#4876 = FACE_OUTER_BOUND ( 'NONE', #6010, .T. ) ;
#4877 = DIRECTION ( 'NONE',  ( 1.000000000000000000, 0.000000000000000000, 0.000000000000000000 ) ) ;
#4878 = DIRECTION ( 'NONE',  ( 1.000000000000000000, 0.000000000000000000, 0.000000000000000000 ) ) ;
#4879 = CARTESIAN_POINT ( 'NONE',  ( -7.500000000000000000, 6.499999999999929834, -0.2000000000000000111 ) ) ;
#4880 = LINE ( 'NONE', #6652, #3952 ) ;
#4881 = CARTESIAN_POINT ( 'NONE',  ( 7.849999999999999645, 14.90000000000000036, 5.700000000000000178 ) ) ;
#4882 = VECTOR ( 'NONE', #7529, 1000.000000000000000 ) ;
#4883 =( NAMED_UNIT ( * ) SI_UNIT ( $, .STERADIAN. ) SOLID_ANGLE_UNIT ( ) );
#4884 = ORIENTED_EDGE ( 'NONE', *, *, #11450, .F. ) ;
#4885 = ADVANCED_FACE ( 'NONE', ( #811 ), #10322, .F. ) ;
#4886 = ORIENTED_EDGE ( 'NONE', *, *, #9574, .F. ) ;
#4887 = VERTEX_POINT ( 'NONE', #5682 ) ;
#4888 = ORIENTED_EDGE ( 'NONE', *, *, #3419, .T. ) ;
#4889 = CARTESIAN_POINT ( 'NONE',  ( 0.5610239286132310266, 12.87169557080111915, -1.199999999999999956 ) ) ;
#4890 = ORIENTED_EDGE ( 'NONE', *, *, #3499, .F. ) ;
#4891 = COLOUR_RGB ( '',0.2509803921568627416, 0.2509803921568627416, 0.2509803921568627416 ) ;
#4892 = DIRECTION ( 'NONE',  ( 9.925400323074660971E-15, -1.000000000000000000, 0.000000000000000000 ) ) ;
#4893 = DIRECTION ( 'NONE',  ( 1.000000000000000000, 0.000000000000000000, 0.000000000000000000 ) ) ;
#4894 = CARTESIAN_POINT ( 'NONE',  ( 0.6999999999999999556, 3.473890113076134811E-15, -8.699999999999999289 ) ) ;
#4895 = FILL_AREA_STYLE ('',( #4714 ) ) ;
#4896 = VECTOR ( 'NONE', #7466, 1000.000000000000000 ) ;
#4897 = CIRCLE ( 'NONE', #300, 7.100000000000000533 ) ;
#4898 =( LENGTH_UNIT ( ) NAMED_UNIT ( * ) SI_UNIT ( .MILLI., .METRE. ) );
#4899 = DIRECTION ( 'NONE',  ( 0.000000000000000000, 0.000000000000000000, 1.000000000000000000 ) ) ;
#4900 = EDGE_CURVE ( 'NONE', #7305, #620, #8707, .T. ) ;
#4901 = LINE ( 'NONE', #10685, #8203 ) ;
#4902 = STYLED_ITEM ( 'NONE', ( #7687 ), #881 ) ;
#4903 = EDGE_LOOP ( 'NONE', ( #3076, #1136, #6628, #1198 ) ) ;
#4904 = VECTOR ( 'NONE', #11971, 1000.000000000000114 ) ;
#4905 = AXIS2_PLACEMENT_3D ( 'NONE', #292, #1190, #4297 ) ;
#4906 = ORIENTED_EDGE ( 'NONE', *, *, #9364, .F. ) ;
#4907 =( LENGTH_UNIT ( ) NAMED_UNIT ( * ) SI_UNIT ( .MILLI., .METRE. ) );
#4908 = PLANE ( 'NONE',  #11723 ) ;
#4909 = DIRECTION ( 'NONE',  ( 0.000000000000000000, 7.434529182757739281E-15, -1.000000000000000000 ) ) ;
#4910 = CARTESIAN_POINT ( 'NONE',  ( -3.000000000000000000, 2.000000000000000000, 7.500000000000000000 ) ) ;
#4911 = CARTESIAN_POINT ( 'NONE',  ( 0.3499999999999999778, -3.000000000000000000, -4.500000000000000000 ) ) ;
#4912 = DIRECTION ( 'NONE',  ( 1.000000000000000000, 0.000000000000000000, 0.000000000000000000 ) ) ;
#4913 = CARTESIAN_POINT ( 'NONE',  ( -10.09999999999999964, 8.900000000000000355, 7.500000000000000000 ) ) ;
#4914 = DIRECTION ( 'NONE',  ( 0.000000000000000000, 0.000000000000000000, 1.000000000000000000 ) ) ;
#4915 = PLANE ( 'NONE',  #9534 ) ;
#4916 = ADVANCED_FACE ( 'NONE', ( #12420 ), #2923, .F. ) ;
#4917 = EDGE_CURVE ( 'NONE', #8801, #3786, #9652, .T. ) ;
#4918 = ORIENTED_EDGE ( 'NONE', *, *, #9774, .F. ) ;
#4919 = SURFACE_STYLE_USAGE ( .BOTH. , #4041 ) ;
#4920 = ORIENTED_EDGE ( 'NONE', *, *, #2177, .T. ) ;
#4921 = CARTESIAN_POINT ( 'NONE',  ( 0.000000000000000000, 10.00000000000000000, -3.900000000000090061 ) ) ;
#4922 = CARTESIAN_POINT ( 'NONE',  ( -7.850000000000169287, 16.65000000000000213, -9.549747468305810116 ) ) ;
#4923 = VECTOR ( 'NONE', #1839, 1000.000000000000000 ) ;
#4924 = DIRECTION ( 'NONE',  ( -0.3420201433256683243, -0.9396926207859085389, 1.271928173768063411E-15 ) ) ;
#4925 = FACE_OUTER_BOUND ( 'NONE', #10669, .T. ) ;
#4926 = DIRECTION ( 'NONE',  ( -1.000000000000000000, 0.000000000000000000, 3.942553354492745404E-15 ) ) ;
#4927 = CARTESIAN_POINT ( 'NONE',  ( 7.849999999999999645, 12.77500000000000036, -6.099999999999901057 ) ) ;
#4928 = DIRECTION ( 'NONE',  ( 1.000000000000000000, 1.298436238251450266E-29, -6.938893903907220489E-15 ) ) ;
#4929 = PLANE ( 'NONE',  #2894 ) ;
#4930 = EDGE_CURVE ( 'NONE', #10203, #8734, #8934, .T. ) ;
#4931 = STYLED_ITEM ( 'NONE', ( #6004 ), #11287 ) ;
#4932 = DIRECTION ( 'NONE',  ( 0.000000000000000000, -1.000000000000000000, 0.000000000000000000 ) ) ;
#4933 = EDGE_LOOP ( 'NONE', ( #8648, #921, #8738, #734, #9542, #11923, #7782, #10619, #11830, #9860 ) ) ;
#4934 = ORIENTED_EDGE ( 'NONE', *, *, #5460, .T. ) ;
#4935 = EDGE_LOOP ( 'NONE', ( #7616, #398, #9750, #2093 ) ) ;
#4936 = SURFACE_SIDE_STYLE ('',( #8718 ) ) ;
#4937 = EDGE_LOOP ( 'NONE', ( #10650, #10840, #9475, #8802 ) ) ;
#4938 = ORIENTED_EDGE ( 'NONE', *, *, #9617, .F. ) ;
#4939 = LINE ( 'NONE', #6084, #7304 ) ;
#4940 = AXIS2_PLACEMENT_3D ( 'NONE', #4667, #10441, #5673 ) ;
#4941 = DIRECTION ( 'NONE',  ( 1.000000000000000000, 0.000000000000000000, 0.000000000000000000 ) ) ;
#4942 = PRESENTATION_STYLE_ASSIGNMENT (( #4065 ) ) ;
#4943 = SURFACE_STYLE_USAGE ( .BOTH. , #4066 ) ;
#4944 = VECTOR ( 'NONE', #4162, 1000.000000000000000 ) ;
#4945 = EDGE_CURVE ( 'NONE', #2895, #8716, #936, .T. ) ;
#4946 = CARTESIAN_POINT ( 'NONE',  ( -0.3499999999999999778, 0.5500000000000000444, -5.500000000000000000 ) ) ;
#4947 = DIRECTION ( 'NONE',  ( 0.000000000000000000, 1.301042606982603842E-16, -1.000000000000000000 ) ) ;
#4948 = CARTESIAN_POINT ( 'NONE',  ( -3.500000000000000000, 2.000000000000000000, 7.299999999999999822 ) ) ;
#4949 = SURFACE_STYLE_FILL_AREA ( #1152 ) ;
#4950 = PRESENTATION_LAYER_ASSIGNMENT (  '', '', ( #10360 ) ) ;
#4951 = SURFACE_STYLE_FILL_AREA ( #5893 ) ;
#4952 = ORIENTED_EDGE ( 'NONE', *, *, #3664, .F. ) ;
#4953 = VECTOR ( 'NONE', #6370, 1000.000000000000000 ) ;
#4954 = EDGE_LOOP ( 'NONE', ( #3125, #10648, #2936, #6773 ) ) ;
#4955 = EDGE_LOOP ( 'NONE', ( #10799, #414, #2047, #856 ) ) ;
#4956 = ORIENTED_EDGE ( 'NONE', *, *, #4730, .F. ) ;
#4957 = CARTESIAN_POINT ( 'NONE',  ( 2.755890891981089956E-14, 6.500000000000000000, 6.799999999999999822 ) ) ;
#4958 = ORIENTED_EDGE ( 'NONE', *, *, #6051, .F. ) ;
#4959 = CARTESIAN_POINT ( 'NONE',  ( -2.473186941766180258, 12.47655937766027989, 6.799999999999999822 ) ) ;
#4960 = EDGE_CURVE ( 'NONE', #7538, #8419, #7709, .T. ) ;
#4961 = CARTESIAN_POINT ( 'NONE',  ( 2.475435743013954859, 7.525688402361390139, 6.799999999999999822 ) ) ;
#4962 = STYLED_ITEM ( 'NONE', ( #10346 ), #12039 ) ;
#4963 = PLANE ( 'NONE',  #12268 ) ;
#4964 = ADVANCED_FACE ( 'NONE', ( #10575 ), #7590, .F. ) ;
#4965 = MECHANICAL_DESIGN_GEOMETRIC_PRESENTATION_REPRESENTATION (  '', ( #12004 ), #5568 ) ;
#4966 = ORIENTED_EDGE ( 'NONE', *, *, #3541, .F. ) ;
#4967 = EDGE_LOOP ( 'NONE', ( #5632, #9751, #6641, #2017, #155, #1479 ) ) ;
#4968 = EDGE_CURVE ( 'NONE', #8543, #3267, #10454, .T. ) ;
#4969 = CARTESIAN_POINT ( 'NONE',  ( -1.576611713483625055, 12.39811920918740107, -1.199999999999999956 ) ) ;
#4970 = SURFACE_SIDE_STYLE ('',( #2044 ) ) ;
#4971 = DIRECTION ( 'NONE',  ( 0.9063077870366490485, -0.4226182617407014952, 0.000000000000000000 ) ) ;
#4972 = CARTESIAN_POINT ( 'NONE',  ( -7.100000000000000533, 10.00000000000000000, 7.299999999999999822 ) ) ;
#4973 = B_SPLINE_CURVE_WITH_KNOTS ( 'NONE', 3,
 ( #751, #10149, #9278, #3549, #7343, #7406 ),
 .UNSPECIFIED., .F., .F.,
 ( 4, 2, 4 ),
 ( 0.000000000000000000, 0.5000000000000000000, 1.000000000000000000 ),
 .UNSPECIFIED. ) ;
#4974 = APPLICATION_PROTOCOL_DEFINITION ( 'draft international standard', 'automotive_design', 1998, #5927 ) ;
#4975 = VERTEX_POINT ( 'NONE', #4737 ) ;
#4976 = ORIENTED_EDGE ( 'NONE', *, *, #6937, .T. ) ;
#4977 = SURFACE_STYLE_USAGE ( .BOTH. , #4044 ) ;
#4978 = FACE_OUTER_BOUND ( 'NONE', #11482, .T. ) ;
#4979 = PRESENTATION_STYLE_ASSIGNMENT (( #7022 ) ) ;
#4980 = EDGE_CURVE ( 'NONE', #8876, #733, #1926, .T. ) ;
#4981 = AXIS2_PLACEMENT_3D ( 'NONE', #1128, #8768, #3984 ) ;
#4982 = FILL_AREA_STYLE_COLOUR ( '', #11943 ) ;
#4983 = ADVANCED_FACE ( 'NONE', ( #4796 ), #8640, .F. ) ;
#4984 = LINE ( 'NONE', #7712, #5793 ) ;
#4985 = CARTESIAN_POINT ( 'NONE',  ( -3.000000000000000000, 1.699999999999999956, 5.150000000000000355 ) ) ;
#4986 = LINE ( 'NONE', #2256, #1118 ) ;
#4987 = DIRECTION ( 'NONE',  ( 0.000000000000000000, 0.000000000000000000, -1.000000000000000000 ) ) ;
#4988 = VERTEX_POINT ( 'NONE', #8024 ) ;
#4989 = ORIENTED_EDGE ( 'NONE', *, *, #12132, .F. ) ;
#4990 = CARTESIAN_POINT ( 'NONE',  ( -2.989405734482134758, 11.73932253780020041, -1.199999999999999956 ) ) ;
#4991 = ORIENTED_EDGE ( 'NONE', *, *, #11093, .T. ) ;
#4992 = ORIENTED_EDGE ( 'NONE', *, *, #10794, .T. ) ;
#4993 = PLANE ( 'NONE',  #2631 ) ;
#4994 = FACE_OUTER_BOUND ( 'NONE', #8095, .T. ) ;
#4995 = CARTESIAN_POINT ( 'NONE',  ( 7.150000000000000355, -3.000000000000000000, -7.000000000000000000 ) ) ;
#4996 = LINE ( 'NONE', #6778, #3451 ) ;
#4997 = CARTESIAN_POINT ( 'NONE',  ( -2.000000000000000000, 1.899999999999999911, 5.100000000000000533 ) ) ;
#4998 = CARTESIAN_POINT ( 'NONE',  ( -4.649999999999999467, 3.200000000000000178, -8.500000000000000000 ) ) ;
#4999 = EDGE_CURVE ( 'NONE', #11540, #2935, #11718, .T. ) ;
#5000 = VECTOR ( 'NONE', #3671, 1000.000000000000000 ) ;
#5001 = CARTESIAN_POINT ( 'NONE',  ( -10.14999999999999858, 21.16464466094069863, 5.700000000000000178 ) ) ;
#5002 = LINE ( 'NONE', #6022, #11340 ) ;
#5003 = SURFACE_STYLE_FILL_AREA ( #4326 ) ;
#5004 = DIRECTION ( 'NONE',  ( 1.000000000000000000, 0.000000000000000000, 0.000000000000000000 ) ) ;
#5005 = CARTESIAN_POINT ( 'NONE',  ( 10.09999999999999964, 8.900000000000000355, 7.250000000000000000 ) ) ;
#5006 = ORIENTED_EDGE ( 'NONE', *, *, #6920, .T. ) ;
#5007 = VERTEX_POINT ( 'NONE', #2184 ) ;
#5008 = EDGE_LOOP ( 'NONE', ( #1532, #9578, #3916, #9726 ) ) ;
#5009 = PRESENTATION_LAYER_ASSIGNMENT (  '', '', ( #9640 ) ) ;
#5010 = ORIENTED_EDGE ( 'NONE', *, *, #11720, .F. ) ;
#5011 = AXIS2_PLACEMENT_3D ( 'NONE', #6049, #2300, #4224 ) ;
#5012 = CARTESIAN_POINT ( 'NONE',  ( 0.000000000000000000, 10.00000000000000000, 5.700000000000000178 ) ) ;
#5013 = ORIENTED_EDGE ( 'NONE', *, *, #8278, .T. ) ;
#5014 = SURFACE_STYLE_FILL_AREA ( #9567 ) ;
#5015 = FILL_AREA_STYLE_COLOUR ( '', #7853 ) ;
#5016 = LINE ( 'NONE', #6036, #8773 ) ;
#5017 = AXIS2_PLACEMENT_3D ( 'NONE', #10947, #5228, #417 ) ;
#5018 = VECTOR ( 'NONE', #11036, 1000.000000000000000 ) ;
#5019 = STYLED_ITEM ( 'NONE', ( #7331 ), #2400 ) ;
#5020 = DIRECTION ( 'NONE',  ( 0.000000000000000000, -1.000000000000000000, 0.000000000000000000 ) ) ;
#5021 = ADVANCED_FACE ( 'NONE', ( #5998 ), #3110, .T. ) ;
#5022 = ORIENTED_EDGE ( 'NONE', *, *, #1109, .T. ) ;
#5023 = VERTEX_POINT ( 'NONE', #8829 ) ;
#5024 = CARTESIAN_POINT ( 'NONE',  ( 7.500000000000000000, 6.500000000000079936, -1.125000000000000000 ) ) ;
#5025 = SURFACE_STYLE_USAGE ( .BOTH. , #9880 ) ;
#5026 =( LENGTH_UNIT ( ) NAMED_UNIT ( * ) SI_UNIT ( .MILLI., .METRE. ) );
#5027 = DIRECTION ( 'NONE',  ( 0.000000000000000000, 6.982962677686270655E-15, -1.000000000000000000 ) ) ;
#5028 = DIRECTION ( 'NONE',  ( 0.000000000000000000, 2.168404344971020208E-16, -1.000000000000000000 ) ) ;
#5029 = SURFACE_STYLE_USAGE ( .BOTH. , #4789 ) ;
#5030 = FACE_OUTER_BOUND ( 'NONE', #3245, .T. ) ;
#5031 = VECTOR ( 'NONE', #8740, 1000.000000000000000 ) ;
#5032 = CARTESIAN_POINT ( 'NONE',  ( -3.000000000000000000, 1.699999999999999956, 5.150000000000000355 ) ) ;
#5033 =( GEOMETRIC_REPRESENTATION_CONTEXT ( 3 ) GLOBAL_UNCERTAINTY_ASSIGNED_CONTEXT ( ( #851 ) ) GLOBAL_UNIT_ASSIGNED_CONTEXT ( ( #4525, #9252, #4592 ) ) REPRESENTATION_CONTEXT ( 'NONE', 'WORKASPACE' ) );
#5034 = ORIENTED_EDGE ( 'NONE', *, *, #8916, .F. ) ;
#5035 = ADVANCED_FACE ( 'NONE', ( #5243 ), #5111, .F. ) ;
#5036 = UNCERTAINTY_MEASURE_WITH_UNIT (LENGTH_MEASURE( 1.000000000000000082E-05 ), #2066, 'distance_accuracy_value', 'NONE');
#5037 = ORIENTED_EDGE ( 'NONE', *, *, #5151, .F. ) ;
#5038 =( LENGTH_UNIT ( ) NAMED_UNIT ( * ) SI_UNIT ( .MILLI., .METRE. ) );
#5039 = FILL_AREA_STYLE ('',( #6191 ) ) ;
#5040 = CIRCLE ( 'NONE', #7668, 0.5000000000000004441 ) ;
#5041 = CIRCLE ( 'NONE', #11479, 0.9250000000000004885 ) ;
#5042 = DIRECTION ( 'NONE',  ( 2.667866582026795303E-16, 1.000000000000000000, 0.000000000000000000 ) ) ;
#5043 = CARTESIAN_POINT ( 'NONE',  ( 2.149999999999999911, -3.000000000000000000, -7.000000000000000000 ) ) ;
#5044 = AXIS2_PLACEMENT_3D ( 'NONE', #5320, #3487, #12043 ) ;
#5046 = CARTESIAN_POINT ( 'NONE',  ( -2.149999999999999911, 3.200000000000000178, -8.500000000000000000 ) ) ;
#5045 = CIRCLE ( 'NONE', #2037, 7.200000000000000178 ) ;
#5047 = AXIS2_PLACEMENT_3D ( 'NONE', #9487, #1887, #9557 ) ;
#5048 = SURFACE_STYLE_USAGE ( .BOTH. , #7965 ) ;
#5049 = DIRECTION ( 'NONE',  ( 0.000000000000000000, 0.000000000000000000, 1.000000000000000000 ) ) ;
#5050 = AXIS2_PLACEMENT_3D ( 'NONE', #12106, #4556, #2684 ) ;
#5051 = CARTESIAN_POINT ( 'NONE',  ( -10.14999999999999858, 21.16464466094064889, 7.299999999999999822 ) ) ;
#5052 = EDGE_LOOP ( 'NONE', ( #2836, #9806, #2910, #3503, #6588, #5073, #3180, #873 ) ) ;
#5053 = ORIENTED_EDGE ( 'NONE', *, *, #7338, .F. ) ;
#5054 = EDGE_CURVE ( 'NONE', #10647, #5162, #4107, .T. ) ;
#5055 = ADVANCED_FACE ( 'NONE', ( #4978 ), #2247, .F. ) ;
#5056 = AXIS2_PLACEMENT_3D ( 'NONE', #5778, #8479, #11306 ) ;
#5057 = ORIENTED_EDGE ( 'NONE', *, *, #6390, .F. ) ;
#5058 = DIRECTION ( 'NONE',  ( 0.000000000000000000, 1.000000000000000000, 0.000000000000000000 ) ) ;
#5059 = VERTEX_POINT ( 'NONE', #359 ) ;
#5060 = ORIENTED_EDGE ( 'NONE', *, *, #4456, .T. ) ;
#5061 = DIRECTION ( 'NONE',  ( 0.000000000000000000, 1.000000000000000000, 0.000000000000000000 ) ) ;
#5062 = CARTESIAN_POINT ( 'NONE',  ( 8.550000000000000711, 19.50000000000000000, -10.99999999999984013 ) ) ;
#5063 = FACE_OUTER_BOUND ( 'NONE', #3636, .T. ) ;
#5064 = LINE ( 'NONE', #1776, #3570 ) ;
#5065 = CARTESIAN_POINT ( 'NONE',  ( -5.030347782047379646, 10.78761563116994004, 6.799999999999999822 ) ) ;
#5066 = CARTESIAN_POINT ( 'NONE',  ( 5.505006907668989591, 3.178317220033385126, -1.199999999999999956 ) ) ;
#5067 = DIRECTION ( 'NONE',  ( 1.000000000000000000, 0.000000000000000000, 0.000000000000000000 ) ) ;
#5068 = DIRECTION ( 'NONE',  ( 0.000000000000000000, 0.000000000000000000, -1.000000000000000000 ) ) ;
#5069 = ORIENTED_EDGE ( 'NONE', *, *, #11135, .T. ) ;
#5070 = EDGE_CURVE ( 'NONE', #8495, #9848, #6129, .T. ) ;
#5071 = EDGE_CURVE ( 'NONE', #5948, #8544, #12307, .T. ) ;
#5072 = ORIENTED_EDGE ( 'NONE', *, *, #5168, .F. ) ;
#5073 = ORIENTED_EDGE ( 'NONE', *, *, #407, .F. ) ;
#5074 = ORIENTED_EDGE ( 'NONE', *, *, #7703, .T. ) ;
#5075 = SURFACE_STYLE_USAGE ( .BOTH. , #8803 ) ;
#5076 = MECHANICAL_DESIGN_GEOMETRIC_PRESENTATION_REPRESENTATION (  '', ( #3475 ), #9855 ) ;
#5077 =( NAMED_UNIT ( * ) PLANE_ANGLE_UNIT ( ) SI_UNIT ( $, .RADIAN. ) );
#5079 = ORIENTED_EDGE ( 'NONE', *, *, #5527, .T. ) ;
#5078 = UNCERTAINTY_MEASURE_WITH_UNIT (LENGTH_MEASURE( 1.000000000000000082E-05 ), #3853, 'distance_accuracy_value', 'NONE');
#5080 = FILL_AREA_STYLE_COLOUR ( '', #2628 ) ;
#5081 = CARTESIAN_POINT ( 'NONE',  ( 1.795498089942305116E-15, 21.19999999999999929, 7.250000000000000000 ) ) ;
#5082 = CIRCLE ( 'NONE', #1104, 1.090380592228739953 ) ;
#5083 =( NAMED_UNIT ( * ) SI_UNIT ( $, .STERADIAN. ) SOLID_ANGLE_UNIT ( ) );
#5084 =( GEOMETRIC_REPRESENTATION_CONTEXT ( 3 ) GLOBAL_UNCERTAINTY_ASSIGNED_CONTEXT ( ( #3204 ) ) GLOBAL_UNIT_ASSIGNED_CONTEXT ( ( #449, #11041, #11805 ) ) REPRESENTATION_CONTEXT ( 'NONE', 'WORKASPACE' ) );
#5085 = CARTESIAN_POINT ( 'NONE',  ( 5.833015274308009963E-15, 21.19999999999999929, 5.700000000000070344 ) ) ;
#5086 = CARTESIAN_POINT ( 'NONE',  ( 2.000000000000000000, -2.401009032218150097, 5.100000000000000533 ) ) ;
#5087 = CARTESIAN_POINT ( 'NONE',  ( 7.849999999999999645, 3.200000000000000178, -8.500000000000000000 ) ) ;
#5088 = MECHANICAL_DESIGN_GEOMETRIC_PRESENTATION_REPRESENTATION (  '', ( #1703 ), #4090 ) ;
#5089 = EDGE_CURVE ( 'NONE', #3105, #3456, #7344, .T. ) ;
#5090 = VERTEX_POINT ( 'NONE', #5308 ) ;
#5091 = EDGE_CURVE ( 'NONE', #5803, #886, #10419, .T. ) ;
#5092 = ORIENTED_EDGE ( 'NONE', *, *, #8819, .F. ) ;
#5093 = FILL_AREA_STYLE ('',( #10060 ) ) ;
#5094 = CARTESIAN_POINT ( 'NONE',  ( -7.150000000000000355, -3.000000000000000000, -7.000000000000000000 ) ) ;
#5095 = SURFACE_SIDE_STYLE ('',( #4221 ) ) ;
#5096 = LINE ( 'NONE', #8942, #4573 ) ;
#5097 = VECTOR ( 'NONE', #9127, 1000.000000000000000 ) ;
#5098 = FACE_OUTER_BOUND ( 'NONE', #3133, .T. ) ;
#5099 = LINE ( 'NONE', #7009, #10152 ) ;
#5100 = DIRECTION ( 'NONE',  ( -7.695236278102659642E-29, 7.755234363190441832E-15, -1.000000000000000000 ) ) ;
#5101 = ADVANCED_FACE ( 'NONE', ( #7491 ), #3700, .F. ) ;
#5102 = FACE_OUTER_BOUND ( 'NONE', #9628, .T. ) ;
#5103 = AXIS2_PLACEMENT_3D ( 'NONE', #2845, #7505, #10499 ) ;
#5104 = CARTESIAN_POINT ( 'NONE',  ( 2.000000000000000000, 1.699999999999999956, 5.150000000000000355 ) ) ;
#5105 = CARTESIAN_POINT ( 'NONE',  ( 0.000000000000000000, 0.000000000000000000, 0.000000000000000000 ) ) ;
#5106 = STYLED_ITEM ( 'NONE', ( #8224 ), #1982 ) ;
#5107 = PRESENTATION_LAYER_ASSIGNMENT (  '', '', ( #534 ) ) ;
#5108 = CARTESIAN_POINT ( 'NONE',  ( -4.004993519352499476, 11.26574617618645924, -1.199999999999999956 ) ) ;
#5109 = ORIENTED_EDGE ( 'NONE', *, *, #7368, .T. ) ;
#5110 =( NAMED_UNIT ( * ) PLANE_ANGLE_UNIT ( ) SI_UNIT ( $, .RADIAN. ) );
#5111 = CYLINDRICAL_SURFACE ( 'NONE', #4905, 0.9000000000000000222 ) ;
#5112 = CARTESIAN_POINT ( 'NONE',  ( -2.000000000000000000, -3.500000000000000000, 4.899999999999999467 ) ) ;
#5113 = DIRECTION ( 'NONE',  ( 0.000000000000000000, 0.000000000000000000, -1.000000000000000000 ) ) ;
#5114 = PLANE ( 'NONE',  #6330 ) ;
#5115 = CARTESIAN_POINT ( 'NONE',  ( 7.849999999999999645, 0.5500000000000000444, -8.500000000000000000 ) ) ;
#5116 = ADVANCED_FACE ( 'NONE', ( #8421 ), #27, .F. ) ;
#5117 = AXIS2_PLACEMENT_3D ( 'NONE', #8546, #6594, #11436 ) ;
#5118 = DIRECTION ( 'NONE',  ( 0.9063077870366498257, 0.4226182617406998854, 0.000000000000000000 ) ) ;
#5119 = DIRECTION ( 'NONE',  ( 0.000000000000000000, 1.000000000000000000, 0.000000000000000000 ) ) ;
#5120 = EDGE_CURVE ( 'NONE', #6061, #8650, #4360, .T. ) ;
#5121 = LINE ( 'NONE', #11252, #9203 ) ;
#5122 = ORIENTED_EDGE ( 'NONE', *, *, #12234, .F. ) ;
#5123 = VERTEX_POINT ( 'NONE', #6537 ) ;
#5124 = ORIENTED_EDGE ( 'NONE', *, *, #4231, .T. ) ;
#5125 = CARTESIAN_POINT ( 'NONE',  ( -2.000000000000000000, 1.899999999999999911, 5.150000000000000355 ) ) ;
#5126 = ORIENTED_EDGE ( 'NONE', *, *, #9281, .T. ) ;
#5127 = AXIS2_PLACEMENT_3D ( 'NONE', #12262, #10187, #9503 ) ;
#5128 = VERTEX_POINT ( 'NONE', #3827 ) ;
#5129 = FILL_AREA_STYLE_COLOUR ( '', #2905 ) ;
#5130 = PLANE ( 'NONE',  #12237 ) ;
#5131 = DIRECTION ( 'NONE',  ( 0.000000000000000000, -4.336808689942043768E-15, 1.000000000000000000 ) ) ;
#5132 = PLANE ( 'NONE',  #7508 ) ;
#5133 = EDGE_CURVE ( 'NONE', #11540, #3638, #4706, .T. ) ;
#5134 = LINE ( 'NONE', #2271, #6701 ) ;
#5135 = DIRECTION ( 'NONE',  ( 1.000000000000000000, 0.000000000000000000, 0.000000000000000000 ) ) ;
#5136 = VECTOR ( 'NONE', #4947, 1000.000000000000000 ) ;
#5137 = SURFACE_STYLE_FILL_AREA ( #2337 ) ;
#5138 = DIRECTION ( 'NONE',  ( 1.176436426395379911E-16, -1.000000000000000000, 0.000000000000000000 ) ) ;
#5139 = PLANE ( 'NONE',  #4258 ) ;
#5140 = EDGE_CURVE ( 'NONE', #10713, #8602, #8606, .T. ) ;
#5141 = ORIENTED_EDGE ( 'NONE', *, *, #2941, .T. ) ;
#5142 = UNCERTAINTY_MEASURE_WITH_UNIT (LENGTH_MEASURE( 1.000000000000000082E-05 ), #7918, 'distance_accuracy_value', 'NONE');
#5144 = ORIENTED_EDGE ( 'NONE', *, *, #9396, .F. ) ;
#5143 = VECTOR ( 'NONE', #7227, 1000.000000000000000 ) ;
#5145 = ORIENTED_EDGE ( 'NONE', *, *, #301, .T. ) ;
#5146 = VERTEX_POINT ( 'NONE', #9427 ) ;
#5147 = LINE ( 'NONE', #4078, #5476 ) ;
#5148 = AXIS2_PLACEMENT_3D ( 'NONE', #1321, #5118, #7095 ) ;
#5149 = CARTESIAN_POINT ( 'NONE',  ( -1.649999999999999911, -1.637691053307329915E-14, -6.200000000000000178 ) ) ;
#5150 = ORIENTED_EDGE ( 'NONE', *, *, #3136, .T. ) ;
#5151 = EDGE_CURVE ( 'NONE', #3758, #7117, #11367, .T. ) ;
#5152 = CYLINDRICAL_SURFACE ( 'NONE', #1665, 7.200000000000000178 ) ;
#5153 = ADVANCED_FACE ( 'NONE', ( #10488 ), #2709, .F. ) ;
#5154 = SURFACE_SIDE_STYLE ('',( #2349 ) ) ;
#5155 = DIRECTION ( 'NONE',  ( 3.898255002194944702E-16, 1.000000000000000000, -1.449710042692682015E-30 ) ) ;
#5156 = VECTOR ( 'NONE', #1368, 1000.000000000000114 ) ;
#5157 = DIRECTION ( 'NONE',  ( 0.000000000000000000, 0.000000000000000000, 1.000000000000000000 ) ) ;
#5158 = COLOUR_RGB ( '',0.2509803921568627416, 0.2509803921568627416, 0.2509803921568627416 ) ;
#5159 = UNCERTAINTY_MEASURE_WITH_UNIT (LENGTH_MEASURE( 1.000000000000000082E-05 ), #11990, 'distance_accuracy_value', 'NONE');
#5160 = ORIENTED_EDGE ( 'NONE', *, *, #10138, .F. ) ;
#5161 = AXIS2_PLACEMENT_3D ( 'NONE', #10219, #2688, #1694 ) ;
#5162 = VERTEX_POINT ( 'NONE', #4645 ) ;
#5163 = FILL_AREA_STYLE ('',( #541 ) ) ;
#5164 = VECTOR ( 'NONE', #9061, 1000.000000000000114 ) ;
#5165 = DIRECTION ( 'NONE',  ( -1.000000000000000000, -2.168404344971010101E-16, -2.451671254489475435E-31 ) ) ;
#5166 = DIRECTION ( 'NONE',  ( 0.000000000000000000, 1.301042606982603842E-16, -1.000000000000000000 ) ) ;
#5167 = SURFACE_STYLE_FILL_AREA ( #1176 ) ;
#5168 = EDGE_CURVE ( 'NONE', #2555, #7840, #8481, .T. ) ;
#5169 = CARTESIAN_POINT ( 'NONE',  ( 10.11219726118095963, 21.19798000000000116, 7.262595170362720509 ) ) ;
#5170 = LINE ( 'NONE', #11836, #9165 ) ;
#5171 = LINE ( 'NONE', #8198, #331 ) ;
#5172 = CARTESIAN_POINT ( 'NONE',  ( 7.100000000000000533, 10.00000000000000000, 7.299999999999999822 ) ) ;
#5173 = STYLED_ITEM ( 'NONE', ( #2190 ), #7029 ) ;
#5174 = PRESENTATION_STYLE_ASSIGNMENT (( #1185 ) ) ;
#5175 = VECTOR ( 'NONE', #10599, 1000.000000000000000 ) ;
#5176 =( GEOMETRIC_REPRESENTATION_CONTEXT ( 3 ) GLOBAL_UNCERTAINTY_ASSIGNED_CONTEXT ( ( #2632 ) ) GLOBAL_UNIT_ASSIGNED_CONTEXT ( ( #6678, #2908, #1970 ) ) REPRESENTATION_CONTEXT ( 'NONE', 'WORKASPACE' ) );
#5177 = UNCERTAINTY_MEASURE_WITH_UNIT (LENGTH_MEASURE( 1.000000000000000082E-05 ), #6415, 'distance_accuracy_value', 'NONE');
#5178 = CARTESIAN_POINT ( 'NONE',  ( -10.14999999999999858, 3.199999999999900258, -4.500000000000000000 ) ) ;
#5179 = ORIENTED_EDGE ( 'NONE', *, *, #8047, .T. ) ;
#5180 =( LENGTH_UNIT ( ) NAMED_UNIT ( * ) SI_UNIT ( .MILLI., .METRE. ) );
#5181 = CARTESIAN_POINT ( 'NONE',  ( -10.05000000000000071, 8.900000000000000355, 7.299999999999999822 ) ) ;
#5182 = LINE ( 'NONE', #11086, #5513 ) ;
#5183 = AXIS2_PLACEMENT_3D ( 'NONE', #10004, #2359, #6179 ) ;
#5184 = PLANE ( 'NONE',  #181 ) ;
#5185 = AXIS2_PLACEMENT_3D ( 'NONE', #8152, #3483, #1679 ) ;
#5186 = DIRECTION ( 'NONE',  ( 0.000000000000000000, 1.000000000000000000, 1.301042606982603842E-16 ) ) ;
#5187 = PLANE ( 'NONE',  #2495 ) ;
#5188 = SURFACE_STYLE_USAGE ( .BOTH. , #3243 ) ;
#5189 = ORIENTED_EDGE ( 'NONE', *, *, #10073, .T. ) ;
#5190 = ORIENTED_EDGE ( 'NONE', *, *, #10602, .T. ) ;
#5191 = FILL_AREA_STYLE_COLOUR ( '', #11892 ) ;
#5192 = ORIENTED_EDGE ( 'NONE', *, *, #12284, .T. ) ;
#5193 = EDGE_CURVE ( 'NONE', #10904, #7737, #6989, .T. ) ;
#5194 = COLOUR_RGB ( '',0.2509803921568627416, 0.2509803921568627416, 0.2509803921568627416 ) ;
#5195 = DIRECTION ( 'NONE',  ( -1.000000000000000000, -2.409338161078900167E-16, 0.000000000000000000 ) ) ;
#5196 = DIRECTION ( 'NONE',  ( 0.000000000000000000, -5.782411586589360597E-16, 1.000000000000000000 ) ) ;
#5197 = CARTESIAN_POINT ( 'NONE',  ( 0.3499999999999999778, 3.200000000000000178, -10.50000000000000000 ) ) ;
#5198 = CYLINDRICAL_SURFACE ( 'NONE', #2511, 0.9000000000000110134 ) ;
#5199 = LINE ( 'NONE', #5065, #3675 ) ;
#5200 = DIRECTION ( 'NONE',  ( 0.000000000000000000, 0.000000000000000000, -1.000000000000000000 ) ) ;
#5201 = DIRECTION ( 'NONE',  ( 0.000000000000000000, 0.000000000000000000, 1.000000000000000000 ) ) ;
#5202 = DIRECTION ( 'NONE',  ( 0.000000000000000000, 3.854941057726394883E-15, -1.000000000000000000 ) ) ;
#5203 = FACE_OUTER_BOUND ( 'NONE', #6110, .T. ) ;
#5204 = STYLED_ITEM ( 'NONE', ( #11832 ), #9164 ) ;
#5205 = DIRECTION ( 'NONE',  ( 0.000000000000000000, 0.000000000000000000, 1.000000000000000000 ) ) ;
#5206 =( NAMED_UNIT ( * ) SI_UNIT ( $, .STERADIAN. ) SOLID_ANGLE_UNIT ( ) );
#5207 = ORIENTED_EDGE ( 'NONE', *, *, #11136, .F. ) ;
#5208 = COLOUR_RGB ( '',0.2509803921568627416, 0.2509803921568627416, 0.2509803921568627416 ) ;
#5209 = ORIENTED_EDGE ( 'NONE', *, *, #2505, .F. ) ;
#5210 = ORIENTED_EDGE ( 'NONE', *, *, #9822, .T. ) ;
#5211 = EDGE_CURVE ( 'NONE', #1458, #6830, #8651, .T. ) ;
#5212 = ORIENTED_EDGE ( 'NONE', *, *, #4871, .F. ) ;
#5213 = CARTESIAN_POINT ( 'NONE',  ( -2.850000000000000089, -3.000000000000000000, -7.500000000000000000 ) ) ;
#5214 = EDGE_CURVE ( 'NONE', #5803, #10687, #11501, .T. ) ;
#5215 = CARTESIAN_POINT ( 'NONE',  ( -7.500000000000000000, 6.499999999999929834, -0.2000000000000000111 ) ) ;
#5216 = AXIS2_PLACEMENT_3D ( 'NONE', #8609, #11863, #8972 ) ;
#5217 = ORIENTED_EDGE ( 'NONE', *, *, #6982, .F. ) ;
#5218 = FILL_AREA_STYLE ('',( #5080 ) ) ;
#5219 = CARTESIAN_POINT ( 'NONE',  ( -7.786542750846689565, 13.15115089915400048, -4.599999999999999645 ) ) ;
#5220 =( NAMED_UNIT ( * ) PLANE_ANGLE_UNIT ( ) SI_UNIT ( $, .RADIAN. ) );
#5221 = FILL_AREA_STYLE ('',( #474 ) ) ;
#5222 = EDGE_CURVE ( 'NONE', #1621, #9968, #3237, .T. ) ;
#5223 = ADVANCED_FACE ( 'NONE', ( #3950 ), #9626, .F. ) ;
#5224 = EDGE_CURVE ( 'NONE', #2482, #11528, #3441, .T. ) ;
#5225 = ORIENTED_EDGE ( 'NONE', *, *, #6364, .T. ) ;
#5226 = ORIENTED_EDGE ( 'NONE', *, *, #11038, .F. ) ;
#5227 = CARTESIAN_POINT ( 'NONE',  ( 4.646130973617839999, 9.963660026517290547, -1.199999999999999956 ) ) ;
#5228 = DIRECTION ( 'NONE',  ( -1.000000000000000000, 0.000000000000000000, 0.000000000000000000 ) ) ;
#5229 = LINE ( 'NONE', #11702, #3382 ) ;
#5230 = VECTOR ( 'NONE', #5851, 1000.000000000000000 ) ;
#5231 = FILL_AREA_STYLE_COLOUR ( '', #438 ) ;
#5232 = AXIS2_PLACEMENT_3D ( 'NONE', #3645, #2716, #6542 ) ;
#5233 = SURFACE_SIDE_STYLE ('',( #11773 ) ) ;
#5234 = DIRECTION ( 'NONE',  ( 0.000000000000000000, -1.000000000000000000, 0.000000000000000000 ) ) ;
#5235 = LINE ( 'NONE', #10008, #10954 ) ;
#5236 = DIRECTION ( 'NONE',  ( 1.000000000000000000, 0.000000000000000000, 0.000000000000000000 ) ) ;
#5237 = EDGE_CURVE ( 'NONE', #6137, #2724, #4636, .T. ) ;
#5238 = VECTOR ( 'NONE', #11758, 1000.000000000000000 ) ;
#5239 = EDGE_CURVE ( 'NONE', #11697, #5780, #6054, .T. ) ;
#5240 =( GEOMETRIC_REPRESENTATION_CONTEXT ( 3 ) GLOBAL_UNCERTAINTY_ASSIGNED_CONTEXT ( ( #12263 ) ) GLOBAL_UNIT_ASSIGNED_CONTEXT ( ( #8442, #6380, #7579 ) ) REPRESENTATION_CONTEXT ( 'NONE', 'WORKASPACE' ) );
#5241 = VERTEX_POINT ( 'NONE', #268 ) ;
#5242 = DIRECTION ( 'NONE',  ( 1.000000000000000000, 8.182657905550979512E-17, 0.000000000000000000 ) ) ;
#5243 = FACE_OUTER_BOUND ( 'NONE', #2601, .T. ) ;
#5244 = DIRECTION ( 'NONE',  ( 0.000000000000000000, 2.414357261555910084E-44, -1.000000000000000000 ) ) ;
#5245 = DIRECTION ( 'NONE',  ( 0.000000000000000000, 0.000000000000000000, 1.000000000000000000 ) ) ;
#5246 = DIRECTION ( 'NONE',  ( 1.445602896647337931E-16, -1.000000000000000000, 0.000000000000000000 ) ) ;
#5247 = UNCERTAINTY_MEASURE_WITH_UNIT (LENGTH_MEASURE( 1.000000000000000082E-05 ), #5488, 'distance_accuracy_value', 'NONE');
#5248 = CARTESIAN_POINT ( 'NONE',  ( 1.300000000000000044, 14.25499782797525938, 6.799999999999999822 ) ) ;
#5249 = DIRECTION ( 'NONE',  ( 1.000000000000000000, 9.933636120880697073E-15, 0.000000000000000000 ) ) ;
#5250 = CARTESIAN_POINT ( 'NONE',  ( 0.000000000000000000, 4.599999999999999645, 6.799999999999999822 ) ) ;
#5251 = ORIENTED_EDGE ( 'NONE', *, *, #9333, .T. ) ;
#5252 = ORIENTED_EDGE ( 'NONE', *, *, #9748, .F. ) ;
#5253 = UNCERTAINTY_MEASURE_WITH_UNIT (LENGTH_MEASURE( 1.000000000000000082E-05 ), #11866, 'distance_accuracy_value', 'NONE');
#5254 = LINE ( 'NONE', #3308, #3051 ) ;
#5255 = ORIENTED_EDGE ( 'NONE', *, *, #7787, .F. ) ;
#5256 = DIRECTION ( 'NONE',  ( 0.000000000000000000, -1.000000000000000000, 0.000000000000000000 ) ) ;
#5257 = SURFACE_STYLE_USAGE ( .BOTH. , #1446 ) ;
#5258 = AXIS2_PLACEMENT_3D ( 'NONE', #2157, #8869, #7934 ) ;
#5259 =( GEOMETRIC_REPRESENTATION_CONTEXT ( 3 ) GLOBAL_UNCERTAINTY_ASSIGNED_CONTEXT ( ( #4509 ) ) GLOBAL_UNIT_ASSIGNED_CONTEXT ( ( #4073, #9678, #4883 ) ) REPRESENTATION_CONTEXT ( 'NONE', 'WORKASPACE' ) );
#5260 = CARTESIAN_POINT ( 'NONE',  ( -2.149999999999999911, 0.5500000000000000444, -4.500000000000000000 ) ) ;
#5261 = CARTESIAN_POINT ( 'NONE',  ( 4.336808689942014778E-16, 1.949999999999999956, 7.250000000000000000 ) ) ;
#5262 = CARTESIAN_POINT ( 'NONE',  ( 7.299999999999999822, 10.00000000000000000, 7.500000000000000000 ) ) ;
#5263 = DIRECTION ( 'NONE',  ( 1.000000000000000000, 0.000000000000000000, 0.000000000000000000 ) ) ;
#5264 = LINE ( 'NONE', #4606, #3674 ) ;
#5265 = DIRECTION ( 'NONE',  ( 1.000000000000000000, -2.168404344970880185E-16, 0.000000000000000000 ) ) ;
#5266 = VECTOR ( 'NONE', #5870, 1000.000000000000000 ) ;
#5267 = FACE_OUTER_BOUND ( 'NONE', #1713, .T. ) ;
#5268 = AXIS2_PLACEMENT_3D ( 'NONE', #7301, #11116, #2579 ) ;
#5269 = EDGE_CURVE ( 'NONE', #9067, #6172, #11253, .T. ) ;
#5270 =( GEOMETRIC_REPRESENTATION_CONTEXT ( 3 ) GLOBAL_UNCERTAINTY_ASSIGNED_CONTEXT ( ( #11381 ) ) GLOBAL_UNIT_ASSIGNED_CONTEXT ( ( #4813, #4752, #7725 ) ) REPRESENTATION_CONTEXT ( 'NONE', 'WORKASPACE' ) );
#5271 = PRESENTATION_STYLE_ASSIGNMENT (( #8110 ) ) ;
#5272 = ORIENTED_EDGE ( 'NONE', *, *, #2270, .T. ) ;
#5273 = UNCERTAINTY_MEASURE_WITH_UNIT (LENGTH_MEASURE( 1.000000000000000082E-05 ), #8834, 'distance_accuracy_value', 'NONE');
#5274 = EDGE_LOOP ( 'NONE', ( #5728, #11164, #10042, #3778 ) ) ;
#5275 = VERTEX_POINT ( 'NONE', #2021 ) ;
#5276 = ORIENTED_EDGE ( 'NONE', *, *, #333, .T. ) ;
#5277 = FACE_OUTER_BOUND ( 'NONE', #2877, .T. ) ;
#5278 = FILL_AREA_STYLE_COLOUR ( '', #648 ) ;
#5279 = ORIENTED_EDGE ( 'NONE', *, *, #8594, .T. ) ;
#5280 = CIRCLE ( 'NONE', #8286, 7.100000000000000533 ) ;
#5281 = SURFACE_SIDE_STYLE ('',( #2287 ) ) ;
#5282 = CARTESIAN_POINT ( 'NONE',  ( -7.349999999999999645, 2.699999999999925127, 1.500000000000000000 ) ) ;
#5283 = EDGE_CURVE ( 'NONE', #2800, #2348, #11686, .T. ) ;
#5284 = DIRECTION ( 'NONE',  ( 0.000000000000000000, 0.000000000000000000, -1.000000000000000000 ) ) ;
#5285 = CARTESIAN_POINT ( 'NONE',  ( -10.14999999999999858, 3.199999999999900258, -4.500000000000000000 ) ) ;
#5286 = VECTOR ( 'NONE', #6714, 1000.000000000000000 ) ;
#5287 =( GEOMETRIC_REPRESENTATION_CONTEXT ( 3 ) GLOBAL_UNCERTAINTY_ASSIGNED_CONTEXT ( ( #9292 ) ) GLOBAL_UNIT_ASSIGNED_CONTEXT ( ( #6517, #9787, #7901 ) ) REPRESENTATION_CONTEXT ( 'NONE', 'WORKASPACE' ) );
#5288 = ORIENTED_EDGE ( 'NONE', *, *, #11302, .T. ) ;
#5289 = ORIENTED_EDGE ( 'NONE', *, *, #8471, .F. ) ;
#5290 = ORIENTED_EDGE ( 'NONE', *, *, #5912, .T. ) ;
#5291 = CARTESIAN_POINT ( 'NONE',  ( 7.150000000000000355, 3.200000000000000178, -4.500000000000000000 ) ) ;
#5292 = CARTESIAN_POINT ( 'NONE',  ( 3.499999638942034696, 10.00158978159489997, -1.199999999999999956 ) ) ;
#5293 = COLOUR_RGB ( '',0.2509803921568627416, 0.2509803921568627416, 0.2509803921568627416 ) ;
#5294 = UNCERTAINTY_MEASURE_WITH_UNIT (LENGTH_MEASURE( 1.000000000000000082E-05 ), #6263, 'distance_accuracy_value', 'NONE');
#5295 = VECTOR ( 'NONE', #8163, 1000.000000000000000 ) ;
#5296 = LINE ( 'NONE', #10003, #6839 ) ;
#5297 = SURFACE_STYLE_FILL_AREA ( #2715 ) ;
#5298 = CARTESIAN_POINT ( 'NONE',  ( 10.10976310729378014, 21.19461134518049761, 7.276099332938160025 ) ) ;
#5299 = DIRECTION ( 'NONE',  ( 0.000000000000000000, 0.000000000000000000, -1.000000000000000000 ) ) ;
#5300 = CARTESIAN_POINT ( 'NONE',  ( 7.849999999999999645, 0.5500000000000000444, -7.000000000000000000 ) ) ;
#5301 = EDGE_CURVE ( 'NONE', #127, #620, #10548, .T. ) ;
#5302 = DIRECTION ( 'NONE',  ( 0.000000000000000000, 0.000000000000000000, 1.000000000000000000 ) ) ;
#5303 = SURFACE_SIDE_STYLE ('',( #7322 ) ) ;
#5304 = COLOUR_RGB ( '',0.2509803921568627416, 0.2509803921568627416, 0.2509803921568627416 ) ;
#5305 = VECTOR ( 'NONE', #11535, 1000.000000000000000 ) ;
#5306 = ORIENTED_EDGE ( 'NONE', *, *, #5429, .T. ) ;
#5307 = PLANE ( 'NONE',  #3392 ) ;
#5308 = CARTESIAN_POINT ( 'NONE',  ( 4.385349954919130155, 12.08142318451944064, 6.799999999999999822 ) ) ;
#5309 = DIRECTION ( 'NONE',  ( -1.000000000000000000, 2.168404344970880185E-16, 0.000000000000000000 ) ) ;
#5310 = CARTESIAN_POINT ( 'NONE',  ( 2.475435743013954859, 7.525688402361390139, -1.199999999999999956 ) ) ;
#5311 = ADVANCED_FACE ( 'NONE', ( #5831 ), #2152, .F. ) ;
#5312 = EDGE_CURVE ( 'NONE', #9421, #5146, #11462, .T. ) ;
#5313 = PRESENTATION_STYLE_ASSIGNMENT (( #1497 ) ) ;
#5314 = AXIS2_PLACEMENT_3D ( 'NONE', #8709, #6957, #10708 ) ;
#5315 = CARTESIAN_POINT ( 'NONE',  ( 0.000000000000000000, 10.00000000000000000, 7.200000000000000178 ) ) ;
#5316 = FACE_OUTER_BOUND ( 'NONE', #2202, .T. ) ;
#5317 =( GEOMETRIC_REPRESENTATION_CONTEXT ( 3 ) GLOBAL_UNCERTAINTY_ASSIGNED_CONTEXT ( ( #11915 ) ) GLOBAL_UNIT_ASSIGNED_CONTEXT ( ( #1269, #7977, #11926 ) ) REPRESENTATION_CONTEXT ( 'NONE', 'WORKASPACE' ) );
#5318 = ORIENTED_EDGE ( 'NONE', *, *, #4276, .T. ) ;
#5319 = ORIENTED_EDGE ( 'NONE', *, *, #7091, .T. ) ;
#5320 = CARTESIAN_POINT ( 'NONE',  ( 3.499999638942034696, 10.00158978159489997, 6.799999999999999822 ) ) ;
#5321 = ORIENTED_EDGE ( 'NONE', *, *, #2874, .F. ) ;
#5322 = VECTOR ( 'NONE', #5723, 1000.000000000000000 ) ;
#5323 = CIRCLE ( 'NONE', #12343, 0.9000000000000000222 ) ;
#5324 = CARTESIAN_POINT ( 'NONE',  ( 2.850000000000000089, -3.000000000000000000, -8.000000000000000000 ) ) ;
#5325 =( GEOMETRIC_REPRESENTATION_CONTEXT ( 3 ) GLOBAL_UNCERTAINTY_ASSIGNED_CONTEXT ( ( #10906 ) ) GLOBAL_UNIT_ASSIGNED_CONTEXT ( ( #6068, #1318, #3421 ) ) REPRESENTATION_CONTEXT ( 'NONE', 'WORKASPACE' ) );
#5326 = DIRECTION ( 'NONE',  ( 0.000000000000000000, 0.000000000000000000, 1.000000000000000000 ) ) ;
#5327 =( LENGTH_UNIT ( ) NAMED_UNIT ( * ) SI_UNIT ( .MILLI., .METRE. ) );
#5328 = DIRECTION ( 'NONE',  ( 0.000000000000000000, 0.000000000000000000, -1.000000000000000000 ) ) ;
#5329 = CARTESIAN_POINT ( 'NONE',  ( 10.05000000000000071, 8.599999999999999645, 7.500000000000000000 ) ) ;
#5330 = FACE_OUTER_BOUND ( 'NONE', #1591, .T. ) ;
#5331 = ADVANCED_FACE ( 'NONE', ( #11754 ), #143, .T. ) ;
#5332 = SURFACE_STYLE_FILL_AREA ( #6394 ) ;
#5333 = VECTOR ( 'NONE', #2784, 1000.000000000000000 ) ;
#5334 = ORIENTED_EDGE ( 'NONE', *, *, #11329, .T. ) ;
#5335 = ORIENTED_EDGE ( 'NONE', *, *, #8746, .F. ) ;
#5336 = ORIENTED_EDGE ( 'NONE', *, *, #7042, .F. ) ;
#5337 = ORIENTED_EDGE ( 'NONE', *, *, #12079, .T. ) ;
#5338 = EDGE_CURVE ( 'NONE', #3186, #7922, #1523, .T. ) ;
#5339 = ORIENTED_EDGE ( 'NONE', *, *, #1180, .F. ) ;
#5340 = CARTESIAN_POINT ( 'NONE',  ( 3.499999638942034696, 10.00158978159489997, -1.199999999999999956 ) ) ;
#5341 = CYLINDRICAL_SURFACE ( 'NONE', #572, 0.2500000000000000000 ) ;
#5342 = COLOUR_RGB ( '',0.2509803921568627416, 0.2509803921568627416, 0.2509803921568627416 ) ;
#5343 = CARTESIAN_POINT ( 'NONE',  ( 0.000000000000000000, 10.00000000000000000, 7.500000000000000000 ) ) ;
#5344 = MECHANICAL_DESIGN_GEOMETRIC_PRESENTATION_REPRESENTATION (  '', ( #10969 ), #8555 ) ;
#5345 = ORIENTED_EDGE ( 'NONE', *, *, #7156, .F. ) ;
#5346 = ORIENTED_EDGE ( 'NONE', *, *, #3566, .F. ) ;
#5347 = EDGE_CURVE ( 'NONE', #8639, #1247, #2346, .T. ) ;
#5348 = EDGE_LOOP ( 'NONE', ( #11094, #9763, #6159, #4250 ) ) ;
#5349 =( NAMED_UNIT ( * ) PLANE_ANGLE_UNIT ( ) SI_UNIT ( $, .RADIAN. ) );
#5350 = CYLINDRICAL_SURFACE ( 'NONE', #1903, 1.099999999999999423 ) ;
#5351 = VECTOR ( 'NONE', #7059, 1000.000000000000000 ) ;
#5352 = LINE ( 'NONE', #11958, #12249 ) ;
#5353 = DIRECTION ( 'NONE',  ( 1.000000000000000000, 0.000000000000000000, 0.000000000000000000 ) ) ;
#5354 =( NAMED_UNIT ( * ) PLANE_ANGLE_UNIT ( ) SI_UNIT ( $, .RADIAN. ) );
#5355 = AXIS2_PLACEMENT_3D ( 'NONE', #11193, #915, #10369 ) ;
#5356 = CARTESIAN_POINT ( 'NONE',  ( 7.849999999999999645, 16.65000000000000213, -9.549747468305810116 ) ) ;
#5357 = DIRECTION ( 'NONE',  ( 1.000000000000000000, 1.298436238251450266E-29, 0.000000000000000000 ) ) ;
#5358 = DIRECTION ( 'NONE',  ( -0.7071067811865721087, 8.659560562355229914E-17, 0.7071067811865230368 ) ) ;
#5359 = STYLED_ITEM ( 'NONE', ( #7852 ), #71 ) ;
#5360 = PRESENTATION_LAYER_ASSIGNMENT (  '', '', ( #10774 ) ) ;
#5361 = VERTEX_POINT ( 'NONE', #2398 ) ;
#5362 = VECTOR ( 'NONE', #10554, 1000.000000000000000 ) ;
#5363 = ADVANCED_FACE ( 'NONE', ( #7996 ), #7054, .F. ) ;
#5364 = VERTEX_POINT ( 'NONE', #3449 ) ;
#5365 = CARTESIAN_POINT ( 'NONE',  ( -7.849999999999999645, 0.5500000000000000444, -8.500000000000000000 ) ) ;
#5366 = CARTESIAN_POINT ( 'NONE',  ( 3.500000000000000000, -7.828123272804480478E-16, 7.299999999999999822 ) ) ;
#5367 = CARTESIAN_POINT ( 'NONE',  ( 10.11464466094068015, 21.19999999999999929, 7.299999999999999822 ) ) ;
#5368 = DIRECTION ( 'NONE',  ( 1.000000000000000000, 0.000000000000000000, 0.000000000000000000 ) ) ;
#5369 = CIRCLE ( 'NONE', #1892, 7.299999999999999822 ) ;
#5370 = LINE ( 'NONE', #7333, #3731 ) ;
#5371 =( GEOMETRIC_REPRESENTATION_CONTEXT ( 3 ) GLOBAL_UNCERTAINTY_ASSIGNED_CONTEXT ( ( #7292 ) ) GLOBAL_UNIT_ASSIGNED_CONTEXT ( ( #8109, #6152, #6219 ) ) REPRESENTATION_CONTEXT ( 'NONE', 'WORKASPACE' ) );
#5372 = CARTESIAN_POINT ( 'NONE',  ( 10.35200000000000031, 21.16219703591989898, 7.316158502544300113 ) ) ;
#5373 = FILL_AREA_STYLE_COLOUR ( '', #3176 ) ;
#5374 = ORIENTED_EDGE ( 'NONE', *, *, #5820, .F. ) ;
#5375 = ORIENTED_EDGE ( 'NONE', *, *, #1852, .T. ) ;
#5376 = SURFACE_SIDE_STYLE ('',( #9155 ) ) ;
#5377 = EDGE_CURVE ( 'NONE', #4975, #9171, #3271, .T. ) ;
#5378 = EDGE_CURVE ( 'NONE', #5638, #1972, #1649, .T. ) ;
#5379 = CARTESIAN_POINT ( 'NONE',  ( 4.396574867224590122, 10.08002995006780012, -1.199999999999999956 ) ) ;
#5380 = AXIS2_PLACEMENT_3D ( 'NONE', #11458, #9767, #2853 ) ;
#5381 = AXIS2_PLACEMENT_3D ( 'NONE', #5105, #3226, #7081 ) ;
#5382 = FACE_OUTER_BOUND ( 'NONE', #1344, .T. ) ;
#5383 = CARTESIAN_POINT ( 'NONE',  ( 2.000000000000000000, 1.899999999999999911, 5.100000000000000533 ) ) ;
#5384 = CARTESIAN_POINT ( 'NONE',  ( 4.646130973617869309, 9.963660026517279888, -1.199999999999999956 ) ) ;
#5385 = STYLED_ITEM ( 'NONE', ( #6800 ), #1744 ) ;
#5386 = LINE ( 'NONE', #512, #4397 ) ;
#5387 = DIRECTION ( 'NONE',  ( -2.409338161078775428E-16, -1.000000000000000000, 8.960013458308850406E-31 ) ) ;
#5388 = VECTOR ( 'NONE', #1598, 1000.000000000000000 ) ;
#5389 = FACE_OUTER_BOUND ( 'NONE', #5511, .T. ) ;
#5390 = ORIENTED_EDGE ( 'NONE', *, *, #8798, .F. ) ;
#5391 = UNCERTAINTY_MEASURE_WITH_UNIT (LENGTH_MEASURE( 1.000000000000000082E-05 ), #1211, 'distance_accuracy_value', 'NONE');
#5392 = ORIENTED_EDGE ( 'NONE', *, *, #6861, .T. ) ;
#5393 = ORIENTED_EDGE ( 'NONE', *, *, #215, .F. ) ;
#5394 = EDGE_LOOP ( 'NONE', ( #9236, #5482, #7704, #10715 ) ) ;
#5395 = DIRECTION ( 'NONE',  ( 1.000000000000000000, 0.000000000000000000, -7.575408038632519885E-31 ) ) ;
#5396 = EDGE_CURVE ( 'NONE', #144, #7845, #2284, .T. ) ;
#5397 = FILL_AREA_STYLE ('',( #5278 ) ) ;
#5398 = ORIENTED_EDGE ( 'NONE', *, *, #5239, .F. ) ;
#5399 = SURFACE_STYLE_USAGE ( .BOTH. , #593 ) ;
#5400 = VECTOR ( 'NONE', #4899, 1000.000000000000000 ) ;
#5401 =( LENGTH_UNIT ( ) NAMED_UNIT ( * ) SI_UNIT ( .MILLI., .METRE. ) );
#5402 = SURFACE_SIDE_STYLE ('',( #11006 ) ) ;
#5403 = ORIENTED_EDGE ( 'NONE', *, *, #3023, .F. ) ;
#5404 = VECTOR ( 'NONE', #778, 1000.000000000000000 ) ;
#5405 = ORIENTED_EDGE ( 'NONE', *, *, #10138, .T. ) ;
#5406 = DIRECTION ( 'NONE',  ( 3.718869191154470885E-15, 2.414357261555910084E-44, 1.000000000000000000 ) ) ;
#5407 = EDGE_LOOP ( 'NONE', ( #6865, #2949, #4827, #6787 ) ) ;
#5408 = DIRECTION ( 'NONE',  ( 2.409338161078775428E-16, 1.000000000000000000, 0.000000000000000000 ) ) ;
#5409 = DIRECTION ( 'NONE',  ( -1.000000000000000000, 0.000000000000000000, 0.000000000000000000 ) ) ;
#5410 = FILL_AREA_STYLE_COLOUR ( '', #1036 ) ;
#5411 = FACE_OUTER_BOUND ( 'NONE', #4283, .T. ) ;
#5412 = DIRECTION ( 'NONE',  ( 0.000000000000000000, -1.000000000000000000, -7.589415207398510528E-15 ) ) ;
#5413 = FILL_AREA_STYLE_COLOUR ( '', #460 ) ;
#5414 = SURFACE_SIDE_STYLE ('',( #1600 ) ) ;
#5415 = SURFACE_STYLE_USAGE ( .BOTH. , #10367 ) ;
#5416 =( GEOMETRIC_REPRESENTATION_CONTEXT ( 3 ) GLOBAL_UNCERTAINTY_ASSIGNED_CONTEXT ( ( #6058 ) ) GLOBAL_UNIT_ASSIGNED_CONTEXT ( ( #8575, #7463, #2741 ) ) REPRESENTATION_CONTEXT ( 'NONE', 'WORKASPACE' ) );
#5417 = DIRECTION ( 'NONE',  ( 0.000000000000000000, 2.168404344971015031E-16, -1.000000000000000000 ) ) ;
#5418 = FILL_AREA_STYLE ('',( #7261 ) ) ;
#5419 = EDGE_CURVE ( 'NONE', #5465, #1576, #10047, .T. ) ;
#5420 = ORIENTED_EDGE ( 'NONE', *, *, #845, .T. ) ;
#5421 = VECTOR ( 'NONE', #7961, 1000.000000000000000 ) ;
#5422 = ORIENTED_EDGE ( 'NONE', *, *, #9947, .T. ) ;
#5423 =( LENGTH_UNIT ( ) NAMED_UNIT ( * ) SI_UNIT ( .MILLI., .METRE. ) );
#5424 = DIRECTION ( 'NONE',  ( 1.000000000000000000, 0.000000000000000000, 0.000000000000000000 ) ) ;
#5425 = DIRECTION ( 'NONE',  ( 0.000000000000000000, 0.000000000000000000, 1.000000000000000000 ) ) ;
#5426 = SURFACE_STYLE_FILL_AREA ( #3361 ) ;
#5427 = ADVANCED_FACE ( 'NONE', ( #11820 ), #8991, .F. ) ;
#5428 = AXIS2_PLACEMENT_3D ( 'NONE', #4031, #10755, #10561 ) ;
#5429 = EDGE_CURVE ( 'NONE', #10784, #1490, #1407, .T. ) ;
#5430 = VECTOR ( 'NONE', #9209, 1000.000000000000000 ) ;
#5431 = VERTEX_POINT ( 'NONE', #6344 ) ;
#5432 = VERTEX_POINT ( 'NONE', #10110 ) ;
#5433 = CARTESIAN_POINT ( 'NONE',  ( -10.14999999999999858, -1.007428132792079774E-13, -11.25000000000000000 ) ) ;
#5434 = CARTESIAN_POINT ( 'NONE',  ( -10.14999999999999858, 0.9999999999999009681, -2.699999999999950440 ) ) ;
#5435 = PLANE ( 'NONE',  #2512 ) ;
#5436 = DIRECTION ( 'NONE',  ( -7.532798415146101022E-29, 7.589415207398510528E-15, -1.000000000000000000 ) ) ;
#5437 =( LENGTH_UNIT ( ) NAMED_UNIT ( * ) SI_UNIT ( .MILLI., .METRE. ) );
#5438 = STYLED_ITEM ( 'NONE', ( #7437 ), #10328 ) ;
#5439 = CARTESIAN_POINT ( 'NONE',  ( 0.000000000000000000, -4.256137041440224925E-14, 5.499999999999909406 ) ) ;
#5440 = SURFACE_SIDE_STYLE ('',( #2619 ) ) ;
#5441 = CIRCLE ( 'NONE', #10052, 7.200000000000000178 ) ;
#5442 = DIRECTION ( 'NONE',  ( 9.757819552369535173E-15, -1.000000000000000000, -7.589415207398527883E-15 ) ) ;
#5443 = DIRECTION ( 'NONE',  ( 0.000000000000000000, -7.589415207398510528E-15, 1.000000000000000000 ) ) ;
#5444 = DIRECTION ( 'NONE',  ( 0.000000000000000000, 0.000000000000000000, 1.000000000000000000 ) ) ;
#5445 = EDGE_CURVE ( 'NONE', #1286, #10705, #4241, .T. ) ;
#5446 = VECTOR ( 'NONE', #314, 1000.000000000000000 ) ;
#5447 = VERTEX_POINT ( 'NONE', #11947 ) ;
#5448 = VECTOR ( 'NONE', #11315, 1000.000000000000000 ) ;
#5449 = ORIENTED_EDGE ( 'NONE', *, *, #6124, .F. ) ;
#5450 = VERTEX_POINT ( 'NONE', #7181 ) ;
#5451 = ORIENTED_EDGE ( 'NONE', *, *, #11505, .T. ) ;
#5452 = CARTESIAN_POINT ( 'NONE',  ( -3.035724311311005064, 5.655240135171010429, -1.199999999999999956 ) ) ;
#5453 = LINE ( 'NONE', #10656, #2644 ) ;
#5454 = CIRCLE ( 'NONE', #68, 7.200000000000000178 ) ;
#5455 = VECTOR ( 'NONE', #9357, 1000.000000000000227 ) ;
#5456 = PLANE ( 'NONE',  #4455 ) ;
#5457 = VECTOR ( 'NONE', #2260, 1000.000000000000000 ) ;
#5458 = CARTESIAN_POINT ( 'NONE',  ( -5.349999999999999645, 3.200000000000000178, -8.500000000000000000 ) ) ;
#5459 = ADVANCED_FACE ( 'NONE', ( #10997 ), #11167, .T. ) ;
#5460 = EDGE_CURVE ( 'NONE', #3685, #309, #12243, .T. ) ;
#5461 = SURFACE_STYLE_FILL_AREA ( #3571 ) ;
#5462 = FACE_OUTER_BOUND ( 'NONE', #7647, .T. ) ;
#5464 = EDGE_LOOP ( 'NONE', ( #6340, #6221, #3266, #6300 ) ) ;
#5463 = CIRCLE ( 'NONE', #78, 7.299999999999999822 ) ;
#5465 = VERTEX_POINT ( 'NONE', #11229 ) ;
#5466 = VERTEX_POINT ( 'NONE', #1702 ) ;
#5467 = FACE_OUTER_BOUND ( 'NONE', #7891, .T. ) ;
#5468 = CIRCLE ( 'NONE', #80, 8.400000000000000355 ) ;
#5469 = ORIENTED_EDGE ( 'NONE', *, *, #8426, .F. ) ;
#5470 =( NAMED_UNIT ( * ) PLANE_ANGLE_UNIT ( ) SI_UNIT ( $, .RADIAN. ) );
#5471 = CARTESIAN_POINT ( 'NONE',  ( 5.031806216528360132, 8.790776580121079320, 6.799999999999999822 ) ) ;
#5472 =( NAMED_UNIT ( * ) PLANE_ANGLE_UNIT ( ) SI_UNIT ( $, .RADIAN. ) );
#5473 =( LENGTH_UNIT ( ) NAMED_UNIT ( * ) SI_UNIT ( .MILLI., .METRE. ) );
#5474 = FACE_OUTER_BOUND ( 'NONE', #8231, .T. ) ;
#5475 = EDGE_CURVE ( 'NONE', #7417, #11730, #6648, .T. ) ;
#5476 = VECTOR ( 'NONE', #11752, 1000.000000000000000 ) ;
#5477 = STYLED_ITEM ( 'NONE', ( #9286 ), #1474 ) ;
#5478 = CARTESIAN_POINT ( 'NONE',  ( 2.850000000000000089, 0.5500000000000000444, -8.000000000000000000 ) ) ;
#5479 =( LENGTH_UNIT ( ) NAMED_UNIT ( * ) SI_UNIT ( .MILLI., .METRE. ) );
#5480 = CARTESIAN_POINT ( 'NONE',  ( -2.850000000000000089, 0.5500000000000000444, -8.500000000000000000 ) ) ;
#5481 = ORIENTED_EDGE ( 'NONE', *, *, #7886, .F. ) ;
#5482 = ORIENTED_EDGE ( 'NONE', *, *, #10794, .F. ) ;
#5483 = DIRECTION ( 'NONE',  ( 0.000000000000000000, 0.000000000000000000, 1.000000000000000000 ) ) ;
#5484 = EDGE_CURVE ( 'NONE', #309, #7118, #9354, .T. ) ;
#5485 = CARTESIAN_POINT ( 'NONE',  ( 2.677937912262149833, 1.248742956551454064, 6.799999999999999822 ) ) ;
#5486 = DIRECTION ( 'NONE',  ( -1.000000000000000000, 0.000000000000000000, 0.000000000000000000 ) ) ;
#5487 = CARTESIAN_POINT ( 'NONE',  ( -2.850000000000000089, 3.200000000000000178, -4.500000000000000000 ) ) ;
#5488 =( LENGTH_UNIT ( ) NAMED_UNIT ( * ) SI_UNIT ( .MILLI., .METRE. ) );
#5489 = VECTOR ( 'NONE', #254, 1000.000000000000000 ) ;
#5490 = SURFACE_SIDE_STYLE ('',( #2607 ) ) ;
#5491 = LINE ( 'NONE', #9045, #377 ) ;
#5492 = ORIENTED_EDGE ( 'NONE', *, *, #2791, .F. ) ;
#5493 = VERTEX_POINT ( 'NONE', #12372 ) ;
#5494 = AXIS2_PLACEMENT_3D ( 'NONE', #4485, #11268, #1559 ) ;
#5495 = CARTESIAN_POINT ( 'NONE',  ( 2.399999999999999911, -3.500000000000000000, 4.899999999999999467 ) ) ;
#5496 =( NAMED_UNIT ( * ) SI_UNIT ( $, .STERADIAN. ) SOLID_ANGLE_UNIT ( ) );
#5497 = MECHANICAL_DESIGN_GEOMETRIC_PRESENTATION_REPRESENTATION (  '', ( #6111 ), #8720 ) ;
#5498 = CARTESIAN_POINT ( 'NONE',  ( -2.473186941766180258, 12.47655937766027989, -1.199999999999999956 ) ) ;
#5499 = ADVANCED_FACE ( 'NONE', ( #1817 ), #9551, .T. ) ;
#5500 = CARTESIAN_POINT ( 'NONE',  ( 3.000000000000000000, 1.949999999999999956, 7.250000000000000000 ) ) ;
#5501 = FACE_OUTER_BOUND ( 'NONE', #5777, .T. ) ;
#5502 = DIRECTION ( 'NONE',  ( 0.9063077870366561539, 0.4226182617406860631, 0.000000000000000000 ) ) ;
#5503 = STYLED_ITEM ( 'NONE', ( #11100 ), #1987 ) ;
#5504 = LINE ( 'NONE', #10459, #10576 ) ;
#5505 = DIRECTION ( 'NONE',  ( 0.000000000000000000, 0.000000000000000000, 1.000000000000000000 ) ) ;
#5506 = EDGE_CURVE ( 'NONE', #5128, #8544, #8535, .T. ) ;
#5507 = SURFACE_STYLE_FILL_AREA ( #1635 ) ;
#5508 = COLOUR_RGB ( '',0.2509803921568627416, 0.2509803921568627416, 0.2509803921568627416 ) ;
#5509 =( NAMED_UNIT ( * ) SI_UNIT ( $, .STERADIAN. ) SOLID_ANGLE_UNIT ( ) );
#5510 = EDGE_LOOP ( 'NONE', ( #2062, #10957, #962, #4630 ) ) ;
#5511 = EDGE_LOOP ( 'NONE', ( #1876, #1343, #1574, #6233 ) ) ;
#5512 = ORIENTED_EDGE ( 'NONE', *, *, #4153, .T. ) ;
#5513 = VECTOR ( 'NONE', #9025, 1000.000000000000000 ) ;
#5514 = PRESENTATION_LAYER_ASSIGNMENT (  '', '', ( #10940 ) ) ;
#5515 = ORIENTED_EDGE ( 'NONE', *, *, #4980, .T. ) ;
#5516 = DIRECTION ( 'NONE',  ( 8.182657905550979512E-17, -1.000000000000000000, -7.589415207398510528E-15 ) ) ;
#5517 = UNCERTAINTY_MEASURE_WITH_UNIT (LENGTH_MEASURE( 1.000000000000000082E-05 ), #10924, 'distance_accuracy_value', 'NONE');
#5518 = EDGE_CURVE ( 'NONE', #1621, #3332, #5573, .T. ) ;
#5519 = CARTESIAN_POINT ( 'NONE',  ( 3.000000000000000000, 1.899999999999999911, 7.250000000000000000 ) ) ;
#5520 = CARTESIAN_POINT ( 'NONE',  ( 2.475435743014045009, 8.425688402361471319, -1.199999999999999956 ) ) ;
#5521 = CARTESIAN_POINT ( 'NONE',  ( -10.11464466094063930, 21.39999999999999858, 7.250000000000000000 ) ) ;
#5522 = ORIENTED_EDGE ( 'NONE', *, *, #8901, .T. ) ;
#5523 = EDGE_LOOP ( 'NONE', ( #4514, #2790, #11891, #4133 ) ) ;
#5524 = ORIENTED_EDGE ( 'NONE', *, *, #5237, .T. ) ;
#5525 = CARTESIAN_POINT ( 'NONE',  ( 1.649999999999999911, 9.819189486661180344E-16, -4.500000000000000000 ) ) ;
#5526 = MECHANICAL_DESIGN_GEOMETRIC_PRESENTATION_REPRESENTATION (  '', ( #9949 ), #4519 ) ;
#5527 = EDGE_CURVE ( 'NONE', #10528, #226, #7481, .T. ) ;
#5528 = DIRECTION ( 'NONE',  ( 0.000000000000000000, 2.168404344971015031E-16, -1.000000000000000000 ) ) ;
#5529 = ORIENTED_EDGE ( 'NONE', *, *, #7575, .T. ) ;
#5530 = EDGE_CURVE ( 'NONE', #10074, #1951, #2633, .T. ) ;
#5531 = DIRECTION ( 'NONE',  ( 0.000000000000000000, 0.000000000000000000, 1.000000000000000000 ) ) ;
#5532 = LINE ( 'NONE', #1597, #10044 ) ;
#5533 = CARTESIAN_POINT ( 'NONE',  ( 2.755890891981089956E-14, 6.500000000000000000, -1.199999999999999956 ) ) ;
#5534 = FACE_OUTER_BOUND ( 'NONE', #2663, .T. ) ;
#5535 = FILL_AREA_STYLE_COLOUR ( '', #12152 ) ;
#5536 = DIRECTION ( 'NONE',  ( 3.898255002194944702E-16, 1.000000000000000000, -1.449710042692682015E-30 ) ) ;
#5537 = DIRECTION ( 'NONE',  ( -1.000000000000000000, 0.000000000000000000, 0.000000000000000000 ) ) ;
#5538 = ORIENTED_EDGE ( 'NONE', *, *, #5540, .T. ) ;
#5539 = EDGE_LOOP ( 'NONE', ( #7751, #4920 ) ) ;
#5540 = EDGE_CURVE ( 'NONE', #1358, #5581, #8348, .T. ) ;
#5541 = AXIS2_PLACEMENT_3D ( 'NONE', #1678, #2859, #865 ) ;
#5542 = DIRECTION ( 'NONE',  ( 0.000000000000000000, 0.000000000000000000, 1.000000000000000000 ) ) ;
#5543 = SURFACE_STYLE_USAGE ( .BOTH. , #8323 ) ;
#5544 = SURFACE_SIDE_STYLE ('',( #9387 ) ) ;
#5545 = DIRECTION ( 'NONE',  ( -7.575408038632519885E-31, -1.642654770589905138E-46, -1.000000000000000000 ) ) ;
#5546 = CARTESIAN_POINT ( 'NONE',  ( -7.349999999999999645, 2.700000000000000178, 7.299999999999999822 ) ) ;
#5547 = DIRECTION ( 'NONE',  ( 3.252606517456510541E-15, 6.982962677686270655E-15, -1.000000000000000000 ) ) ;
#5548 = CARTESIAN_POINT ( 'NONE',  ( -0.4500000000000139999, 8.699999999999999289, -1.199999999999999956 ) ) ;
#5549 = SURFACE_STYLE_USAGE ( .BOTH. , #9525 ) ;
#5550 = AXIS2_PLACEMENT_3D ( 'NONE', #6053, #9889, #1121 ) ;
#5551 = ORIENTED_EDGE ( 'NONE', *, *, #4376, .F. ) ;
#5552 = VERTEX_POINT ( 'NONE', #4693 ) ;
#5553 = LINE ( 'NONE', #1802, #8275 ) ;
#5554 = VERTEX_POINT ( 'NONE', #11294 ) ;
#5555 = SURFACE_SIDE_STYLE ('',( #2804 ) ) ;
#5556 = DIRECTION ( 'NONE',  ( 0.000000000000000000, 0.000000000000000000, 1.000000000000000000 ) ) ;
#5557 = VECTOR ( 'NONE', #6217, 1000.000000000000000 ) ;
#5558 = DIRECTION ( 'NONE',  ( 1.000000000000000000, 5.782411586589360400E-15, 0.000000000000000000 ) ) ;
#5559 = LINE ( 'NONE', #3611, #6277 ) ;
#5560 = CARTESIAN_POINT ( 'NONE',  ( -2.149999999999999911, 0.5500000000000000444, -8.000000000000000000 ) ) ;
#5561 = CARTESIAN_POINT ( 'NONE',  ( -0.4500000000000000111, 5.720577136593999690, -1.199999999999999956 ) ) ;
#5562 = FILL_AREA_STYLE ('',( #7530 ) ) ;
#5563 = FILL_AREA_STYLE_COLOUR ( '', #2932 ) ;
#5564 = DIRECTION ( 'NONE',  ( 0.000000000000000000, 0.000000000000000000, -1.000000000000000000 ) ) ;
#5565 = CARTESIAN_POINT ( 'NONE',  ( -10.09999999999999964, 8.900000000000000355, 7.250000000000000000 ) ) ;
#5566 = EDGE_LOOP ( 'NONE', ( #1326, #10701, #5947, #7476 ) ) ;
#5567 = EDGE_CURVE ( 'NONE', #2095, #9408, #12302, .T. ) ;
#5568 =( GEOMETRIC_REPRESENTATION_CONTEXT ( 3 ) GLOBAL_UNCERTAINTY_ASSIGNED_CONTEXT ( ( #6606 ) ) GLOBAL_UNIT_ASSIGNED_CONTEXT ( ( #4177, #10900, #3359 ) ) REPRESENTATION_CONTEXT ( 'NONE', 'WORKASPACE' ) );
#5569 = ORIENTED_EDGE ( 'NONE', *, *, #2750, .F. ) ;
#5570 = ORIENTED_EDGE ( 'NONE', *, *, #7073, .T. ) ;
#5571 = ORIENTED_EDGE ( 'NONE', *, *, #5224, .F. ) ;
#5572 = VECTOR ( 'NONE', #10257, 1000.000000000000227 ) ;
#5573 = LINE ( 'NONE', #5637, #666 ) ;
#5574 = CARTESIAN_POINT ( 'NONE',  ( 10.14999999999999858, 21.10000000000000142, 7.200000000000000178 ) ) ;
#5575 = VECTOR ( 'NONE', #612, 1000.000000000000000 ) ;
#5576 =( NAMED_UNIT ( * ) SI_UNIT ( $, .STERADIAN. ) SOLID_ANGLE_UNIT ( ) );
#5577 = STYLED_ITEM ( 'NONE', ( #4942 ), #1942 ) ;
#5578 = DIRECTION ( 'NONE',  ( 0.4999999999999998890, 0.8660254037844387076, 0.000000000000000000 ) ) ;
#5579 = CARTESIAN_POINT ( 'NONE',  ( -2.473186941766180258, 12.47655937766027989, -1.199999999999999956 ) ) ;
#5580 = EDGE_CURVE ( 'NONE', #5739, #5123, #8462, .T. ) ;
#5581 = VERTEX_POINT ( 'NONE', #4633 ) ;
#5582 = ORIENTED_EDGE ( 'NONE', *, *, #10693, .F. ) ;
#5583 = ORIENTED_EDGE ( 'NONE', *, *, #9545, .F. ) ;
#5584 = DIRECTION ( 'NONE',  ( 9.925400323074659393E-15, -1.000000000000000000, -7.537786532518269223E-15 ) ) ;
#5585 = VECTOR ( 'NONE', #10423, 1000.000000000000000 ) ;
#5586 = COLOUR_RGB ( '',0.2509803921568627416, 0.2509803921568627416, 0.2509803921568627416 ) ;
#5587 = ORIENTED_EDGE ( 'NONE', *, *, #9727, .T. ) ;
#5588 = CARTESIAN_POINT ( 'NONE',  ( 7.849999999999999645, 0.5500000000000000444, -4.500000000000000000 ) ) ;
#5589 = DIRECTION ( 'NONE',  ( 0.000000000000000000, 0.000000000000000000, -1.000000000000000000 ) ) ;
#5590 = DIRECTION ( 'NONE',  ( -1.000000000000000000, 0.000000000000000000, 0.000000000000000000 ) ) ;
#5591 = FACE_BOUND ( 'NONE', #2921, .T. ) ;
#5592 = CARTESIAN_POINT ( 'NONE',  ( -0.4500000000000139999, 8.699999999999999289, -1.199999999999999956 ) ) ;
#5593 = CARTESIAN_POINT ( 'NONE',  ( -10.11312550038430125, 21.15244740198999907, 7.299999999999999822 ) ) ;
#5594 = CARTESIAN_POINT ( 'NONE',  ( -3.500000000000000000, -7.828123272804930129E-16, 7.500000000000000000 ) ) ;
#5595 = UNCERTAINTY_MEASURE_WITH_UNIT (LENGTH_MEASURE( 1.000000000000000082E-05 ), #2026, 'distance_accuracy_value', 'NONE');
#5596 = DIRECTION ( 'NONE',  ( 0.000000000000000000, 0.000000000000000000, 1.000000000000000000 ) ) ;
#5597 = CARTESIAN_POINT ( 'NONE',  ( 3.200000000000000178, 1.899999999999999911, -17.80452084174450178 ) ) ;
#5598 = EDGE_CURVE ( 'NONE', #12012, #6660, #5453, .T. ) ;
#5599 = ADVANCED_FACE ( 'NONE', ( #77 ), #4753, .F. ) ;
#5600 = SURFACE_STYLE_FILL_AREA ( #7632 ) ;
#5601 = ORIENTED_EDGE ( 'NONE', *, *, #3508, .F. ) ;
#5602 = ORIENTED_EDGE ( 'NONE', *, *, #348, .F. ) ;
#5603 = LINE ( 'NONE', #10311, #3986 ) ;
#5604 = CYLINDRICAL_SURFACE ( 'NONE', #5428, 0.8999999999999998002 ) ;
#5605 = LINE ( 'NONE', #859, #8393 ) ;
#5606 = MECHANICAL_DESIGN_GEOMETRIC_PRESENTATION_REPRESENTATION (  '', ( #6817 ), #819 ) ;
#5607 = DIRECTION ( 'NONE',  ( 1.000000000000000000, 0.000000000000000000, 0.000000000000000000 ) ) ;
#5608 = DIRECTION ( 'NONE',  ( -4.962700161537330485E-15, 1.000000000000000000, 0.000000000000000000 ) ) ;
#5609 = LINE ( 'NONE', #3660, #5143 ) ;
#5610 =( NAMED_UNIT ( * ) PLANE_ANGLE_UNIT ( ) SI_UNIT ( $, .RADIAN. ) );
#5611 = CARTESIAN_POINT ( 'NONE',  ( -5.031806216528360132, 8.790776580121079320, -1.199999999999999956 ) ) ;
#5612 = FACE_OUTER_BOUND ( 'NONE', #12133, .T. ) ;
#5613 = EDGE_CURVE ( 'NONE', #9229, #6538, #6838, .T. ) ;
#5614 = EDGE_CURVE ( 'NONE', #7247, #307, #9266, .T. ) ;
#5615 = VERTEX_POINT ( 'NONE', #2068 ) ;
#5616 = VECTOR ( 'NONE', #1191, 1000.000000000000114 ) ;
#5617 = CARTESIAN_POINT ( 'NONE',  ( 7.150000000000000355, 3.200000000000000178, -8.500000000000000000 ) ) ;
#5618 = ORIENTED_EDGE ( 'NONE', *, *, #10247, .T. ) ;
#5619 = DIRECTION ( 'NONE',  ( 0.000000000000000000, 0.000000000000000000, -1.000000000000000000 ) ) ;
#5620 = DIRECTION ( 'NONE',  ( 0.000000000000000000, 0.000000000000000000, 1.000000000000000000 ) ) ;
#5621 = DIRECTION ( 'NONE',  ( 1.000000000000000000, 0.000000000000000000, -7.575408038632519885E-31 ) ) ;
#5622 = PRESENTATION_STYLE_ASSIGNMENT (( #9536 ) ) ;
#5623 = CARTESIAN_POINT ( 'NONE',  ( -4.646130973617689897, 9.963660026517349166, 6.799999999999999822 ) ) ;
#5624 = PLANE ( 'NONE',  #3191 ) ;
#5625 = VECTOR ( 'NONE', #11734, 1000.000000000000000 ) ;
#5626 = AXIS2_PLACEMENT_3D ( 'NONE', #2168, #7074, #4349 ) ;
#5627 = DIRECTION ( 'NONE',  ( 0.000000000000000000, 1.000000000000000000, 0.000000000000000000 ) ) ;
#5628 = EDGE_CURVE ( 'NONE', #1330, #537, #4996, .T. ) ;
#5629 = DIRECTION ( 'NONE',  ( 0.000000000000000000, -1.000000000000000000, 0.000000000000000000 ) ) ;
#5630 = VERTEX_POINT ( 'NONE', #7785 ) ;
#5631 = EDGE_LOOP ( 'NONE', ( #2022, #9052, #5743, #8822 ) ) ;
#5632 = ORIENTED_EDGE ( 'NONE', *, *, #10630, .F. ) ;
#5633 = MECHANICAL_DESIGN_GEOMETRIC_PRESENTATION_REPRESENTATION (  '', ( #6043 ), #1651 ) ;
#5634 = EDGE_LOOP ( 'NONE', ( #4764, #12366, #2996, #4888 ) ) ;
#5635 = FILL_AREA_STYLE ('',( #1816 ) ) ;
#5636 = STYLED_ITEM ( 'NONE', ( #9710 ), #7325 ) ;
#5637 = CARTESIAN_POINT ( 'NONE',  ( 0.4500000000002539746, 1.430264645902977647E-14, 6.799999999999999822 ) ) ;
#5638 = VERTEX_POINT ( 'NONE', #5953 ) ;
#5639 = EDGE_CURVE ( 'NONE', #8544, #12015, #11739, .T. ) ;
#5640 = DIRECTION ( 'NONE',  ( 0.000000000000000000, -1.000000000000000000, 0.000000000000000000 ) ) ;
#5641 = AXIS2_PLACEMENT_3D ( 'NONE', #4080, #10741, #1099 ) ;
#5642 = PRESENTATION_LAYER_ASSIGNMENT (  '', '', ( #11886 ) ) ;
#5643 = CARTESIAN_POINT ( 'NONE',  ( 10.11464466094068015, 20.40000000000000213, 5.500000000000070166 ) ) ;
#5644 = VERTEX_POINT ( 'NONE', #10789 ) ;
#5645 = ORIENTED_EDGE ( 'NONE', *, *, #4621, .T. ) ;
#5646 = EDGE_LOOP ( 'NONE', ( #6139, #3135, #6342, #3701 ) ) ;
#5647 = ORIENTED_EDGE ( 'NONE', *, *, #9418, .F. ) ;
#5648 =( NAMED_UNIT ( * ) PLANE_ANGLE_UNIT ( ) SI_UNIT ( $, .RADIAN. ) );
#5649 = CIRCLE ( 'NONE', #6064, 0.04999999999999969746 ) ;
#5650 = VECTOR ( 'NONE', #6293, 1000.000000000000000 ) ;
#5651 = DIRECTION ( 'NONE',  ( -1.000000000000000000, -9.843573744019160371E-15, 0.000000000000000000 ) ) ;
#5652 = ORIENTED_EDGE ( 'NONE', *, *, #8863, .F. ) ;
#5653 = DIRECTION ( 'NONE',  ( -1.000000000000000000, 2.409338161078775428E-16, 3.718869191154470885E-15 ) ) ;
#5654 = VECTOR ( 'NONE', #622, 1000.000000000000000 ) ;
#5655 = LINE ( 'NONE', #2136, #1401 ) ;
#5656 = VECTOR ( 'NONE', #11550, 1000.000000000000000 ) ;
#5657 = DIRECTION ( 'NONE',  ( 1.000000000000000000, 0.000000000000000000, 0.000000000000000000 ) ) ;
#5658 = LINE ( 'NONE', #9432, #2198 ) ;
#5659 = EDGE_CURVE ( 'NONE', #9321, #6409, #1144, .T. ) ;
#5660 = CARTESIAN_POINT ( 'NONE',  ( 7.849999999999999645, 3.200000000000000178, -4.500000000000000000 ) ) ;
#5661 = LINE ( 'NONE', #2087, #12277 ) ;
#5662 = CARTESIAN_POINT ( 'NONE',  ( -10.12504491988743993, 21.15488155364689860, 7.292809046835239783 ) ) ;
#5663 = CARTESIAN_POINT ( 'NONE',  ( -7.100000000000000533, 10.00000000000000000, 6.000000000000000000 ) ) ;
#5664 = DIRECTION ( 'NONE',  ( 0.000000000000000000, 0.000000000000000000, -1.000000000000000000 ) ) ;
#5665 = EDGE_CURVE ( 'NONE', #11351, #10736, #9874, .T. ) ;
#5666 = SURFACE_STYLE_USAGE ( .BOTH. , #11382 ) ;
#5667 = MECHANICAL_DESIGN_GEOMETRIC_PRESENTATION_REPRESENTATION (  '', ( #6069 ), #8889 ) ;
#5668 = VERTEX_POINT ( 'NONE', #6017 ) ;
#5669 = VERTEX_POINT ( 'NONE', #12 ) ;
#5670 = PLANE ( 'NONE',  #9217 ) ;
#5671 = ADVANCED_FACE ( 'NONE', ( #3809 ), #3935, .T. ) ;
#5672 = DIRECTION ( 'NONE',  ( -1.000000000000000000, -9.757819552369546217E-15, 0.000000000000000000 ) ) ;
#5673 = DIRECTION ( 'NONE',  ( 0.000000000000000000, 1.000000000000000000, 0.000000000000000000 ) ) ;
#5674 = DIRECTION ( 'NONE',  ( 0.000000000000000000, 0.000000000000000000, -1.000000000000000000 ) ) ;
#5675 = CARTESIAN_POINT ( 'NONE',  ( 0.9413803641798609290, 13.68737257913410055, -1.199999999999999956 ) ) ;
#5676 = CARTESIAN_POINT ( 'NONE',  ( 10.14999999999999858, 8.900000000000000355, 7.250000000000000000 ) ) ;
#5677 = ORIENTED_EDGE ( 'NONE', *, *, #10070, .T. ) ;
#5678 = VECTOR ( 'NONE', #821, 1000.000000000000000 ) ;
#5679 = CARTESIAN_POINT ( 'NONE',  ( -2.000000000000000000, 1.899999999999999911, 5.150000000000000355 ) ) ;
#5680 = ORIENTED_EDGE ( 'NONE', *, *, #1354, .F. ) ;
#5681 =( LENGTH_UNIT ( ) NAMED_UNIT ( * ) SI_UNIT ( .MILLI., .METRE. ) );
#5682 = CARTESIAN_POINT ( 'NONE',  ( 3.035724311311020163, 5.655240135171029969, 6.799999999999999822 ) ) ;
#5683 = SURFACE_STYLE_FILL_AREA ( #1866 ) ;
#5684 = DIRECTION ( 'NONE',  ( 1.734723475976814983E-14, -4.336808689942045346E-15, 1.000000000000000000 ) ) ;
#5685 = EDGE_CURVE ( 'NONE', #1742, #7479, #10534, .T. ) ;
#5686 = DIRECTION ( 'NONE',  ( 0.000000000000000000, 0.000000000000000000, 1.000000000000000000 ) ) ;
#5687 = EDGE_CURVE ( 'NONE', #7305, #2482, #5816, .T. ) ;
#5688 = PRESENTATION_LAYER_ASSIGNMENT (  '', '', ( #6106 ) ) ;
#5689 = FACE_OUTER_BOUND ( 'NONE', #12088, .T. ) ;
#5690 = DIRECTION ( 'NONE',  ( -1.000000000000000000, 0.000000000000000000, 0.000000000000000000 ) ) ;
#5691 = UNCERTAINTY_MEASURE_WITH_UNIT (LENGTH_MEASURE( 1.000000000000000082E-05 ), #2193, 'distance_accuracy_value', 'NONE');
#5692 = ORIENTED_EDGE ( 'NONE', *, *, #4288, .T. ) ;
#5693 = ORIENTED_EDGE ( 'NONE', *, *, #1310, .T. ) ;
#5694 = ORIENTED_EDGE ( 'NONE', *, *, #10719, .F. ) ;
#5695 = ORIENTED_EDGE ( 'NONE', *, *, #9351, .F. ) ;
#5696 = CYLINDRICAL_SURFACE ( 'NONE', #4666, 0.04999999999999969746 ) ;
#5697 = DIRECTION ( 'NONE',  ( -0.7071067811865504593, -5.786012893144825743E-17, -0.7071067811865445751 ) ) ;
#5698 =( LENGTH_UNIT ( ) NAMED_UNIT ( * ) SI_UNIT ( .MILLI., .METRE. ) );
#5699 = VECTOR ( 'NONE', #11310, 1000.000000000000000 ) ;
#5700 = ORIENTED_EDGE ( 'NONE', *, *, #1997, .T. ) ;
#5701 = EDGE_CURVE ( 'NONE', #3079, #8112, #467, .T. ) ;
#5702 = LINE ( 'NONE', #9553, #11509 ) ;
#5703 = VECTOR ( 'NONE', #8492, 999.9999999999998863 ) ;
#5704 = CARTESIAN_POINT ( 'NONE',  ( 7.200000000000000178, 10.00000000000000000, 7.250000000000000000 ) ) ;
#5705 = CARTESIAN_POINT ( 'NONE',  ( -7.850000000000148859, 14.90000000000000036, 5.700000000000000178 ) ) ;
#5706 = COLOUR_RGB ( '',0.2509803921568627416, 0.2509803921568627416, 0.2509803921568627416 ) ;
#5707 = CARTESIAN_POINT ( 'NONE',  ( -10.09999999999999964, 21.14999999999999858, 7.500000000000000000 ) ) ;
#5708 = EDGE_LOOP ( 'NONE', ( #374, #4810, #9512, #9983 ) ) ;
#5709 =( GEOMETRIC_REPRESENTATION_CONTEXT ( 3 ) GLOBAL_UNCERTAINTY_ASSIGNED_CONTEXT ( ( #496 ) ) GLOBAL_UNIT_ASSIGNED_CONTEXT ( ( #9955, #234, #4171 ) ) REPRESENTATION_CONTEXT ( 'NONE', 'WORKASPACE' ) );
#5710 = VERTEX_POINT ( 'NONE', #11601 ) ;
#5711 = EDGE_LOOP ( 'NONE', ( #4154, #9187, #8187, #11581 ) ) ;
#5712 = ADVANCED_FACE ( 'NONE', ( #11039 ), #7038, .T. ) ;
#5713 = ORIENTED_EDGE ( 'NONE', *, *, #9451, .F. ) ;
#5714 =( LENGTH_UNIT ( ) NAMED_UNIT ( * ) SI_UNIT ( .MILLI., .METRE. ) );
#5715 = SURFACE_STYLE_USAGE ( .BOTH. , #3761 ) ;
#5716 = VERTEX_POINT ( 'NONE', #2332 ) ;
#5717 = CARTESIAN_POINT ( 'NONE',  ( 8.449999999999999289, 2.700000000000000178, 7.500000000000000000 ) ) ;
#5718 =( LENGTH_UNIT ( ) NAMED_UNIT ( * ) SI_UNIT ( .MILLI., .METRE. ) );
#5719 = CARTESIAN_POINT ( 'NONE',  ( 0.7660316784771360465, -0.3572064380632170022, -1.199999999999999956 ) ) ;
#5720 = VECTOR ( 'NONE', #5528, 1000.000000000000000 ) ;
#5721 = CARTESIAN_POINT ( 'NONE',  ( -3.000000000000000000, 1.949999999999999956, 7.299999999999999822 ) ) ;
#5722 = DIRECTION ( 'NONE',  ( 0.4226182617407014952, 0.9063077870366490485, 0.000000000000000000 ) ) ;
#5723 = DIRECTION ( 'NONE',  ( -1.000000000000000000, -9.925400323074660971E-15, 0.000000000000000000 ) ) ;
#5724 = B_SPLINE_SURFACE_WITH_KNOTS ( 'NONE', 1, 3, ( 
 ( #2360, #481, #350, #4351, #12021, #3288 ),
 ( #8133, #4290, #9945, #4159, #8196, #2417 ),
 ( #6243, #8013, #5298, #11835, #7075, #6118 ),
 ( #1365, #5169, #4226, #2534, #11131, #1725 ) ),
 .UNSPECIFIED., .F., .F., .F.,
 ( 2, 1, 1, 2 ),
 ( 4, 2, 4 ),
 ( -0.01000000000000000021, 0.000000000000000000, 1.000000000000000000, 1.010099999999999998 ),
 ( 0.000000000000000000, 0.5000000000000000000, 1.000000000000000000 ),
 .UNSPECIFIED. ) ;
#5725 =( NAMED_UNIT ( * ) SI_UNIT ( $, .STERADIAN. ) SOLID_ANGLE_UNIT ( ) );
#5726 = VECTOR ( 'NONE', #11837, 1000.000000000000000 ) ;
#5727 = EDGE_CURVE ( 'NONE', #10549, #8050, #5040, .T. ) ;
#5728 = ORIENTED_EDGE ( 'NONE', *, *, #4344, .F. ) ;
#5729 = EDGE_LOOP ( 'NONE', ( #9661, #6711, #11454, #8903 ) ) ;
#5730 = DIRECTION ( 'NONE',  ( 0.000000000000000000, 0.000000000000000000, 1.000000000000000000 ) ) ;
#5731 = DIRECTION ( 'NONE',  ( 1.000000000000000000, -4.057832692343404916E-16, -3.079657714434989751E-30 ) ) ;
#5732 = CARTESIAN_POINT ( 'NONE',  ( -5.349999999999999645, 3.200000000000000178, -4.500000000000000000 ) ) ;
#5733 = FILL_AREA_STYLE ('',( #9770 ) ) ;
#5734 = UNCERTAINTY_MEASURE_WITH_UNIT (LENGTH_MEASURE( 1.000000000000000082E-05 ), #8131, 'distance_accuracy_value', 'NONE');
#5735 = CARTESIAN_POINT ( 'NONE',  ( -0.4500000000000000111, 7.279422863405989652, -1.199999999999999956 ) ) ;
#5736 = LINE ( 'NONE', #8949, #2094 ) ;
#5737 = CARTESIAN_POINT ( 'NONE',  ( 10.05000000000000071, 8.750000000000000000, 7.500000000000000000 ) ) ;
#5738 =( GEOMETRIC_REPRESENTATION_CONTEXT ( 3 ) GLOBAL_UNCERTAINTY_ASSIGNED_CONTEXT ( ( #3280 ) ) GLOBAL_UNIT_ASSIGNED_CONTEXT ( ( #10302, #3647, #1726 ) ) REPRESENTATION_CONTEXT ( 'NONE', 'WORKASPACE' ) );
#5739 = VERTEX_POINT ( 'NONE', #510 ) ;
#5740 = ADVANCED_FACE ( 'NONE', ( #10093 ), #6144, .F. ) ;
#5741 =( NAMED_UNIT ( * ) PLANE_ANGLE_UNIT ( ) SI_UNIT ( $, .RADIAN. ) );
#5742 = CIRCLE ( 'NONE', #1364, 1.099999999999999423 ) ;
#5743 = ORIENTED_EDGE ( 'NONE', *, *, #197, .T. ) ;
#5744 = CARTESIAN_POINT ( 'NONE',  ( -7.850000000000169287, 16.65000000000000213, -4.599999999999999645 ) ) ;
#5745 = CARTESIAN_POINT ( 'NONE',  ( 10.09999999999999964, 8.900000000000000355, 7.500000000000000000 ) ) ;
#5746 = FILL_AREA_STYLE ('',( #1928 ) ) ;
#5747 = FILL_AREA_STYLE_COLOUR ( '', #11951 ) ;
#5748 = VECTOR ( 'NONE', #4147, 1000.000000000000000 ) ;
#5749 = DIRECTION ( 'NONE',  ( 8.659560562355000651E-17, -0.7071067811865420216, 0.7071067811865531239 ) ) ;
#5750 = LINE ( 'NONE', #6704, #6346 ) ;
#5751 = PRESENTATION_LAYER_ASSIGNMENT (  '', '', ( #9976 ) ) ;
#5752 = CARTESIAN_POINT ( 'NONE',  ( -7.850000000000129319, 12.77500000000000036, -6.099999999999901057 ) ) ;
#5753 = CLOSED_SHELL ( 'NONE', ( #5223, #1339, #11000, #3485, #5427, #4453, #10572, #11753 ) ) ;
#5754 = ADVANCED_FACE ( 'NONE', ( #10979 ), #9160, .T. ) ;
#5755 = VERTEX_POINT ( 'NONE', #1510 ) ;
#5756 = ADVANCED_FACE ( 'NONE', ( #12047 ), #3434, .F. ) ;
#5757 = EDGE_CURVE ( 'NONE', #87, #10404, #9099, .T. ) ;
#5759 = ORIENTED_EDGE ( 'NONE', *, *, #2775, .T. ) ;
#5758 = AXIS2_PLACEMENT_3D ( 'NONE', #9916, #1337, #3619 ) ;
#5760 = CARTESIAN_POINT ( 'NONE',  ( 10.14999999999999858, 0.000000000000000000, -17.80452084174450178 ) ) ;
#5761 = VERTEX_POINT ( 'NONE', #11929 ) ;
#5762 = ORIENTED_EDGE ( 'NONE', *, *, #1004, .F. ) ;
#5763 = CARTESIAN_POINT ( 'NONE',  ( 2.000000000000000000, 1.649999999999999911, 5.100000000000000533 ) ) ;
#5764 = DIRECTION ( 'NONE',  ( 9.912705577010326930E-15, -1.000000000000000000, -7.434529182757745592E-15 ) ) ;
#5765 = AXIS2_PLACEMENT_3D ( 'NONE', #4577, #9238, #11427 ) ;
#5766 = DIRECTION ( 'NONE',  ( -0.9063077870366494926, 0.4226182617407002740, 0.000000000000000000 ) ) ;
#5767 = CARTESIAN_POINT ( 'NONE',  ( 7.849999999999999645, 0.5500000000000000444, -8.000000000000000000 ) ) ;
#5768 = LINE ( 'NONE', #317, #8496 ) ;
#5769 = AXIS2_PLACEMENT_3D ( 'NONE', #383, #4193, #8043 ) ;
#5770 = CARTESIAN_POINT ( 'NONE',  ( 4.646130973617869309, 9.963660026517279888, 6.799999999999999822 ) ) ;
#5771 = LINE ( 'NONE', #5643, #6466 ) ;
#5772 = ORIENTED_EDGE ( 'NONE', *, *, #8730, .T. ) ;
#5773 = EDGE_CURVE ( 'NONE', #7975, #7479, #1272, .T. ) ;
#5774 = COLOUR_RGB ( '',0.2509803921568627416, 0.2509803921568627416, 0.2509803921568627416 ) ;
#5775 = EDGE_LOOP ( 'NONE', ( #7992, #3991, #11798, #8295 ) ) ;
#5776 = ORIENTED_EDGE ( 'NONE', *, *, #3194, .F. ) ;
#5777 = EDGE_LOOP ( 'NONE', ( #1580, #12253, #3575, #654 ) ) ;
#5778 = CARTESIAN_POINT ( 'NONE',  ( 2.473186941766180258, 12.47655937766027989, -1.199999999999999956 ) ) ;
#5779 = DIRECTION ( 'NONE',  ( 0.000000000000000000, -1.000000000000000000, -7.537786532518269223E-15 ) ) ;
#5780 = VERTEX_POINT ( 'NONE', #9911 ) ;
#5781 = VECTOR ( 'NONE', #7702, 1000.000000000000000 ) ;
#5782 = CARTESIAN_POINT ( 'NONE',  ( -7.849999999999999645, 3.200000000000000178, -8.500000000000000000 ) ) ;
#5783 = LINE ( 'NONE', #6672, #5991 ) ;
#5784 = DIRECTION ( 'NONE',  ( 1.000000000000000000, 0.000000000000000000, 0.000000000000000000 ) ) ;
#5785 = FACE_OUTER_BOUND ( 'NONE', #5052, .T. ) ;
#5786 = DIRECTION ( 'NONE',  ( 1.000000000000000000, 0.000000000000000000, 0.000000000000000000 ) ) ;
#5787 = CARTESIAN_POINT ( 'NONE',  ( -6.250000000000000000, 2.700000000000000178, 7.299999999999999822 ) ) ;
#5788 = MECHANICAL_DESIGN_GEOMETRIC_PRESENTATION_REPRESENTATION (  '', ( #9210 ), #11822 ) ;
#5789 = VERTEX_POINT ( 'NONE', #7162 ) ;
#5790 = ORIENTED_EDGE ( 'NONE', *, *, #569, .T. ) ;
#5791 = FILL_AREA_STYLE ('',( #9766 ) ) ;
#5792 = DIRECTION ( 'NONE',  ( -1.000000000000000000, 0.000000000000000000, 0.000000000000000000 ) ) ;
#5793 = VECTOR ( 'NONE', #11590, 1000.000000000000000 ) ;
#5794 = DIRECTION ( 'NONE',  ( 0.000000000000000000, 0.000000000000000000, -1.000000000000000000 ) ) ;
#5795 = DIRECTION ( 'NONE',  ( 0.4226182617406861186, -0.9063077870366562649, 0.000000000000000000 ) ) ;
#5796 = EDGE_CURVE ( 'NONE', #2348, #8669, #1448, .T. ) ;
#5797 =( GEOMETRIC_REPRESENTATION_CONTEXT ( 3 ) GLOBAL_UNCERTAINTY_ASSIGNED_CONTEXT ( ( #289 ) ) GLOBAL_UNIT_ASSIGNED_CONTEXT ( ( #7135, #5349, #10816 ) ) REPRESENTATION_CONTEXT ( 'NONE', 'WORKASPACE' ) );
#5798 = DIRECTION ( 'NONE',  ( 0.000000000000000000, 0.000000000000000000, 1.000000000000000000 ) ) ;
#5799 = FILL_AREA_STYLE ('',( #1799 ) ) ;
#5800 = MECHANICAL_DESIGN_GEOMETRIC_PRESENTATION_REPRESENTATION (  '', ( #9138 ), #7 ) ;
#5801 = VERTEX_POINT ( 'NONE', #8912 ) ;
#5802 = FILL_AREA_STYLE_COLOUR ( '', #1675 ) ;
#5803 = VERTEX_POINT ( 'NONE', #4125 ) ;
#5804 = CARTESIAN_POINT ( 'NONE',  ( 2.850000000000000089, 3.200000000000000178, -4.500000000000000000 ) ) ;
#5805 = SURFACE_STYLE_FILL_AREA ( #875 ) ;
#5806 = CARTESIAN_POINT ( 'NONE',  ( 3.200000000000000178, 0.000000000000000000, 7.299999999999999822 ) ) ;
#5807 = FILL_AREA_STYLE_COLOUR ( '', #8128 ) ;
#5808 = DIRECTION ( 'NONE',  ( -1.000000000000000000, 0.000000000000000000, 0.000000000000000000 ) ) ;
#5809 = EDGE_CURVE ( 'NONE', #5669, #2197, #3188, .T. ) ;
#5810 =( NAMED_UNIT ( * ) PLANE_ANGLE_UNIT ( ) SI_UNIT ( $, .RADIAN. ) );
#5811 =( GEOMETRIC_REPRESENTATION_CONTEXT ( 3 ) GLOBAL_UNCERTAINTY_ASSIGNED_CONTEXT ( ( #7954 ) ) GLOBAL_UNIT_ASSIGNED_CONTEXT ( ( #10831, #2248, #6066 ) ) REPRESENTATION_CONTEXT ( 'NONE', 'WORKASPACE' ) );
#5812 = EDGE_LOOP ( 'NONE', ( #5057, #945, #7741, #10486 ) ) ;
#5813 = ORIENTED_EDGE ( 'NONE', *, *, #9959, .T. ) ;
#5814 = ORIENTED_EDGE ( 'NONE', *, *, #9186, .T. ) ;
#5815 = ORIENTED_EDGE ( 'NONE', *, *, #12377, .F. ) ;
#5816 = LINE ( 'NONE', #4815, #10256 ) ;
#5817 = VECTOR ( 'NONE', #1832, 1000.000000000000000 ) ;
#5818 = CARTESIAN_POINT ( 'NONE',  ( -2.475435743013954859, 7.525688402361390139, -1.199999999999999956 ) ) ;
#5819 = STYLED_ITEM ( 'NONE', ( #419 ), #2565 ) ;
#5820 = EDGE_CURVE ( 'NONE', #7633, #12367, #5649, .T. ) ;
#5821 = CARTESIAN_POINT ( 'NONE',  ( 10.14999999999999858, 0.000000000000000000, 7.200000000000000178 ) ) ;
#5822 = DIRECTION ( 'NONE',  ( 0.000000000000000000, -1.000000000000000000, 0.000000000000000000 ) ) ;
#5823 = CARTESIAN_POINT ( 'NONE',  ( -7.500000000000000000, 6.499999999999929834, 0.7249999999999999778 ) ) ;
#5824 = ORIENTED_EDGE ( 'NONE', *, *, #6187, .F. ) ;
#5825 = AXIS2_PLACEMENT_3D ( 'NONE', #9811, #8676, #2954 ) ;
#5826 =( GEOMETRIC_REPRESENTATION_CONTEXT ( 3 ) GLOBAL_UNCERTAINTY_ASSIGNED_CONTEXT ( ( #3165 ) ) GLOBAL_UNIT_ASSIGNED_CONTEXT ( ( #5681, #8573, #3791 ) ) REPRESENTATION_CONTEXT ( 'NONE', 'WORKASPACE' ) );
#5827 = ORIENTED_EDGE ( 'NONE', *, *, #5211, .T. ) ;
#5828 = ORIENTED_EDGE ( 'NONE', *, *, #1653, .F. ) ;
#5829 = ORIENTED_EDGE ( 'NONE', *, *, #8815, .T. ) ;
#5830 = PRESENTATION_STYLE_ASSIGNMENT (( #7739 ) ) ;
#5831 = FACE_OUTER_BOUND ( 'NONE', #11178, .T. ) ;
#5832 = EDGE_LOOP ( 'NONE', ( #7691, #8737, #4091, #8880 ) ) ;
#5833 = AXIS2_PLACEMENT_3D ( 'NONE', #5215, #9056, #8117 ) ;
#5834 = LINE ( 'NONE', #4836, #5238 ) ;
#5835 = DIRECTION ( 'NONE',  ( 1.000000000000000000, 0.000000000000000000, 0.000000000000000000 ) ) ;
#5836 = EDGE_CURVE ( 'NONE', #3327, #5466, #7594, .T. ) ;
#5837 =( GEOMETRIC_REPRESENTATION_CONTEXT ( 3 ) GLOBAL_UNCERTAINTY_ASSIGNED_CONTEXT ( ( #4389 ) ) GLOBAL_UNIT_ASSIGNED_CONTEXT ( ( #3850, #10821, #6875 ) ) REPRESENTATION_CONTEXT ( 'NONE', 'WORKASPACE' ) );
#5838 = DIRECTION ( 'NONE',  ( -1.000000000000000000, 0.000000000000000000, 0.000000000000000000 ) ) ;
#5839 = EDGE_CURVE ( 'NONE', #7924, #11733, #8337, .T. ) ;
#5840 = PLANE ( 'NONE',  #8076 ) ;
#5841 = DIRECTION ( 'NONE',  ( 0.000000000000000000, 7.434529182757739281E-15, -1.000000000000000000 ) ) ;
#5842 = DIRECTION ( 'NONE',  ( 0.000000000000000000, 0.000000000000000000, 1.000000000000000000 ) ) ;
#5843 = DIRECTION ( 'NONE',  ( 1.000000000000000000, 0.000000000000000000, 0.000000000000000000 ) ) ;
#5844 = DIRECTION ( 'NONE',  ( 0.7071067811865404673, 0.7071067811865544561, 0.000000000000000000 ) ) ;
#5845 = VECTOR ( 'NONE', #5766, 1000.000000000000114 ) ;
#5846 = ORIENTED_EDGE ( 'NONE', *, *, #4758, .F. ) ;
#5847 = VECTOR ( 'NONE', #7318, 1000.000000000000000 ) ;
#5848 = AXIS2_PLACEMENT_3D ( 'NONE', #2568, #1515, #12053 ) ;
#5849 = EDGE_LOOP ( 'NONE', ( #2832, #5846, #2076, #995 ) ) ;
#5850 = SURFACE_STYLE_FILL_AREA ( #2036 ) ;
#5851 = DIRECTION ( 'NONE',  ( 0.000000000000000000, 0.000000000000000000, 1.000000000000000000 ) ) ;
#5852 = SURFACE_SIDE_STYLE ('',( #2040 ) ) ;
#5853 = CARTESIAN_POINT ( 'NONE',  ( 2.600000000000000089, -3.500000000000000000, 4.899999999999999467 ) ) ;
#5854 = ADVANCED_FACE ( 'NONE', ( #7528 ), #8395, .T. ) ;
#5855 = CIRCLE ( 'NONE', #5050, 8.400000000000000355 ) ;
#5856 = LINE ( 'NONE', #3847, #1836 ) ;
#5857 = DIRECTION ( 'NONE',  ( -2.481737741748059978E-14, -1.000000000000000000, 0.000000000000000000 ) ) ;
#5858 = PRESENTATION_LAYER_ASSIGNMENT (  '', '', ( #11076 ) ) ;
#5859 = PLANE ( 'NONE',  #6529 ) ;
#5860 = AXIS2_PLACEMENT_3D ( 'NONE', #1878, #5697, #3367 ) ;
#5861 = CARTESIAN_POINT ( 'NONE',  ( 4.725584044262999939, 2.728317220033400048, -1.199999999999999956 ) ) ;
#5862 = CARTESIAN_POINT ( 'NONE',  ( -2.850000000000000089, 0.5500000000000000444, -8.000000000000000000 ) ) ;
#5863 = ORIENTED_EDGE ( 'NONE', *, *, #10764, .F. ) ;
#5864 =( NAMED_UNIT ( * ) PLANE_ANGLE_UNIT ( ) SI_UNIT ( $, .RADIAN. ) );
#5865 = ADVANCED_FACE ( 'NONE', ( #8515 ), #11279, .F. ) ;
#5866 = VERTEX_POINT ( 'NONE', #6569 ) ;
#5867 = FACE_OUTER_BOUND ( 'NONE', #9477, .T. ) ;
#5868 = FILL_AREA_STYLE_COLOUR ( '', #10525 ) ;
#5869 =( GEOMETRIC_REPRESENTATION_CONTEXT ( 3 ) GLOBAL_UNCERTAINTY_ASSIGNED_CONTEXT ( ( #3405 ) ) GLOBAL_UNIT_ASSIGNED_CONTEXT ( ( #6950, #5741, #4104 ) ) REPRESENTATION_CONTEXT ( 'NONE', 'WORKASPACE' ) );
#5870 = DIRECTION ( 'NONE',  ( 3.718869191154470885E-15, 2.414357261555910084E-44, 1.000000000000000000 ) ) ;
#5871 = SURFACE_STYLE_FILL_AREA ( #6700 ) ;
#5872 = LINE ( 'NONE', #8577, #8409 ) ;
#5873 = CARTESIAN_POINT ( 'NONE',  ( 10.34999999999999964, 21.16464466094069863, 5.700000000000000178 ) ) ;
#5874 =( GEOMETRIC_REPRESENTATION_CONTEXT ( 3 ) GLOBAL_UNCERTAINTY_ASSIGNED_CONTEXT ( ( #6303 ) ) GLOBAL_UNIT_ASSIGNED_CONTEXT ( ( #2770, #905, #10418 ) ) REPRESENTATION_CONTEXT ( 'NONE', 'WORKASPACE' ) );
#5875 = VECTOR ( 'NONE', #4932, 1000.000000000000000 ) ;
#5876 = VERTEX_POINT ( 'NONE', #690 ) ;
#5877 = ORIENTED_EDGE ( 'NONE', *, *, #1639, .F. ) ;
#5878 = SURFACE_STYLE_USAGE ( .BOTH. , #2063 ) ;
#5879 = ORIENTED_EDGE ( 'NONE', *, *, #6742, .T. ) ;
#5880 = EDGE_CURVE ( 'NONE', #3199, #733, #4973, .T. ) ;
#5881 = ORIENTED_EDGE ( 'NONE', *, *, #2961, .F. ) ;
#5882 = DIRECTION ( 'NONE',  ( 1.000000000000000000, 0.000000000000000000, 0.000000000000000000 ) ) ;
#5883 = AXIS2_PLACEMENT_3D ( 'NONE', #10537, #9415, #12374 ) ;
#5884 = SURFACE_STYLE_FILL_AREA ( #10594 ) ;
#5885 = CARTESIAN_POINT ( 'NONE',  ( 4.725584044262990169, 2.728317220033425361, -1.199999999999999956 ) ) ;
#5886 = LINE ( 'NONE', #4998, #5489 ) ;
#5887 = EDGE_CURVE ( 'NONE', #10111, #10782, #5559, .T. ) ;
#5888 = SURFACE_STYLE_FILL_AREA ( #11671 ) ;
#5889 = CARTESIAN_POINT ( 'NONE',  ( 8.550000000000000711, 19.50000000000000000, -4.599999999999940137 ) ) ;
#5890 = CARTESIAN_POINT ( 'NONE',  ( 0.9000000000000279998, 6.500000000000000000, -1.199999999999999956 ) ) ;
#5891 = CARTESIAN_POINT ( 'NONE',  ( 1.071496678276690052E-16, 21.14999999999999858, 5.700000000000070344 ) ) ;
#5892 = MECHANICAL_DESIGN_GEOMETRIC_PRESENTATION_REPRESENTATION (  '', ( #6508 ), #3489 ) ;
#5893 = FILL_AREA_STYLE ('',( #2074 ) ) ;
#5894 = ORIENTED_EDGE ( 'NONE', *, *, #10211, .T. ) ;
#5895 = ORIENTED_EDGE ( 'NONE', *, *, #3210, .T. ) ;
#5896 = ORIENTED_EDGE ( 'NONE', *, *, #5880, .T. ) ;
#5897 = EDGE_CURVE ( 'NONE', #3186, #1814, #1628, .T. ) ;
#5898 = AXIS2_PLACEMENT_3D ( 'NONE', #1197, #5049, #7836 ) ;
#5899 = ORIENTED_EDGE ( 'NONE', *, *, #1242, .F. ) ;
#5900 = DIRECTION ( 'NONE',  ( 0.000000000000000000, -1.000000000000000000, 0.000000000000000000 ) ) ;
#5901 =( NAMED_UNIT ( * ) SI_UNIT ( $, .STERADIAN. ) SOLID_ANGLE_UNIT ( ) );
#5902 = VERTEX_POINT ( 'NONE', #9400 ) ;
#5903 = VECTOR ( 'NONE', #2106, 1000.000000000000000 ) ;
#5904 =( LENGTH_UNIT ( ) NAMED_UNIT ( * ) SI_UNIT ( .MILLI., .METRE. ) );
#5905 = LINE ( 'NONE', #10493, #3812 ) ;
#5906 = MECHANICAL_DESIGN_GEOMETRIC_PRESENTATION_REPRESENTATION (  '', ( #8722 ), #1123 ) ;
#5907 = FILL_AREA_STYLE_COLOUR ( '', #960 ) ;
#5908 = MECHANICAL_DESIGN_GEOMETRIC_PRESENTATION_REPRESENTATION (  '', ( #6513 ), #5317 ) ;
#5909 = DIRECTION ( 'NONE',  ( 0.000000000000000000, 0.000000000000000000, 1.000000000000000000 ) ) ;
#5910 = ADVANCED_FACE ( 'NONE', ( #5382 ), #11341, .T. ) ;
#5911 = CARTESIAN_POINT ( 'NONE',  ( -2.000000000000000000, -3.500000000000000000, 5.100000000000000533 ) ) ;
#5912 = EDGE_CURVE ( 'NONE', #11595, #9142, #4056, .T. ) ;
#5913 = EDGE_CURVE ( 'NONE', #2016, #19, #6074, .T. ) ;
#5914 = ORIENTED_EDGE ( 'NONE', *, *, #12234, .T. ) ;
#5915 = VECTOR ( 'NONE', #5425, 1000.000000000000000 ) ;
#5916 = MECHANICAL_DESIGN_GEOMETRIC_PRESENTATION_REPRESENTATION (  '', ( #534 ), #1133 ) ;
#5917 = ORIENTED_EDGE ( 'NONE', *, *, #8775, .F. ) ;
#5918 = PRESENTATION_STYLE_ASSIGNMENT (( #41 ) ) ;
#5919 =( NAMED_UNIT ( * ) SI_UNIT ( $, .STERADIAN. ) SOLID_ANGLE_UNIT ( ) );
#5920 = SURFACE_SIDE_STYLE ('',( #11701 ) ) ;
#5921 = CARTESIAN_POINT ( 'NONE',  ( -8.400000000000108713, 10.00000000000000000, -4.599999999999999645 ) ) ;
#5922 = CARTESIAN_POINT ( 'NONE',  ( -3.000000000000000000, -2.401009032218154537, 4.899999999999999467 ) ) ;
#5923 = DIRECTION ( 'NONE',  ( 0.000000000000000000, 1.000000000000000000, 0.000000000000000000 ) ) ;
#5924 = CARTESIAN_POINT ( 'NONE',  ( 0.3499999999999999778, -3.000000000000000000, -5.500000000000000000 ) ) ;
#5925 = AXIS2_PLACEMENT_3D ( 'NONE', #9043, #3072, #5202 ) ;
#5926 = CARTESIAN_POINT ( 'NONE',  ( -1.300000000000000044, 15.75499782797525050, 24.08550494769779959 ) ) ;
#5927 = APPLICATION_CONTEXT ( 'automotive_design' ) ;
#5928 = ORIENTED_EDGE ( 'NONE', *, *, #7211, .T. ) ;
#5929 = EDGE_CURVE ( 'NONE', #4747, #1937, #5855, .T. ) ;
#5930 = UNCERTAINTY_MEASURE_WITH_UNIT (LENGTH_MEASURE( 1.000000000000000082E-05 ), #9071, 'distance_accuracy_value', 'NONE');
#5931 = CARTESIAN_POINT ( 'NONE',  ( 7.150000000000000355, 0.5500000000000000444, -8.500000000000000000 ) ) ;
#5932 = ORIENTED_EDGE ( 'NONE', *, *, #1922, .F. ) ;
#5933 = DIRECTION ( 'NONE',  ( 0.000000000000000000, 0.000000000000000000, 1.000000000000000000 ) ) ;
#5934 = CARTESIAN_POINT ( 'NONE',  ( -2.366431913239659846, 3.200000000000000178, -3.900000000000090061 ) ) ;
#5935 = VECTOR ( 'NONE', #1572, 1000.000000000000000 ) ;
#5936 = LINE ( 'NONE', #9780, #5616 ) ;
#5937 = CARTESIAN_POINT ( 'NONE',  ( -10.05000000000000071, 8.599999999999999645, 7.299999999999999822 ) ) ;
#5938 = LINE ( 'NONE', #9783, #9596 ) ;
#5939 = PRESENTATION_STYLE_ASSIGNMENT (( #4053 ) ) ;
#5940 =( GEOMETRIC_REPRESENTATION_CONTEXT ( 3 ) GLOBAL_UNCERTAINTY_ASSIGNED_CONTEXT ( ( #8063 ) ) GLOBAL_UNIT_ASSIGNED_CONTEXT ( ( #3973, #3035, #9825 ) ) REPRESENTATION_CONTEXT ( 'NONE', 'WORKASPACE' ) );
#5941 = FILL_AREA_STYLE ('',( #6005 ) ) ;
#5942 = CIRCLE ( 'NONE', #557, 0.5000000000000004441 ) ;
#5943 = ORIENTED_EDGE ( 'NONE', *, *, #7226, .F. ) ;
#5944 = ORIENTED_EDGE ( 'NONE', *, *, #4217, .T. ) ;
#5945 = ORIENTED_EDGE ( 'NONE', *, *, #5140, .T. ) ;
#5946 = FACE_OUTER_BOUND ( 'NONE', #637, .T. ) ;
#5947 = ORIENTED_EDGE ( 'NONE', *, *, #9469, .F. ) ;
#5948 = VERTEX_POINT ( 'NONE', #6509 ) ;
#5949 = FACE_OUTER_BOUND ( 'NONE', #3625, .T. ) ;
#5950 =( NAMED_UNIT ( * ) PLANE_ANGLE_UNIT ( ) SI_UNIT ( $, .RADIAN. ) );
#5951 = VECTOR ( 'NONE', #4841, 1000.000000000000000 ) ;
#5952 = DIRECTION ( 'NONE',  ( -1.281184965457269987E-30, -1.000000000000000000, -3.835990623682899812E-15 ) ) ;
#5953 = CARTESIAN_POINT ( 'NONE',  ( 10.11464466094068015, 21.14999999999999858, 5.500000000000079048 ) ) ;
#5954 = COLOUR_RGB ( '',0.2509803921568627416, 0.2509803921568627416, 0.2509803921568627416 ) ;
#5955 = CARTESIAN_POINT ( 'NONE',  ( 3.000000000000000000, -2.401009032218154537, 5.100000000000000533 ) ) ;
#5956 = SURFACE_SIDE_STYLE ('',( #7045 ) ) ;
#5957 = CARTESIAN_POINT ( 'NONE',  ( 7.849999999999999645, 16.65000000000000213, -4.599999999999999645 ) ) ;
#5958 = EDGE_CURVE ( 'NONE', #9683, #4769, #3049, .T. ) ;
#5959 = SURFACE_SIDE_STYLE ('',( #3816 ) ) ;
#5960 = STYLED_ITEM ( 'NONE', ( #12308 ), #3905 ) ;
#5961 =( NAMED_UNIT ( * ) PLANE_ANGLE_UNIT ( ) SI_UNIT ( $, .RADIAN. ) );
#5962 = ORIENTED_EDGE ( 'NONE', *, *, #11672, .F. ) ;
#5963 = VECTOR ( 'NONE', #4914, 1000.000000000000000 ) ;
#5964 = ORIENTED_EDGE ( 'NONE', *, *, #11083, .T. ) ;
#5965 = ORIENTED_EDGE ( 'NONE', *, *, #7549, .T. ) ;
#5966 = ORIENTED_EDGE ( 'NONE', *, *, #11403, .F. ) ;
#5967 = SURFACE_STYLE_USAGE ( .BOTH. , #2951 ) ;
#5968 = ORIENTED_EDGE ( 'NONE', *, *, #9922, .F. ) ;
#5969 = VECTOR ( 'NONE', #11047, 1000.000000000000000 ) ;
#5970 = FILL_AREA_STYLE ('',( #5015 ) ) ;
#5971 =( GEOMETRIC_REPRESENTATION_CONTEXT ( 3 ) GLOBAL_UNCERTAINTY_ASSIGNED_CONTEXT ( ( #2393 ) ) GLOBAL_UNIT_ASSIGNED_CONTEXT ( ( #12067, #1355, #8999 ) ) REPRESENTATION_CONTEXT ( 'NONE', 'WORKASPACE' ) );
#5972 = CARTESIAN_POINT ( 'NONE',  ( 0.4500000000000080047, 11.37942286340599907, 6.799999999999999822 ) ) ;
#5973 = EDGE_CURVE ( 'NONE', #6325, #9588, #1192, .T. ) ;
#5974 = EDGE_CURVE ( 'NONE', #2016, #1358, #8771, .T. ) ;
#5975 = DIRECTION ( 'NONE',  ( -2.168404344970880185E-16, -1.000000000000000000, 8.064012112477930683E-31 ) ) ;
#5976 = CARTESIAN_POINT ( 'NONE',  ( 2.850000000000000089, 0.5500000000000000444, -8.000000000000000000 ) ) ;
#5977 = ORIENTED_EDGE ( 'NONE', *, *, #9513, .F. ) ;
#5978 = MECHANICAL_DESIGN_GEOMETRIC_PRESENTATION_REPRESENTATION (  '', ( #2580 ), #1582 ) ;
#5979 = AXIS2_PLACEMENT_3D ( 'NONE', #3540, #5138, #10857 ) ;
#5980 = ORIENTED_EDGE ( 'NONE', *, *, #10750, .T. ) ;
#5981 = DIRECTION ( 'NONE',  ( 0.000000000000000000, 0.000000000000000000, -1.000000000000000000 ) ) ;
#5982 = COLOUR_RGB ( '',0.2509803921568627416, 0.2509803921568627416, 0.2509803921568627416 ) ;
#5983 = CARTESIAN_POINT ( 'NONE',  ( 10.11464466094068015, 20.40000000000000213, 5.500000000000070166 ) ) ;
#5984 = SURFACE_SIDE_STYLE ('',( #5167 ) ) ;
#5985 = CARTESIAN_POINT ( 'NONE',  ( 2.850000000000000089, -3.000000000000000000, -7.000000000000000000 ) ) ;
#5986 = DIRECTION ( 'NONE',  ( 0.4226182617407180930, -0.9063077870366412769, 0.000000000000000000 ) ) ;
#5987 = SURFACE_STYLE_USAGE ( .BOTH. , #8629 ) ;
#5988 = PLANE ( 'NONE',  #7465 ) ;
#5989 = ADVANCED_FACE ( 'NONE', ( #4863 ), #6630, .T. ) ;
#5990 = EDGE_CURVE ( 'NONE', #2229, #8767, #9781, .T. ) ;
#5991 = VECTOR ( 'NONE', #5835, 1000.000000000000000 ) ;
#5992 = DIRECTION ( 'NONE',  ( -0.4999999999999940048, 0.8660254037844420383, 0.000000000000000000 ) ) ;
#5993 = LINE ( 'NONE', #4036, #9328 ) ;
#5994 = VERTEX_POINT ( 'NONE', #11649 ) ;
#5995 = DIRECTION ( 'NONE',  ( -1.000000000000000000, 0.000000000000000000, 0.000000000000000000 ) ) ;
#5996 = ORIENTED_EDGE ( 'NONE', *, *, #5301, .F. ) ;
#5997 = CARTESIAN_POINT ( 'NONE',  ( -4.649999999999999467, -3.000000000000000000, -5.000000000000000000 ) ) ;
#5998 = FACE_OUTER_BOUND ( 'NONE', #2001, .T. ) ;
#5999 = VECTOR ( 'NONE', #6734, 1000.000000000000227 ) ;
#6000 = CYLINDRICAL_SURFACE ( 'NONE', #7245, 8.400000000000000355 ) ;
#6001 = DIRECTION ( 'NONE',  ( 0.000000000000000000, 0.000000000000000000, 1.000000000000000000 ) ) ;
#6002 = EDGE_CURVE ( 'NONE', #7737, #7617, #7832, .T. ) ;
#6003 = ADVANCED_FACE ( 'NONE', ( #4925 ), #10456, .T. ) ;
#6004 = PRESENTATION_STYLE_ASSIGNMENT (( #5048 ) ) ;
#6005 = FILL_AREA_STYLE_COLOUR ( '', #11114 ) ;
#6006 = SURFACE_STYLE_FILL_AREA ( #8715 ) ;
#6007 = EDGE_LOOP ( 'NONE', ( #540, #1669, #1921, #137 ) ) ;
#6008 = ORIENTED_EDGE ( 'NONE', *, *, #3240, .F. ) ;
#6009 =( GEOMETRIC_REPRESENTATION_CONTEXT ( 3 ) GLOBAL_UNCERTAINTY_ASSIGNED_CONTEXT ( ( #9951 ) ) GLOBAL_UNIT_ASSIGNED_CONTEXT ( ( #343, #6175, #2412 ) ) REPRESENTATION_CONTEXT ( 'NONE', 'WORKASPACE' ) );
#6010 = EDGE_LOOP ( 'NONE', ( #702, #7182, #5538, #9818, #5980, #1251, #885, #7291, #11349, #5515, #6400, #4640, #9747, #11584, #4137, #12130, #11365, #6915 ) ) ;
#6011 =( NAMED_UNIT ( * ) SI_UNIT ( $, .STERADIAN. ) SOLID_ANGLE_UNIT ( ) );
#6012 = EDGE_LOOP ( 'NONE', ( #6398, #638, #11209, #3696 ) ) ;
#6013 = ORIENTED_EDGE ( 'NONE', *, *, #9991, .T. ) ;
#6014 = CARTESIAN_POINT ( 'NONE',  ( 0.4499999999999855227, 8.699999999999999289, -1.199999999999999956 ) ) ;
#6015 = PRESENTATION_STYLE_ASSIGNMENT (( #5257 ) ) ;
#6016 = CARTESIAN_POINT ( 'NONE',  ( -3.200000000000000178, -3.176128103383895045E-14, 7.299999999999999822 ) ) ;
#6017 = CARTESIAN_POINT ( 'NONE',  ( 10.05000000000000071, 21.19999999999999929, 7.200000000000000178 ) ) ;
#6018 = DIRECTION ( 'NONE',  ( 1.000000000000000000, 0.000000000000000000, 0.000000000000000000 ) ) ;
#6019 = STYLED_ITEM ( 'NONE', ( #7284 ), #9568 ) ;
#6020 = DIRECTION ( 'NONE',  ( -3.178365879782604653E-14, 1.000000000000000000, 0.000000000000000000 ) ) ;
#6021 = ADVANCED_FACE ( 'NONE', ( #6698 ), #10519, .T. ) ;
#6022 = CARTESIAN_POINT ( 'NONE',  ( -10.05000000000000071, 8.900000000000000355, 7.299999999999999822 ) ) ;
#6023 = LINE ( 'NONE', #1282, #1973 ) ;
#6024 = FILL_AREA_STYLE ('',( #321 ) ) ;
#6025 = EDGE_LOOP ( 'NONE', ( #11032, #7366, #8558, #1140 ) ) ;
#6026 = VERTEX_POINT ( 'NONE', #4174 ) ;
#6027 = VERTEX_POINT ( 'NONE', #10898 ) ;
#6028 = STYLED_ITEM ( 'NONE', ( #11389 ), #9937 ) ;
#6029 = ORIENTED_EDGE ( 'NONE', *, *, #1922, .T. ) ;
#6030 = AXIS2_PLACEMENT_3D ( 'NONE', #11245, #3706, #10300 ) ;
#6031 = EDGE_CURVE ( 'NONE', #2693, #2229, #9087, .T. ) ;
#6032 =( LENGTH_UNIT ( ) NAMED_UNIT ( * ) SI_UNIT ( .MILLI., .METRE. ) );
#6033 = VERTEX_POINT ( 'NONE', #9144 ) ;
#6034 = CARTESIAN_POINT ( 'NONE',  ( -0.4500000000000000111, 5.720577136593999690, 6.799999999999999822 ) ) ;
#6035 = DIRECTION ( 'NONE',  ( 0.000000000000000000, 0.000000000000000000, 1.000000000000000000 ) ) ;
#6036 = CARTESIAN_POINT ( 'NONE',  ( -7.100000000000000533, 10.00000000000000000, 7.299999999999999822 ) ) ;
#6037 = AXIS2_PLACEMENT_3D ( 'NONE', #8755, #7881, #3096 ) ;
#6038 = VECTOR ( 'NONE', #7340, 1000.000000000000000 ) ;
#6039 = CARTESIAN_POINT ( 'NONE',  ( -2.399999999999999911, -3.500000000000000000, 5.100000000000000533 ) ) ;
#6040 = ORIENTED_EDGE ( 'NONE', *, *, #3738, .T. ) ;
#6041 = VECTOR ( 'NONE', #1579, 1000.000000000000000 ) ;
#6042 = EDGE_CURVE ( 'NONE', #11387, #5669, #1317, .T. ) ;
#6043 = STYLED_ITEM ( 'NONE', ( #6164 ), #10445 ) ;
#6044 = ORIENTED_EDGE ( 'NONE', *, *, #7688, .F. ) ;
#6045 = SURFACE_STYLE_USAGE ( .BOTH. , #11066 ) ;
#6046 = COLOUR_RGB ( '',0.2509803921568627416, 0.2509803921568627416, 0.2509803921568627416 ) ;
#6047 = PLANE ( 'NONE',  #9732 ) ;
#6048 = CARTESIAN_POINT ( 'NONE',  ( -1.649999999999999911, -1.539499158440714680E-14, -8.849999999999999645 ) ) ;
#6049 = CARTESIAN_POINT ( 'NONE',  ( 2.755890891981089956E-14, 6.500000000000000000, -1.199999999999999956 ) ) ;
#6050 = DIRECTION ( 'NONE',  ( 0.000000000000000000, 0.000000000000000000, -1.000000000000000000 ) ) ;
#6051 = EDGE_CURVE ( 'NONE', #8402, #1697, #6194, .T. ) ;
#6052 = SURFACE_STYLE_USAGE ( .BOTH. , #603 ) ;
#6053 = CARTESIAN_POINT ( 'NONE',  ( 0.3499999999999999778, 0.5500000000000000444, -9.500000000000000000 ) ) ;
#6054 = CIRCLE ( 'NONE', #1843, 0.9000000000000301092 ) ;
#6055 = DIRECTION ( 'NONE',  ( 7.179717181456610713E-15, -0.7071067811865531239, -0.7071067811865420216 ) ) ;
#6056 = LINE ( 'NONE', #7760, #1980 ) ;
#6057 = MECHANICAL_DESIGN_GEOMETRIC_PRESENTATION_REPRESENTATION (  '', ( #1460 ), #3640 ) ;
#6058 = UNCERTAINTY_MEASURE_WITH_UNIT (LENGTH_MEASURE( 1.000000000000000082E-05 ), #8575, 'distance_accuracy_value', 'NONE');
#6059 = CARTESIAN_POINT ( 'NONE',  ( -3.500000000000000000, -7.828123272804930129E-16, 7.299999999999999822 ) ) ;
#6060 = EDGE_CURVE ( 'NONE', #3498, #4567, #7482, .T. ) ;
#6061 = VERTEX_POINT ( 'NONE', #7149 ) ;
#6062 = LINE ( 'NONE', #2113, #7255 ) ;
#6063 = CARTESIAN_POINT ( 'NONE',  ( -2.850000000000000089, 0.5500000000000000444, -4.500000000000000000 ) ) ;
#6064 = AXIS2_PLACEMENT_3D ( 'NONE', #2268, #1333, #5131 ) ;
#6065 = CIRCLE ( 'NONE', #10876, 0.5000000000000004441 ) ;
#6066 =( NAMED_UNIT ( * ) SI_UNIT ( $, .STERADIAN. ) SOLID_ANGLE_UNIT ( ) );
#6067 = LINE ( 'NONE', #9898, #6640 ) ;
#6068 =( LENGTH_UNIT ( ) NAMED_UNIT ( * ) SI_UNIT ( .MILLI., .METRE. ) );
#6069 = STYLED_ITEM ( 'NONE', ( #2679 ), #8004 ) ;
#6070 = VECTOR ( 'NONE', #1154, 1000.000000000000114 ) ;
#6071 = EDGE_CURVE ( 'NONE', #9178, #2281, #5454, .T. ) ;
#6072 = LINE ( 'NONE', #7773, #3721 ) ;
#6073 = SURFACE_SIDE_STYLE ('',( #3118 ) ) ;
#6074 = CIRCLE ( 'NONE', #10077, 0.04999999999999969746 ) ;
#6075 = LINE ( 'NONE', #9900, #784 ) ;
#6076 = ORIENTED_EDGE ( 'NONE', *, *, #8471, .T. ) ;
#6077 = ADVANCED_FACE ( 'NONE', ( #10962 ), #3056, .F. ) ;
#6078 = CIRCLE ( 'NONE', #678, 0.7999999999999994893 ) ;
#6079 = ORIENTED_EDGE ( 'NONE', *, *, #283, .F. ) ;
#6080 = LINE ( 'NONE', #4434, #1855 ) ;
#6081 = VERTEX_POINT ( 'NONE', #8086 ) ;
#6082 = EDGE_CURVE ( 'NONE', #1094, #8801, #10671, .T. ) ;
#6083 = ORIENTED_EDGE ( 'NONE', *, *, #11136, .T. ) ;
#6084 = CARTESIAN_POINT ( 'NONE',  ( 7.150000000000000355, 0.5500000000000000444, -8.000000000000000000 ) ) ;
#6085 = EDGE_CURVE ( 'NONE', #9115, #11020, #2249, .T. ) ;
#6086 = CARTESIAN_POINT ( 'NONE',  ( -1.915147174717005019, 9.396136669551880871, -1.199999999999999956 ) ) ;
#6087 = CARTESIAN_POINT ( 'NONE',  ( 10.09999999999999964, 8.900000000000000355, 7.250000000000000000 ) ) ;
#6088 = DIRECTION ( 'NONE',  ( -1.000000000000000000, 0.000000000000000000, 0.000000000000000000 ) ) ;
#6089 = FILL_AREA_STYLE_COLOUR ( '', #7909 ) ;
#6090 = STYLED_ITEM ( 'NONE', ( #10335 ), #1441 ) ;
#6091 = PLANE ( 'NONE',  #2559 ) ;
#6092 = SURFACE_STYLE_USAGE ( .BOTH. , #8048 ) ;
#6093 = CYLINDRICAL_SURFACE ( 'NONE', #261, 0.2500000000000002220 ) ;
#6094 = VERTEX_POINT ( 'NONE', #1494 ) ;
#6095 = ORIENTED_EDGE ( 'NONE', *, *, #7900, .F. ) ;
#6096 = EDGE_LOOP ( 'NONE', ( #10485, #6999, #7798, #6802 ) ) ;
#6097 = VERTEX_POINT ( 'NONE', #3235 ) ;
#6098 =( NAMED_UNIT ( * ) SI_UNIT ( $, .STERADIAN. ) SOLID_ANGLE_UNIT ( ) );
#6099 = ADVANCED_FACE ( 'NONE', ( #9835 ), #6130, .T. ) ;
#6100 = AXIS2_PLACEMENT_3D ( 'NONE', #11542, #128, #3933 ) ;
#6101 = DIRECTION ( 'NONE',  ( -1.000000000000000000, 0.000000000000000000, 0.000000000000000000 ) ) ;
#6103 = ORIENTED_EDGE ( 'NONE', *, *, #180, .F. ) ;
#6102 = UNCERTAINTY_MEASURE_WITH_UNIT (LENGTH_MEASURE( 1.000000000000000082E-05 ), #9139, 'distance_accuracy_value', 'NONE');
#6104 = AXIS2_PLACEMENT_3D ( 'NONE', #5066, #7044, #1335 ) ;
#6105 = CARTESIAN_POINT ( 'NONE',  ( 3.200000000000000178, 1.899999999999999911, 7.200000000000000178 ) ) ;
#6106 = STYLED_ITEM ( 'NONE', ( #2745 ), #372 ) ;
#6107 = FILL_AREA_STYLE_COLOUR ( '', #3353 ) ;
#6108 = CARTESIAN_POINT ( 'NONE',  ( 10.05000000000000071, 10.00000000000000000, 7.299999999999999822 ) ) ;
#6109 =( NAMED_UNIT ( * ) PLANE_ANGLE_UNIT ( ) SI_UNIT ( $, .RADIAN. ) );
#6110 = EDGE_LOOP ( 'NONE', ( #3745, #7308, #6154, #10468 ) ) ;
#6111 = STYLED_ITEM ( 'NONE', ( #8882 ), #454 ) ;
#6112 = ORIENTED_EDGE ( 'NONE', *, *, #2549, .F. ) ;
#6113 = SURFACE_STYLE_USAGE ( .BOTH. , #2473 ) ;
#6114 =( LENGTH_UNIT ( ) NAMED_UNIT ( * ) SI_UNIT ( .MILLI., .METRE. ) );
#6115 = CARTESIAN_POINT ( 'NONE',  ( -10.34999999999999964, 21.16464466094064889, 7.250000000000000000 ) ) ;
#6116 = CARTESIAN_POINT ( 'NONE',  ( 1.576611713483630162, 12.39811920918740107, -1.199999999999999956 ) ) ;
#6117 = VECTOR ( 'NONE', #4256, 1000.000000000000000 ) ;
#6118 = CARTESIAN_POINT ( 'NONE',  ( 10.09999999999999964, 21.14999999999999858, 7.299999999999999822 ) ) ;
#6119 = DIRECTION ( 'NONE',  ( -4.513898307157580527E-31, 1.000000000000000000, -1.430841128366085943E-45 ) ) ;
#6120 = CARTESIAN_POINT ( 'NONE',  ( -10.05000000000022098, 21.10000000000000142, 7.299999999999999822 ) ) ;
#6121 = LINE ( 'NONE', #486, #4953 ) ;
#6122 = AXIS2_PLACEMENT_3D ( 'NONE', #5597, #6489, #6608 ) ;
#6123 = DIRECTION ( 'NONE',  ( 1.000000000000000000, 1.298436238251450266E-29, -3.718869191154470885E-15 ) ) ;
#6124 = EDGE_CURVE ( 'NONE', #1535, #4417, #6067, .T. ) ;
#6125 = VECTOR ( 'NONE', #117, 1000.000000000000000 ) ;
#6126 = DIRECTION ( 'NONE',  ( 0.000000000000000000, 1.000000000000000000, 0.000000000000000000 ) ) ;
#6127 = EDGE_LOOP ( 'NONE', ( #948, #4369, #8358, #5334 ) ) ;
#6128 =( NAMED_UNIT ( * ) SI_UNIT ( $, .STERADIAN. ) SOLID_ANGLE_UNIT ( ) );
#6129 = LINE ( 'NONE', #9495, #11137 ) ;
#6130 = PLANE ( 'NONE',  #1671 ) ;
#6131 = CARTESIAN_POINT ( 'NONE',  ( -3.589859732951935278, 6.217819449518540154, -1.199999999999999956 ) ) ;
#6132 = CARTESIAN_POINT ( 'NONE',  ( -2.000000000000000000, 1.899999999999999911, 4.899999999999999467 ) ) ;
#6133 = EDGE_CURVE ( 'NONE', #5128, #8876, #360, .T. ) ;
#6134 = CARTESIAN_POINT ( 'NONE',  ( 0.000000000000000000, 10.00000000000000000, 7.500000000000000000 ) ) ;
#6135 = EDGE_LOOP ( 'NONE', ( #4009, #9733, #11948, #11682 ) ) ;
#6136 = UNCERTAINTY_MEASURE_WITH_UNIT (LENGTH_MEASURE( 1.000000000000000082E-05 ), #9448, 'distance_accuracy_value', 'NONE');
#6137 = VERTEX_POINT ( 'NONE', #4538 ) ;
#6138 = CARTESIAN_POINT ( 'NONE',  ( 7.500000000000000000, 0.1653805922287379937, -0.2000000000000000111 ) ) ;
#6139 = ORIENTED_EDGE ( 'NONE', *, *, #10432, .F. ) ;
#6140 = COLOUR_RGB ( '',0.2509803921568627416, 0.2509803921568627416, 0.2509803921568627416 ) ;
#6141 = CARTESIAN_POINT ( 'NONE',  ( 0.4500000000000139999, 9.820577136594000223, 6.799999999999999822 ) ) ;
#6142 = CARTESIAN_POINT ( 'NONE',  ( -2.000000000000000000, 1.899999999999999911, 5.150000000000000355 ) ) ;
#6143 = CARTESIAN_POINT ( 'NONE',  ( -7.849999999999999645, 0.5500000000000000444, -8.000000000000000000 ) ) ;
#6144 = PLANE ( 'NONE',  #9078 ) ;
#6145 = LINE ( 'NONE', #4618, #12311 ) ;
#6146 = CARTESIAN_POINT ( 'NONE',  ( 0.4500000000002539746, 1.430264645902977647E-14, -1.199999999999999956 ) ) ;
#6147 = CARTESIAN_POINT ( 'NONE',  ( 10.14999999999999858, 0.000000000000000000, 7.299999999999999822 ) ) ;
#6148 = VECTOR ( 'NONE', #9470, 1000.000000000000000 ) ;
#6149 = FILL_AREA_STYLE_COLOUR ( '', #1183 ) ;
#6150 = EDGE_CURVE ( 'NONE', #8475, #6341, #1553, .T. ) ;
#6151 = EDGE_CURVE ( 'NONE', #7661, #1745, #5463, .T. ) ;
#6152 =( NAMED_UNIT ( * ) PLANE_ANGLE_UNIT ( ) SI_UNIT ( $, .RADIAN. ) );
#6153 = FACE_OUTER_BOUND ( 'NONE', #10861, .T. ) ;
#6154 = ORIENTED_EDGE ( 'NONE', *, *, #6844, .T. ) ;
#6155 = UNCERTAINTY_MEASURE_WITH_UNIT (LENGTH_MEASURE( 1.000000000000000082E-05 ), #11089, 'distance_accuracy_value', 'NONE');
#6157 = ORIENTED_EDGE ( 'NONE', *, *, #7460, .F. ) ;
#6156 = PRESENTATION_LAYER_ASSIGNMENT (  '', '', ( #4341 ) ) ;
#6158 = ORIENTED_EDGE ( 'NONE', *, *, #1435, .T. ) ;
#6159 = ORIENTED_EDGE ( 'NONE', *, *, #651, .F. ) ;
#6160 = CARTESIAN_POINT ( 'NONE',  ( -10.15000000000021885, 21.10000000000000142, -17.80452084174450178 ) ) ;
#6161 = VECTOR ( 'NONE', #1557, 1000.000000000000000 ) ;
#6162 = DIRECTION ( 'NONE',  ( -9.925400323074660971E-15, 1.000000000000000000, 0.000000000000000000 ) ) ;
#6163 = ORIENTED_EDGE ( 'NONE', *, *, #11357, .F. ) ;
#6164 = PRESENTATION_STYLE_ASSIGNMENT (( #10805 ) ) ;
#6165 = DIRECTION ( 'NONE',  ( 3.718869191154470885E-15, 2.414357261555910084E-44, 1.000000000000000000 ) ) ;
#6166 = VECTOR ( 'NONE', #4020, 1000.000000000000000 ) ;
#6167 = EDGE_CURVE ( 'NONE', #9926, #9683, #10198, .T. ) ;
#6168 = SURFACE_STYLE_FILL_AREA ( #2350 ) ;
#6169 =( GEOMETRIC_REPRESENTATION_CONTEXT ( 3 ) GLOBAL_UNCERTAINTY_ASSIGNED_CONTEXT ( ( #7173 ) ) GLOBAL_UNIT_ASSIGNED_CONTEXT ( ( #10429, #4656, #2721 ) ) REPRESENTATION_CONTEXT ( 'NONE', 'WORKASPACE' ) );
#6170 = FILL_AREA_STYLE ('',( #594 ) ) ;
#6171 = UNCERTAINTY_MEASURE_WITH_UNIT (LENGTH_MEASURE( 1.000000000000000082E-05 ), #6923, 'distance_accuracy_value', 'NONE');
#6172 = VERTEX_POINT ( 'NONE', #8379 ) ;
#6173 = AXIS2_PLACEMENT_3D ( 'NONE', #6781, #5822, #2825 ) ;
#6174 = ORIENTED_EDGE ( 'NONE', *, *, #7392, .T. ) ;
#6175 =( NAMED_UNIT ( * ) PLANE_ANGLE_UNIT ( ) SI_UNIT ( $, .RADIAN. ) );
#6176 = AXIS2_PLACEMENT_3D ( 'NONE', #151, #5786, #1228 ) ;
#6177 = DIRECTION ( 'NONE',  ( 0.000000000000000000, 0.000000000000000000, 1.000000000000000000 ) ) ;
#6178 = LINE ( 'NONE', #9943, #10848 ) ;
#6179 = DIRECTION ( 'NONE',  ( -1.000000000000000000, 0.000000000000000000, 0.000000000000000000 ) ) ;
#6180 = DIRECTION ( 'NONE',  ( 0.000000000000000000, -1.000000000000000000, 0.000000000000000000 ) ) ;
#6181 = CARTESIAN_POINT ( 'NONE',  ( -3.500000000000000000, -7.828123272804930129E-16, 7.299999999999999822 ) ) ;
#6182 = DIRECTION ( 'NONE',  ( 2.667866582026795303E-16, 1.000000000000000000, 0.000000000000000000 ) ) ;
#6183 = CARTESIAN_POINT ( 'NONE',  ( -0.4500000000000000111, -2.176962931357979717E-16, -1.199999999999999956 ) ) ;
#6184 = FILL_AREA_STYLE_COLOUR ( '', #4314 ) ;
#6185 = VECTOR ( 'NONE', #6958, 1000.000000000000000 ) ;
#6186 = VECTOR ( 'NONE', #5004, 1000.000000000000000 ) ;
#6187 = EDGE_CURVE ( 'NONE', #4201, #138, #4859, .T. ) ;
#6188 = VECTOR ( 'NONE', #502, 1000.000000000000000 ) ;
#6189 = ORIENTED_EDGE ( 'NONE', *, *, #10520, .T. ) ;
#6190 = PLANE ( 'NONE',  #1213 ) ;
#6191 = FILL_AREA_STYLE_COLOUR ( '', #6724 ) ;
#6192 = FACE_OUTER_BOUND ( 'NONE', #5631, .T. ) ;
#6193 = EDGE_CURVE ( 'NONE', #114, #11511, #8262, .T. ) ;
#6194 = LINE ( 'NONE', #2428, #9283 ) ;
#6195 = DIRECTION ( 'NONE',  ( 1.000000000000000000, 1.927470528863118950E-15, 0.000000000000000000 ) ) ;
#6196 = VECTOR ( 'NONE', #10691, 1000.000000000000000 ) ;
#6197 = PRESENTATION_STYLE_ASSIGNMENT (( #2254 ) ) ;
#6198 = COLOUR_RGB ( '',0.2509803921568627416, 0.2509803921568627416, 0.2509803921568627416 ) ;
#6199 = CARTESIAN_POINT ( 'NONE',  ( -10.11464466094063930, 21.19999999999999929, 7.250000000000000000 ) ) ;
#6200 = CARTESIAN_POINT ( 'NONE',  ( 10.14999999999999858, 3.200000000000000178, -4.500000000000000000 ) ) ;
#6201 = VERTEX_POINT ( 'NONE', #8208 ) ;
#6202 = EDGE_LOOP ( 'NONE', ( #6965, #10907, #5210, #4520 ) ) ;
#6203 = MECHANICAL_DESIGN_GEOMETRIC_PRESENTATION_REPRESENTATION (  '', ( #7414 ), #8400 ) ;
#6204 = CARTESIAN_POINT ( 'NONE',  ( -7.849999999999999645, 0.5500000000000000444, -4.500000000000000000 ) ) ;
#6205 = ORIENTED_EDGE ( 'NONE', *, *, #6309, .F. ) ;
#6206 = STYLED_ITEM ( 'NONE', ( #9833 ), #8955 ) ;
#6207 = FACE_OUTER_BOUND ( 'NONE', #8741, .T. ) ;
#6208 = SURFACE_STYLE_FILL_AREA ( #6970 ) ;
#6209 = CARTESIAN_POINT ( 'NONE',  ( -3.000000000000000000, -2.401009032218154537, 4.899999999999999467 ) ) ;
#6210 = ADVANCED_FACE ( 'NONE', ( #12032 ), #1734, .F. ) ;
#6211 = DIRECTION ( 'NONE',  ( -0.000000000000000000, 1.000000000000000000, 0.000000000000000000 ) ) ;
#6212 = CARTESIAN_POINT ( 'NONE',  ( 0.4500000000002539746, 1.430264645902977647E-14, -1.199999999999999956 ) ) ;
#6213 = SURFACE_STYLE_USAGE ( .BOTH. , #3321 ) ;
#6214 = LINE ( 'NONE', #11043, #7761 ) ;
#6215 = AXIS2_PLACEMENT_3D ( 'NONE', #3615, #2809, #4681 ) ;
#6216 = FACE_OUTER_BOUND ( 'NONE', #12285, .T. ) ;
#6217 = DIRECTION ( 'NONE',  ( 8.182657905550979512E-17, -1.000000000000000000, -7.589415207398510528E-15 ) ) ;
#6218 = PRESENTATION_LAYER_ASSIGNMENT (  '', '', ( #11616 ) ) ;
#6219 =( NAMED_UNIT ( * ) SI_UNIT ( $, .STERADIAN. ) SOLID_ANGLE_UNIT ( ) );
#6220 = ORIENTED_EDGE ( 'NONE', *, *, #1017, .T. ) ;
#6221 = ORIENTED_EDGE ( 'NONE', *, *, #6861, .F. ) ;
#6222 = ORIENTED_EDGE ( 'NONE', *, *, #4917, .T. ) ;
#6223 = ORIENTED_EDGE ( 'NONE', *, *, #10910, .F. ) ;
#6224 = EDGE_CURVE ( 'NONE', #5630, #10351, #1673, .T. ) ;
#6225 =( LENGTH_UNIT ( ) NAMED_UNIT ( * ) SI_UNIT ( .MILLI., .METRE. ) );
#6226 = EDGE_LOOP ( 'NONE', ( #3215, #10168, #8470, #11431 ) ) ;
#6227 = LINE ( 'NONE', #3275, #4264 ) ;
#6228 = SURFACE_SIDE_STYLE ('',( #1353 ) ) ;
#6229 = DIRECTION ( 'NONE',  ( -0.9063077870366501587, 0.4226182617406989972, 0.000000000000000000 ) ) ;
#6230 = FILL_AREA_STYLE_COLOUR ( '', #1527 ) ;
#6231 = AXIS2_PLACEMENT_3D ( 'NONE', #3298, #4298, #3356 ) ;
#6232 = VERTEX_POINT ( 'NONE', #6495 ) ;
#6233 = ORIENTED_EDGE ( 'NONE', *, *, #4900, .T. ) ;
#6234 = EDGE_CURVE ( 'NONE', #12245, #9171, #9325, .T. ) ;
#6235 = EDGE_LOOP ( 'NONE', ( #248, #9323, #476, #1562 ) ) ;
#6236 = EDGE_CURVE ( 'NONE', #2296, #8988, #7403, .T. ) ;
#6237 = LINE ( 'NONE', #7072, #4816 ) ;
#6238 =( NAMED_UNIT ( * ) SI_UNIT ( $, .STERADIAN. ) SOLID_ANGLE_UNIT ( ) );
#6239 = AXIS2_PLACEMENT_3D ( 'NONE', #3643, #5657, #2714 ) ;
#6240 = CARTESIAN_POINT ( 'NONE',  ( 1.649999999999999911, 9.819189486661180344E-16, -8.849999999999999645 ) ) ;
#6241 = AXIS2_PLACEMENT_3D ( 'NONE', #10028, #1445, #5256 ) ;
#6242 = AXIS2_PLACEMENT_3D ( 'NONE', #32, #7683, #5784 ) ;
#6243 = CARTESIAN_POINT ( 'NONE',  ( 10.11464466094068015, 21.19999999999999929, 7.250000000000000000 ) ) ;
#6244 = DIRECTION ( 'NONE',  ( 0.9063077870366491595, 0.4226182617407010511, 0.000000000000000000 ) ) ;
#6245 = DIRECTION ( 'NONE',  ( 0.8660254037844387076, -0.4999999999999998890, 0.000000000000000000 ) ) ;
#6246 = PRESENTATION_LAYER_ASSIGNMENT (  '', '', ( #1256 ) ) ;
#6247 = EDGE_LOOP ( 'NONE', ( #3697, #3044, #12333, #4628 ) ) ;
#6248 = FILL_AREA_STYLE ('',( #7086 ) ) ;
#6249 = CARTESIAN_POINT ( 'NONE',  ( -7.150000000000000355, 0.5500000000000000444, -8.500000000000000000 ) ) ;
#6250 = ADVANCED_FACE ( 'NONE', ( #11141 ), #9264, .T. ) ;
#6251 = CARTESIAN_POINT ( 'NONE',  ( 10.11464466094068015, 21.39999999999999858, 7.299999999999999822 ) ) ;
#6252 =( LENGTH_UNIT ( ) NAMED_UNIT ( * ) SI_UNIT ( .MILLI., .METRE. ) );
#6253 = LINE ( 'NONE', #10080, #12345 ) ;
#6254 = PRESENTATION_LAYER_ASSIGNMENT (  '', '', ( #247 ) ) ;
#6255 = CARTESIAN_POINT ( 'NONE',  ( 1.300000000000000044, 15.75499782797525050, 6.799999999999999822 ) ) ;
#6256 = UNCERTAINTY_MEASURE_WITH_UNIT (LENGTH_MEASURE( 1.000000000000000082E-05 ), #5698, 'distance_accuracy_value', 'NONE');
#6257 = SURFACE_STYLE_FILL_AREA ( #2431 ) ;
#6258 = CARTESIAN_POINT ( 'NONE',  ( 5.349999999999999645, 3.200000000000000178, -8.500000000000000000 ) ) ;
#6259 = CARTESIAN_POINT ( 'NONE',  ( 2.755890891981089956E-14, 6.500000000000000000, 6.799999999999999822 ) ) ;
#6260 = VERTEX_POINT ( 'NONE', #12214 ) ;
#6261 = EDGE_CURVE ( 'NONE', #11730, #2451, #12151, .T. ) ;
#6262 = ORIENTED_EDGE ( 'NONE', *, *, #6051, .T. ) ;
#6263 =( LENGTH_UNIT ( ) NAMED_UNIT ( * ) SI_UNIT ( .MILLI., .METRE. ) );
#6264 = VERTEX_POINT ( 'NONE', #3596 ) ;
#6265 = VECTOR ( 'NONE', #12181, 1000.000000000000000 ) ;
#6266 = DIRECTION ( 'NONE',  ( 0.000000000000000000, 0.000000000000000000, 1.000000000000000000 ) ) ;
#6267 = SURFACE_STYLE_FILL_AREA ( #2440 ) ;
#6268 = PRESENTATION_LAYER_ASSIGNMENT (  '', '', ( #11678 ) ) ;
#6269 = STYLED_ITEM ( 'NONE', ( #4007 ), #1338 ) ;
#6270 =( NAMED_UNIT ( * ) PLANE_ANGLE_UNIT ( ) SI_UNIT ( $, .RADIAN. ) );
#6271 = DIRECTION ( 'NONE',  ( 0.000000000000000000, 0.000000000000000000, -1.000000000000000000 ) ) ;
#6272 = CARTESIAN_POINT ( 'NONE',  ( 3.000000000000000000, 1.949999999999999956, 7.299999999999999822 ) ) ;
#6273 = PRESENTATION_STYLE_ASSIGNMENT (( #1334 ) ) ;
#6274 = CARTESIAN_POINT ( 'NONE',  ( 10.05000000000000071, 21.19999999999999929, -17.80452084174450178 ) ) ;
#6275 = CARTESIAN_POINT ( 'NONE',  ( -1.734723475976809855E-15, 1.000000000000000000, -2.699999999999950440 ) ) ;
#6276 = CARTESIAN_POINT ( 'NONE',  ( -7.200000000000000178, 10.00000000000000000, -3.200000000000084999 ) ) ;
#6277 = VECTOR ( 'NONE', #10213, 1000.000000000000000 ) ;
#6278 = DIRECTION ( 'NONE',  ( 0.9063077870366416100, 0.4226182617407173714, 0.000000000000000000 ) ) ;
#6279 = ADVANCED_BREP_SHAPE_REPRESENTATION ( 'same sky SDF-80J', ( #11854, #12200, #3718, #3880, #3905, #7705, #12177, #8078, #7825, #3617, #5381 ), #9003 ) ;
#6280 = AXIS2_PLACEMENT_3D ( 'NONE', #3576, #3511, #7370 ) ;
#6281 = DIRECTION ( 'NONE',  ( 1.000000000000000000, 0.000000000000000000, 0.000000000000000000 ) ) ;
#6282 = ORIENTED_EDGE ( 'NONE', *, *, #6490, .T. ) ;
#6283 = ADVANCED_FACE ( 'NONE', ( #8439 ), #2486, .T. ) ;
#6284 = UNCERTAINTY_MEASURE_WITH_UNIT (LENGTH_MEASURE( 1.000000000000000082E-05 ), #1021, 'distance_accuracy_value', 'NONE');
#6285 = ORIENTED_EDGE ( 'NONE', *, *, #8018, .T. ) ;
#6286 = ORIENTED_EDGE ( 'NONE', *, *, #9902, .F. ) ;
#6287 = ORIENTED_EDGE ( 'NONE', *, *, #4182, .T. ) ;
#6288 = PLANE ( 'NONE',  #8693 ) ;
#6289 = EDGE_CURVE ( 'NONE', #2399, #5361, #4385, .T. ) ;
#6290 = CARTESIAN_POINT ( 'NONE',  ( 5.349999999999999645, 3.200000000000000178, -4.500000000000000000 ) ) ;
#6291 = EDGE_LOOP ( 'NONE', ( #6613, #8343, #3216, #4781 ) ) ;
#6292 = PRESENTATION_LAYER_ASSIGNMENT (  '', '', ( #7300 ) ) ;
#6293 = DIRECTION ( 'NONE',  ( 1.000000000000000000, 0.000000000000000000, 0.000000000000000000 ) ) ;
#6294 = DIRECTION ( 'NONE',  ( -1.000000000000000000, 0.000000000000000000, 0.000000000000000000 ) ) ;
#6295 = SURFACE_STYLE_FILL_AREA ( #5221 ) ;
#6296 = DIRECTION ( 'NONE',  ( 1.000000000000000000, 0.000000000000000000, 0.000000000000000000 ) ) ;
#6297 = EDGE_CURVE ( 'NONE', #8925, #3012, #1793, .T. ) ;
#6298 = MECHANICAL_DESIGN_GEOMETRIC_PRESENTATION_REPRESENTATION (  '', ( #11696 ), #6693 ) ;
#6299 = ORIENTED_EDGE ( 'NONE', *, *, #11756, .T. ) ;
#6300 = ORIENTED_EDGE ( 'NONE', *, *, #10879, .T. ) ;
#6301 = EDGE_LOOP ( 'NONE', ( #5272, #7443, #12087, #7738 ) ) ;
#6302 = CYLINDRICAL_SURFACE ( 'NONE', #9925, 0.04999999999999969746 ) ;
#6303 = UNCERTAINTY_MEASURE_WITH_UNIT (LENGTH_MEASURE( 1.000000000000000082E-05 ), #2770, 'distance_accuracy_value', 'NONE');
#6304 = FACE_OUTER_BOUND ( 'NONE', #3560, .T. ) ;
#6305 = FILL_AREA_STYLE_COLOUR ( '', #791 ) ;
#6306 = LINE ( 'NONE', #5592, #250 ) ;
#6307 = FILL_AREA_STYLE_COLOUR ( '', #11973 ) ;
#6308 = VECTOR ( 'NONE', #3797, 1000.000000000000000 ) ;
#6309 = EDGE_CURVE ( 'NONE', #8654, #6033, #5605, .T. ) ;
#6310 = DIRECTION ( 'NONE',  ( 1.000000000000000000, 0.000000000000000000, 0.000000000000000000 ) ) ;
#6311 = CARTESIAN_POINT ( 'NONE',  ( 3.000000000000000000, 1.949999999999999956, 7.250000000000000000 ) ) ;
#6312 = EDGE_CURVE ( 'NONE', #1330, #11419, #9603, .T. ) ;
#6313 = EDGE_CURVE ( 'NONE', #9171, #11755, #7267, .T. ) ;
#6314 = VECTOR ( 'NONE', #5547, 1000.000000000000000 ) ;
#6315 = ORIENTED_EDGE ( 'NONE', *, *, #2374, .T. ) ;
#6316 = DIRECTION ( 'NONE',  ( -1.000000000000000000, 0.000000000000000000, 0.000000000000000000 ) ) ;
#6317 = LINE ( 'NONE', #1552, #33 ) ;
#6318 = LINE ( 'NONE', #8756, #7210 ) ;
#6319 = DIRECTION ( 'NONE',  ( 0.000000000000000000, 0.000000000000000000, 1.000000000000000000 ) ) ;
#6320 =( NAMED_UNIT ( * ) SI_UNIT ( $, .STERADIAN. ) SOLID_ANGLE_UNIT ( ) );
#6321 =( NAMED_UNIT ( * ) SI_UNIT ( $, .STERADIAN. ) SOLID_ANGLE_UNIT ( ) );
#6322 = LINE ( 'NONE', #4428, #9402 ) ;
#6323 = STYLED_ITEM ( 'NONE', ( #9970 ), #4759 ) ;
#6324 = EDGE_CURVE ( 'NONE', #5450, #4671, #6318, .T. ) ;
#6325 = VERTEX_POINT ( 'NONE', #1116 ) ;
#6326 = ORIENTED_EDGE ( 'NONE', *, *, #5527, .F. ) ;
#6327 = CARTESIAN_POINT ( 'NONE',  ( 10.14999999999999858, 17.02499999999999858, -6.099999999999869971 ) ) ;
#6328 = PRESENTATION_STYLE_ASSIGNMENT (( #1565 ) ) ;
#6329 = FILL_AREA_STYLE ('',( #11098 ) ) ;
#6330 = AXIS2_PLACEMENT_3D ( 'NONE', #2314, #8147, #1378 ) ;
#6331 = LINE ( 'NONE', #1447, #2420 ) ;
#6332 = MECHANICAL_DESIGN_GEOMETRIC_PRESENTATION_REPRESENTATION (  '', ( #7145 ), #1909 ) ;
#6333 = CARTESIAN_POINT ( 'NONE',  ( -3.499999638942034696, 10.00158978159489997, -1.199999999999999956 ) ) ;
#6334 = CARTESIAN_POINT ( 'NONE',  ( -0.3499999999999999778, 3.200000000000000178, -10.50000000000000000 ) ) ;
#6335 =( NAMED_UNIT ( * ) PLANE_ANGLE_UNIT ( ) SI_UNIT ( $, .RADIAN. ) );
#6336 = LINE ( 'NONE', #10155, #3524 ) ;
#6337 = CARTESIAN_POINT ( 'NONE',  ( 2.149999999999999911, 0.5500000000000000444, -4.500000000000000000 ) ) ;
#6338 = DIRECTION ( 'NONE',  ( -2.409338161078900167E-16, 1.000000000000000000, 0.000000000000000000 ) ) ;
#6339 = ORIENTED_EDGE ( 'NONE', *, *, #3724, .F. ) ;
#6340 = ORIENTED_EDGE ( 'NONE', *, *, #4155, .T. ) ;
#6341 = VERTEX_POINT ( 'NONE', #4910 ) ;
#6342 = ORIENTED_EDGE ( 'NONE', *, *, #1195, .T. ) ;
#6343 = PLANE ( 'NONE',  #10283 ) ;
#6344 = CARTESIAN_POINT ( 'NONE',  ( 10.14999999999999858, 1.677444870637950048E-15, -2.699999999999950440 ) ) ;
#6345 = ORIENTED_EDGE ( 'NONE', *, *, #9206, .T. ) ;
#6346 = VECTOR ( 'NONE', #1931, 1000.000000000000000 ) ;
#6347 = EDGE_CURVE ( 'NONE', #7633, #2016, #3844, .T. ) ;
#6348 = FILL_AREA_STYLE ('',( #8412 ) ) ;
#6349 = DIRECTION ( 'NONE',  ( 0.000000000000000000, 0.000000000000000000, -1.000000000000000000 ) ) ;
#6350 = AXIS2_PLACEMENT_3D ( 'NONE', #4227, #548, #11072 ) ;
#6351 = DIRECTION ( 'NONE',  ( 4.962700161537330485E-15, -1.000000000000000000, -7.589415207398510528E-15 ) ) ;
#6352 = VECTOR ( 'NONE', #5674, 1000.000000000000000 ) ;
#6353 = ORIENTED_EDGE ( 'NONE', *, *, #2701, .T. ) ;
#6354 = ORIENTED_EDGE ( 'NONE', *, *, #4831, .F. ) ;
#6355 = CARTESIAN_POINT ( 'NONE',  ( -1.915147174717005019, 9.396136669551880871, 6.799999999999999822 ) ) ;
#6356 = ORIENTED_EDGE ( 'NONE', *, *, #5880, .F. ) ;
#6357 = CARTESIAN_POINT ( 'NONE',  ( -10.14999999999999858, 21.16464466094064889, 7.250000000000000000 ) ) ;
#6358 = LINE ( 'NONE', #1660, #5097 ) ;
#6359 = COLOUR_RGB ( '',0.2509803921568627416, 0.2509803921568627416, 0.2509803921568627416 ) ;
#6360 = DIRECTION ( 'NONE',  ( 0.000000000000000000, 0.000000000000000000, 1.000000000000000000 ) ) ;
#6361 = FACE_BOUND ( 'NONE', #11878, .T. ) ;
#6362 = EDGE_CURVE ( 'NONE', #2540, #4749, #6805, .T. ) ;
#6363 = FACE_OUTER_BOUND ( 'NONE', #9397, .T. ) ;
#6364 = EDGE_CURVE ( 'NONE', #6723, #6260, #3032, .T. ) ;
#6365 = AXIS2_PLACEMENT_3D ( 'NONE', #5478, #2844, #6675 ) ;
#6366 = LINE ( 'NONE', #785, #10860 ) ;
#6367 = CARTESIAN_POINT ( 'NONE',  ( -10.14461134518045959, 21.15976310729380216, 7.276099332938199993 ) ) ;
#6368 = CARTESIAN_POINT ( 'NONE',  ( 2.850000000000000089, 3.200000000000000178, -8.500000000000000000 ) ) ;
#6369 = MECHANICAL_DESIGN_GEOMETRIC_PRESENTATION_REPRESENTATION (  '', ( #5359 ), #2491 ) ;
#6370 = DIRECTION ( 'NONE',  ( 8.182657905550979512E-17, -1.000000000000000000, -7.589415207398510528E-15 ) ) ;
#6371 = MECHANICAL_DESIGN_GEOMETRIC_PRESENTATION_REPRESENTATION (  '', ( #5960 ), #2953 ) ;
#6372 = EDGE_LOOP ( 'NONE', ( #4700, #2065, #6713, #1009 ) ) ;
#6373 = AXIS2_PLACEMENT_3D ( 'NONE', #7362, #5578, #11173 ) ;
#6374 = ORIENTED_EDGE ( 'NONE', *, *, #5193, .T. ) ;
#6375 = FACE_OUTER_BOUND ( 'NONE', #9559, .T. ) ;
#6376 = CARTESIAN_POINT ( 'NONE',  ( -10.05000000000000071, 8.900000000000000355, 7.299999999999999822 ) ) ;
#6377 = CARTESIAN_POINT ( 'NONE',  ( 3.000000000000000000, 1.649999999999999911, 5.150000000000000355 ) ) ;
#6378 = ADVANCED_FACE ( 'NONE', ( #2968 ), #3719, .F. ) ;
#6379 = ADVANCED_FACE ( 'NONE', ( #7815 ), #11632, .T. ) ;
#6380 =( NAMED_UNIT ( * ) PLANE_ANGLE_UNIT ( ) SI_UNIT ( $, .RADIAN. ) );
#6381 = MECHANICAL_DESIGN_GEOMETRIC_PRESENTATION_REPRESENTATION (  '', ( #9390 ), #5371 ) ;
#6382 = CARTESIAN_POINT ( 'NONE',  ( 10.14999999999999858, 21.16464466094064889, 7.250000000000000000 ) ) ;
#6383 = CARTESIAN_POINT ( 'NONE',  ( -6.250000000000000000, 2.700000000000000178, 7.500000000000000000 ) ) ;
#6384 = EDGE_LOOP ( 'NONE', ( #9984, #7902, #11861, #266 ) ) ;
#6385 = ORIENTED_EDGE ( 'NONE', *, *, #7108, .F. ) ;
#6386 = SURFACE_STYLE_USAGE ( .BOTH. , #11275 ) ;
#6387 = CARTESIAN_POINT ( 'NONE',  ( -7.150000000000000355, 3.200000000000000178, -8.500000000000000000 ) ) ;
#6388 = PLANE ( 'NONE',  #3203 ) ;
#6389 = DIRECTION ( 'NONE',  ( 0.000000000000000000, -1.000000000000000000, 0.000000000000000000 ) ) ;
#6390 = EDGE_CURVE ( 'NONE', #10225, #3928, #6743, .T. ) ;
#6391 = CARTESIAN_POINT ( 'NONE',  ( -10.14999999999999858, -9.906536840856998471E-14, -4.500000000000000000 ) ) ;
#6392 = FILL_AREA_STYLE_COLOUR ( '', #1886 ) ;
#6393 = ADVANCED_FACE ( 'NONE', ( #2793 ), #3764, .T. ) ;
#6394 = FILL_AREA_STYLE ('',( #8167 ) ) ;
#6395 = SURFACE_SIDE_STYLE ('',( #5507 ) ) ;
#6396 = ORIENTED_EDGE ( 'NONE', *, *, #4037, .T. ) ;
#6397 = CIRCLE ( 'NONE', #2986, 2.125000000000000000 ) ;
#6398 = ORIENTED_EDGE ( 'NONE', *, *, #759, .F. ) ;
#6399 = ORIENTED_EDGE ( 'NONE', *, *, #9381, .F. ) ;
#6400 = ORIENTED_EDGE ( 'NONE', *, *, #6611, .T. ) ;
#6401 = CARTESIAN_POINT ( 'NONE',  ( 3.000000000000000000, 2.000000000000000000, 7.299999999999999822 ) ) ;
#6402 = DIRECTION ( 'NONE',  ( 7.532798415146101022E-29, -7.589415207398510528E-15, 1.000000000000000000 ) ) ;
#6403 = CARTESIAN_POINT ( 'NONE',  ( -8.149999999999998579, 2.699999999999920242, 1.500000000000000000 ) ) ;
#6404 = CIRCLE ( 'NONE', #4195, 7.100000000000000533 ) ;
#6405 = FACE_OUTER_BOUND ( 'NONE', #10668, .T. ) ;
#6406 = DIRECTION ( 'NONE',  ( -1.000000000000000000, 0.000000000000000000, 3.718869191154470885E-15 ) ) ;
#6407 = PLANE ( 'NONE',  #10731 ) ;
#6408 = VERTEX_POINT ( 'NONE', #4724 ) ;
#6409 = VERTEX_POINT ( 'NONE', #6683 ) ;
#6410 = EDGE_CURVE ( 'NONE', #2296, #4116, #10505, .T. ) ;
#6411 = STYLED_ITEM ( 'NONE', ( #10148 ), #9532 ) ;
#6412 = EDGE_LOOP ( 'NONE', ( #269, #7707, #8987, #9046 ) ) ;
#6413 = CARTESIAN_POINT ( 'NONE',  ( 5.505006907668989591, 3.178317220033385126, -1.199999999999999956 ) ) ;
#6414 = ORIENTED_EDGE ( 'NONE', *, *, #7755, .F. ) ;
#6415 =( LENGTH_UNIT ( ) NAMED_UNIT ( * ) SI_UNIT ( .MILLI., .METRE. ) );
#6416 = CARTESIAN_POINT ( 'NONE',  ( 0.000000000000000000, 10.00000000000000000, 6.000000000000000000 ) ) ;
#6417 = SURFACE_SIDE_STYLE ('',( #4590 ) ) ;
#6418 = SURFACE_STYLE_USAGE ( .BOTH. , #9129 ) ;
#6419 = DIRECTION ( 'NONE',  ( 7.532798415146101022E-29, -7.589415207398510528E-15, 1.000000000000000000 ) ) ;
#6420 = DIRECTION ( 'NONE',  ( 0.000000000000000000, -7.589415207398510528E-15, 1.000000000000000000 ) ) ;
#6421 = CARTESIAN_POINT ( 'NONE',  ( -10.23049666469079888, 21.15488155364689860, 7.473056725902490705 ) ) ;
#6422 = SURFACE_SIDE_STYLE ('',( #9317 ) ) ;
#6423 = DIRECTION ( 'NONE',  ( 0.000000000000000000, 0.000000000000000000, -1.000000000000000000 ) ) ;
#6424 = DIRECTION ( 'NONE',  ( 0.000000000000000000, 1.000000000000000000, 0.000000000000000000 ) ) ;
#6425 = ADVANCED_FACE ( 'NONE', ( #9580 ), #984, .F. ) ;
#6426 = ORIENTED_EDGE ( 'NONE', *, *, #820, .T. ) ;
#6427 = VECTOR ( 'NONE', #6671, 1000.000000000000000 ) ;
#6428 = EDGE_LOOP ( 'NONE', ( #5481, #6985, #4934, #3200 ) ) ;
#6429 = FILL_AREA_STYLE_COLOUR ( '', #5586 ) ;
#6430 = ADVANCED_FACE ( 'NONE', ( #418 ), #3286, .F. ) ;
#6431 = DIRECTION ( 'NONE',  ( 0.000000000000000000, 0.000000000000000000, 1.000000000000000000 ) ) ;
#6432 = CARTESIAN_POINT ( 'NONE',  ( -7.850000000000169287, 17.02499999999999858, -6.099999999999869971 ) ) ;
#6433 = CARTESIAN_POINT ( 'NONE',  ( 3.000000000000000000, 1.899999999999999911, 5.150000000000000355 ) ) ;
#6434 = CARTESIAN_POINT ( 'NONE',  ( -7.500000000000000000, 0.1653805922286634700, 0.7249999999999999778 ) ) ;
#6435 = FACE_OUTER_BOUND ( 'NONE', #4937, .T. ) ;
#6436 = FILL_AREA_STYLE_COLOUR ( '', #3979 ) ;
#6437 = VECTOR ( 'NONE', #7868, 1000.000000000000000 ) ;
#6438 = LINE ( 'NONE', #1680, #11184 ) ;
#6439 = STYLED_ITEM ( 'NONE', ( #1864 ), #8843 ) ;
#6440 = COLOUR_RGB ( '',0.2509803921568627416, 0.2509803921568627416, 0.2509803921568627416 ) ;
#6441 = ORIENTED_EDGE ( 'NONE', *, *, #6462, .T. ) ;
#6442 = VERTEX_POINT ( 'NONE', #9821 ) ;
#6443 = ADVANCED_FACE ( 'NONE', ( #10948 ), #7882, .F. ) ;
#6444 = PRESENTATION_STYLE_ASSIGNMENT (( #3667 ) ) ;
#6445 = DIRECTION ( 'NONE',  ( 0.000000000000000000, 0.000000000000000000, 1.000000000000000000 ) ) ;
#6446 = CARTESIAN_POINT ( 'NONE',  ( 7.500000000000000000, 6.500000000000079936, -0.2000000000000000111 ) ) ;
#6447 = AXIS2_PLACEMENT_3D ( 'NONE', #7236, #9928, #10167 ) ;
#6448 = EDGE_CURVE ( 'NONE', #9650, #5447, #279, .T. ) ;
#6449 = CARTESIAN_POINT ( 'NONE',  ( 2.000000000000000000, 1.649999999999999911, 5.100000000000000533 ) ) ;
#6450 = DIRECTION ( 'NONE',  ( 0.000000000000000000, 1.000000000000000000, 0.000000000000000000 ) ) ;
#6451 = VECTOR ( 'NONE', #5058, 1000.000000000000000 ) ;
#6452 = SURFACE_SIDE_STYLE ('',( #6631 ) ) ;
#6453 = FILL_AREA_STYLE_COLOUR ( '', #2306 ) ;
#6454 = AXIS2_PLACEMENT_3D ( 'NONE', #679, #4484, #8324 ) ;
#6455 = CARTESIAN_POINT ( 'NONE',  ( 0.000000000000000000, 0.000000000000000000, -1.199999999999999956 ) ) ;
#6456 = LINE ( 'NONE', #10270, #4337 ) ;
#6457 = DIRECTION ( 'NONE',  ( 0.000000000000000000, -1.000000000000000000, -7.589415207398510528E-15 ) ) ;
#6458 = EDGE_CURVE ( 'NONE', #9489, #9067, #5229, .T. ) ;
#6459 =( GEOMETRIC_REPRESENTATION_CONTEXT ( 3 ) GLOBAL_UNCERTAINTY_ASSIGNED_CONTEXT ( ( #3851 ) ) GLOBAL_UNIT_ASSIGNED_CONTEXT ( ( #5327, #7285, #379 ) ) REPRESENTATION_CONTEXT ( 'NONE', 'WORKASPACE' ) );
#6460 = ORIENTED_EDGE ( 'NONE', *, *, #5530, .T. ) ;
#6461 = ADVANCED_FACE ( 'NONE', ( #6940 ), #11959, .T. ) ;
#6462 = EDGE_CURVE ( 'NONE', #2724, #10528, #7945, .T. ) ;
#6463 = CIRCLE ( 'NONE', #9677, 0.9250000000000004885 ) ;
#6464 = ORIENTED_EDGE ( 'NONE', *, *, #182, .T. ) ;
#6465 = ORIENTED_EDGE ( 'NONE', *, *, #3768, .F. ) ;
#6466 = VECTOR ( 'NONE', #7671, 1000.000000000000000 ) ;
#6467 = ORIENTED_EDGE ( 'NONE', *, *, #3363, .T. ) ;
#6468 = CARTESIAN_POINT ( 'NONE',  ( 7.349999999999999645, 2.700000000000000178, 1.500000000000000000 ) ) ;
#6469 = SURFACE_STYLE_USAGE ( .BOTH. , #2760 ) ;
#6470 = COLOUR_RGB ( '',0.2509803921568627416, 0.2509803921568627416, 0.2509803921568627416 ) ;
#6471 = DIRECTION ( 'NONE',  ( 1.000000000000000000, 0.000000000000000000, 0.000000000000000000 ) ) ;
#6472 = CIRCLE ( 'NONE', #5044, 0.8999999999999998002 ) ;
#6473 = CYLINDRICAL_SURFACE ( 'NONE', #6784, 0.7999999999999994893 ) ;
#6474 = CARTESIAN_POINT ( 'NONE',  ( 1.968193061355719919, 11.21240298306872063, -1.199999999999999956 ) ) ;
#6475 = EDGE_CURVE ( 'NONE', #6577, #12194, #10818, .T. ) ;
#6476 = EDGE_LOOP ( 'NONE', ( #10252, #5290 ) ) ;
#6477 = ORIENTED_EDGE ( 'NONE', *, *, #5347, .T. ) ;
#6478 = ORIENTED_EDGE ( 'NONE', *, *, #2700, .T. ) ;
#6479 = CARTESIAN_POINT ( 'NONE',  ( -3.000000000000000000, 2.000000000000000000, 7.299999999999999822 ) ) ;
#6480 = CARTESIAN_POINT ( 'NONE',  ( 7.849999999999999645, -3.000000000000000000, -7.000000000000000000 ) ) ;
#6481 = ORIENTED_EDGE ( 'NONE', *, *, #607, .T. ) ;
#6482 = CARTESIAN_POINT ( 'NONE',  ( -10.12609933293813924, 21.15488155364689860, 7.294611345180529227 ) ) ;
#6483 = LINE ( 'NONE', #779, #2704 ) ;
#6484 = PLANE ( 'NONE',  #8248 ) ;
#6485 = FILL_AREA_STYLE_COLOUR ( '', #9613 ) ;
#6486 = CARTESIAN_POINT ( 'NONE',  ( -10.09999999999999964, 21.14999999999999858, 7.297979999999999912 ) ) ;
#6487 = CARTESIAN_POINT ( 'NONE',  ( -5.349999999999999645, 0.5500000000000000444, -5.500000000000000000 ) ) ;
#6488 = AXIS2_PLACEMENT_3D ( 'NONE', #2624, #5629, #10221 ) ;
#6489 = DIRECTION ( 'NONE',  ( -0.000000000000000000, 1.000000000000000000, 0.000000000000000000 ) ) ;
#6490 = EDGE_CURVE ( 'NONE', #9701, #7336, #5096, .T. ) ;
#6491 = CARTESIAN_POINT ( 'NONE',  ( -3.035724311311005064, 5.655240135171010429, 6.799999999999999822 ) ) ;
#6492 = ORIENTED_EDGE ( 'NONE', *, *, #2907, .F. ) ;
#6493 = ORIENTED_EDGE ( 'NONE', *, *, #10956, .T. ) ;
#6494 =( LENGTH_UNIT ( ) NAMED_UNIT ( * ) SI_UNIT ( .MILLI., .METRE. ) );
#6495 = CARTESIAN_POINT ( 'NONE',  ( -2.850000000000000089, 0.5500000000000000444, -7.000000000000000000 ) ) ;
#6496 = CARTESIAN_POINT ( 'NONE',  ( 0.000000000000000000, 10.00000000000000000, -3.200000000000084999 ) ) ;
#6497 = SURFACE_STYLE_FILL_AREA ( #12217 ) ;
#6498 = LINE ( 'NONE', #7514, #6960 ) ;
#6499 = ADVANCED_FACE ( 'NONE', ( #4158 ), #8011, .F. ) ;
#6500 = SURFACE_SIDE_STYLE ('',( #11395 ) ) ;
#6501 = DIRECTION ( 'NONE',  ( 0.000000000000000000, 0.000000000000000000, 1.000000000000000000 ) ) ;
#6502 = AXIS2_PLACEMENT_3D ( 'NONE', #7727, #8592, #10595 ) ;
#6503 = DIRECTION ( 'NONE',  ( 0.000000000000000000, 0.000000000000000000, -1.000000000000000000 ) ) ;
#6504 = ORIENTED_EDGE ( 'NONE', *, *, #2161, .T. ) ;
#6505 = VERTEX_POINT ( 'NONE', #3644 ) ;
#6506 = ORIENTED_EDGE ( 'NONE', *, *, #6490, .F. ) ;
#6507 = DIRECTION ( 'NONE',  ( -1.000000000000000000, 0.000000000000000000, 0.000000000000000000 ) ) ;
#6508 = STYLED_ITEM ( 'NONE', ( #9454 ), #547 ) ;
#6509 = CARTESIAN_POINT ( 'NONE',  ( 10.11464466094068015, 21.19999999999999929, 7.250000000000000000 ) ) ;
#6510 = DIRECTION ( 'NONE',  ( -1.000000000000000000, -4.837695403017760315E-16, 0.000000000000000000 ) ) ;
#6511 = DIRECTION ( 'NONE',  ( 0.000000000000000000, 0.000000000000000000, -1.000000000000000000 ) ) ;
#6512 = EDGE_CURVE ( 'NONE', #11035, #640, #8365, .T. ) ;
#6513 = STYLED_ITEM ( 'NONE', ( #6015 ), #4778 ) ;
#6514 = DIRECTION ( 'NONE',  ( -3.252606517456510541E-15, 0.000000000000000000, 1.000000000000000000 ) ) ;
#6515 = DIRECTION ( 'NONE',  ( 0.000000000000000000, 1.301042606982603842E-16, -1.000000000000000000 ) ) ;
#6516 = AXIS2_PLACEMENT_3D ( 'NONE', #9713, #9950, #10955 ) ;
#6517 =( LENGTH_UNIT ( ) NAMED_UNIT ( * ) SI_UNIT ( .MILLI., .METRE. ) );
#6518 = ORIENTED_EDGE ( 'NONE', *, *, #5475, .T. ) ;
#6519 = ORIENTED_EDGE ( 'NONE', *, *, #6042, .T. ) ;
#6520 = ORIENTED_EDGE ( 'NONE', *, *, #6653, .T. ) ;
#6521 = AXIS2_PLACEMENT_3D ( 'NONE', #1555, #434, #3300 ) ;
#6522 = ORIENTED_EDGE ( 'NONE', *, *, #6933, .T. ) ;
#6523 = UNCERTAINTY_MEASURE_WITH_UNIT (LENGTH_MEASURE( 1.000000000000000082E-05 ), #6910, 'distance_accuracy_value', 'NONE');
#6524 = DIRECTION ( 'NONE',  ( 3.491481338843135327E-15, -1.387778780781445922E-16, -1.000000000000000000 ) ) ;
#6525 = FACE_OUTER_BOUND ( 'NONE', #11551, .T. ) ;
#6526 = EDGE_CURVE ( 'NONE', #10584, #12384, #12199, .T. ) ;
#6527 = PRESENTATION_STYLE_ASSIGNMENT (( #2460 ) ) ;
#6528 = EDGE_CURVE ( 'NONE', #9110, #6027, #3466, .T. ) ;
#6529 = AXIS2_PLACEMENT_3D ( 'NONE', #8697, #5795, #11577 ) ;
#6530 =( NAMED_UNIT ( * ) PLANE_ANGLE_UNIT ( ) SI_UNIT ( $, .RADIAN. ) );
#6531 = DIRECTION ( 'NONE',  ( 0.000000000000000000, 0.000000000000000000, 1.000000000000000000 ) ) ;
#6532 = ORIENTED_EDGE ( 'NONE', *, *, #11003, .F. ) ;
#6533 = ORIENTED_EDGE ( 'NONE', *, *, #10809, .F. ) ;
#6534 = EDGE_LOOP ( 'NONE', ( #1502, #6460, #9302, #1815 ) ) ;
#6535 = SURFACE_STYLE_USAGE ( .BOTH. , #10487 ) ;
#6536 = VECTOR ( 'NONE', #8917, 1000.000000000000000 ) ;
#6537 = CARTESIAN_POINT ( 'NONE',  ( 7.786542750846559890, 13.15115089915409818, -4.599999999999999645 ) ) ;
#6538 = VERTEX_POINT ( 'NONE', #10063 ) ;
#6539 = DIRECTION ( 'NONE',  ( 0.4226182617407014397, 0.9063077870366489375, 0.000000000000000000 ) ) ;
#6540 = LINE ( 'NONE', #7375, #6427 ) ;
#6541 = CARTESIAN_POINT ( 'NONE',  ( 2.850000000000000089, 0.5500000000000000444, -8.500000000000000000 ) ) ;
#6542 = DIRECTION ( 'NONE',  ( 0.000000000000000000, 0.000000000000000000, -1.000000000000000000 ) ) ;
#6543 = ADVANCED_FACE ( 'NONE', ( #4469 ), #4411, .F. ) ;
#6544 = LINE ( 'NONE', #10365, #3841 ) ;
#6545 = PLANE ( 'NONE',  #148 ) ;
#6546 = FACE_OUTER_BOUND ( 'NONE', #1301, .T. ) ;
#6547 = MECHANICAL_DESIGN_GEOMETRIC_PRESENTATION_REPRESENTATION (  '', ( #4931 ), #11356 ) ;
#6548 = DIRECTION ( 'NONE',  ( -0.9396926207859085389, 0.3420201433256683243, 3.494593936595916428E-15 ) ) ;
#6549 = VERTEX_POINT ( 'NONE', #11128 ) ;
#6550 = PRESENTATION_LAYER_ASSIGNMENT (  '', '', ( #2357 ) ) ;
#6551 = ORIENTED_EDGE ( 'NONE', *, *, #2990, .F. ) ;
#6552 = CARTESIAN_POINT ( 'NONE',  ( -2.475435743013954859, 7.525688402361390139, 6.799999999999999822 ) ) ;
#6553 = DIRECTION ( 'NONE',  ( 0.000000000000000000, 0.000000000000000000, 1.000000000000000000 ) ) ;
#6554 = COLOUR_RGB ( '',0.2509803921568627416, 0.2509803921568627416, 0.2509803921568627416 ) ;
#6555 = ADVANCED_FACE ( 'NONE', ( #6361, #10184, #4591, #5411 ), #9371, .F. ) ;
#6556 =( LENGTH_UNIT ( ) NAMED_UNIT ( * ) SI_UNIT ( .MILLI., .METRE. ) );
#6557 = CARTESIAN_POINT ( 'NONE',  ( -1.968193061355719919, 11.21240298306872063, 6.799999999999999822 ) ) ;
#6558 = STYLED_ITEM ( 'NONE', ( #664 ), #3680 ) ;
#6559 = DIRECTION ( 'NONE',  ( 0.000000000000000000, 0.000000000000000000, -1.000000000000000000 ) ) ;
#6560 = LINE ( 'NONE', #2975, #4304 ) ;
#6561 = CYLINDRICAL_SURFACE ( 'NONE', #2777, 7.200000000000000178 ) ;
#6562 = ORIENTED_EDGE ( 'NONE', *, *, #3331, .T. ) ;
#6563 = EDGE_CURVE ( 'NONE', #700, #3456, #1963, .T. ) ;
#6564 = ORIENTED_EDGE ( 'NONE', *, *, #4228, .T. ) ;
#6565 = FILL_AREA_STYLE_COLOUR ( '', #7654 ) ;
#6566 = CARTESIAN_POINT ( 'NONE',  ( -7.500000000000000000, -0.2298097038857039864, -0.2000000000000000111 ) ) ;
#6567 = AXIS2_PLACEMENT_3D ( 'NONE', #8046, #3073, #2211 ) ;
#6568 = DIRECTION ( 'NONE',  ( -1.000000000000000000, -2.222335965042885048E-29, 7.210350529997600296E-15 ) ) ;
#6569 = CARTESIAN_POINT ( 'NONE',  ( -3.500000000000000000, 2.000000000000000000, 7.299999999999999822 ) ) ;
#6570 = APPLICATION_CONTEXT ( 'automotive_design' ) ;
#6571 = CARTESIAN_POINT ( 'NONE',  ( -10.05000000000000071, -1.224646799160395975E-17, 7.500000000000000000 ) ) ;
#6572 =( GEOMETRIC_REPRESENTATION_CONTEXT ( 3 ) GLOBAL_UNCERTAINTY_ASSIGNED_CONTEXT ( ( #4268 ) ) GLOBAL_UNIT_ASSIGNED_CONTEXT ( ( #5401, #768, #12309 ) ) REPRESENTATION_CONTEXT ( 'NONE', 'WORKASPACE' ) );
#6573 = CARTESIAN_POINT ( 'NONE',  ( 5.505006907668989591, 3.178317220033294976, -1.199999999999999956 ) ) ;
#6574 = ORIENTED_EDGE ( 'NONE', *, *, #1168, .T. ) ;
#6575 = AXIS2_PLACEMENT_3D ( 'NONE', #2391, #5068, #4546 ) ;
#6576 = ORIENTED_EDGE ( 'NONE', *, *, #8804, .T. ) ;
#6577 = VERTEX_POINT ( 'NONE', #6541 ) ;
#6578 = EDGE_CURVE ( 'NONE', #4212, #4870, #911, .T. ) ;
#6579 = ORIENTED_EDGE ( 'NONE', *, *, #2291, .T. ) ;
#6580 = CARTESIAN_POINT ( 'NONE',  ( 10.09999999999999964, 21.14999999999999858, 7.299999999999999822 ) ) ;
#6581 = VECTOR ( 'NONE', #3590, 1000.000000000000227 ) ;
#6582 = SURFACE_STYLE_USAGE ( .BOTH. , #3689 ) ;
#6583 = EDGE_CURVE ( 'NONE', #9335, #3758, #5783, .T. ) ;
#6584 = CARTESIAN_POINT ( 'NONE',  ( 2.000000000000000000, -2.401009032218150097, 5.150000000000000355 ) ) ;
#6585 = VECTOR ( 'NONE', #3097, 1000.000000000000000 ) ;
#6586 = MECHANICAL_DESIGN_GEOMETRIC_PRESENTATION_REPRESENTATION (  '', ( #5577 ), #1984 ) ;
#6587 = CARTESIAN_POINT ( 'NONE',  ( -10.05000000000000071, 8.750000000000000000, 7.500000000000000000 ) ) ;
#6588 = ORIENTED_EDGE ( 'NONE', *, *, #9892, .F. ) ;
#6589 = ORIENTED_EDGE ( 'NONE', *, *, #917, .T. ) ;
#6590 = EDGE_LOOP ( 'NONE', ( #8736, #88, #1803, #9490 ) ) ;
#6591 = EDGE_CURVE ( 'NONE', #7032, #10843, #11441, .T. ) ;
#6592 = ORIENTED_EDGE ( 'NONE', *, *, #6261, .T. ) ;
#6593 = VECTOR ( 'NONE', #8165, 999.9999999999998863 ) ;
#6594 = DIRECTION ( 'NONE',  ( -1.298436238251450266E-29, 1.000000000000000000, 9.009711298215211332E-44 ) ) ;
#6595 = MECHANICAL_DESIGN_GEOMETRIC_PRESENTATION_REPRESENTATION (  '', ( #9407 ), #3776 ) ;
#6596 = VERTEX_POINT ( 'NONE', #11619 ) ;
#6597 = FILL_AREA_STYLE ('',( #3639 ) ) ;
#6598 = LINE ( 'NONE', #6974, #4576 ) ;
#6599 = DIRECTION ( 'NONE',  ( 0.000000000000000000, -1.000000000000000000, -8.054073281320982040E-15 ) ) ;
#6600 = DIRECTION ( 'NONE',  ( 0.000000000000000000, 0.000000000000000000, -1.000000000000000000 ) ) ;
#6601 = ADVANCED_FACE ( 'NONE', ( #9693 ), #3889, .F. ) ;
#6602 = CARTESIAN_POINT ( 'NONE',  ( 2.149999999999999911, 0.5500000000000000444, -7.000000000000000000 ) ) ;
#6603 = CARTESIAN_POINT ( 'NONE',  ( -4.646130973617839999, 9.963660026517290547, -1.199999999999999956 ) ) ;
#6604 = CARTESIAN_POINT ( 'NONE',  ( -10.34999999999999964, 21.16464466094064889, 7.250000000000000000 ) ) ;
#6605 = LINE ( 'NONE', #9375, #5333 ) ;
#6606 = UNCERTAINTY_MEASURE_WITH_UNIT (LENGTH_MEASURE( 1.000000000000000082E-05 ), #4177, 'distance_accuracy_value', 'NONE');
#6607 = PLANE ( 'NONE',  #3542 ) ;
#6608 = DIRECTION ( 'NONE',  ( 1.000000000000000000, 0.000000000000000000, 0.000000000000000000 ) ) ;
#6609 = EDGE_CURVE ( 'NONE', #6081, #4517, #2955, .T. ) ;
#6610 = SURFACE_STYLE_USAGE ( .BOTH. , #8618 ) ;
#6611 = EDGE_CURVE ( 'NONE', #733, #10995, #1833, .T. ) ;
#6612 = EDGE_CURVE ( 'NONE', #9664, #2409, #11373, .T. ) ;
#6613 = ORIENTED_EDGE ( 'NONE', *, *, #8977, .F. ) ;
#6614 = EDGE_LOOP ( 'NONE', ( #6881, #8416, #2768, #6399, #11552, #10260, #5393, #2507 ) ) ;
#6615 = CARTESIAN_POINT ( 'NONE',  ( -10.14999999999999858, -9.906536840856998471E-14, -2.699999999999950440 ) ) ;
#6616 = PRESENTATION_STYLE_ASSIGNMENT (( #3595 ) ) ;
#6617 = FILL_AREA_STYLE_COLOUR ( '', #2390 ) ;
#6618 = VECTOR ( 'NONE', #5952, 1000.000000000000000 ) ;
#6619 = LINE ( 'NONE', #4605, #10439 ) ;
#6620 = CYLINDRICAL_SURFACE ( 'NONE', #2046, 0.5000000000000004441 ) ;
#6621 = FACE_OUTER_BOUND ( 'NONE', #3604, .T. ) ;
#6622 =( NAMED_UNIT ( * ) SI_UNIT ( $, .STERADIAN. ) SOLID_ANGLE_UNIT ( ) );
#6623 = LINE ( 'NONE', #8504, #6314 ) ;
#6624 = PLANE ( 'NONE',  #10191 ) ;
#6625 = ORIENTED_EDGE ( 'NONE', *, *, #10154, .T. ) ;
#6626 = PRESENTATION_LAYER_ASSIGNMENT (  '', '', ( #2018 ) ) ;
#6627 = EDGE_CURVE ( 'NONE', #8495, #5090, #3832, .T. ) ;
#6628 = ORIENTED_EDGE ( 'NONE', *, *, #4302, .T. ) ;
#6629 = LINE ( 'NONE', #12163, #4824 ) ;
#6630 = CYLINDRICAL_SURFACE ( 'NONE', #11685, 0.2500000000000002220 ) ;
#6631 = SURFACE_STYLE_FILL_AREA ( #10214 ) ;
#6632 = LINE ( 'NONE', #10269, #1971 ) ;
#6633 = COLOUR_RGB ( '',0.2509803921568627416, 0.2509803921568627416, 0.2509803921568627416 ) ;
#6634 = VECTOR ( 'NONE', #6445, 1000.000000000000000 ) ;
#6635 = MECHANICAL_DESIGN_GEOMETRIC_PRESENTATION_REPRESENTATION (  '', ( #5019 ), #9251 ) ;
#6636 = SURFACE_STYLE_USAGE ( .BOTH. , #2931 ) ;
#6637 = EDGE_CURVE ( 'NONE', #4548, #11035, #3954, .T. ) ;
#6638 = CYLINDRICAL_SURFACE ( 'NONE', #281, 5.899999999999999467 ) ;
#6639 = ORIENTED_EDGE ( 'NONE', *, *, #11451, .T. ) ;
#6640 = VECTOR ( 'NONE', #8956, 1000.000000000000000 ) ;
#6641 = ORIENTED_EDGE ( 'NONE', *, *, #9081, .F. ) ;
#6642 = ORIENTED_EDGE ( 'NONE', *, *, #10988, .T. ) ;
#6643 = STYLED_ITEM ( 'NONE', ( #1202 ), #10492 ) ;
#6644 = ORIENTED_EDGE ( 'NONE', *, *, #9991, .F. ) ;
#6645 = DIRECTION ( 'NONE',  ( 1.000000000000000000, 0.000000000000000000, 0.000000000000000000 ) ) ;
#6646 = SURFACE_STYLE_FILL_AREA ( #6837 ) ;
#6647 = VECTOR ( 'NONE', #4098, 1000.000000000000000 ) ;
#6648 = LINE ( 'NONE', #705, #10868 ) ;
#6649 = FILL_AREA_STYLE ('',( #1647 ) ) ;
#6650 = LINE ( 'NONE', #6584, #667 ) ;
#6651 = STYLED_ITEM ( 'NONE', ( #465 ), #5363 ) ;
#6652 = CARTESIAN_POINT ( 'NONE',  ( -7.850000000000129319, 12.77500000000000036, -6.099999999999901057 ) ) ;
#6653 = EDGE_CURVE ( 'NONE', #1247, #3931, #1102, .T. ) ;
#6654 = AXIS2_PLACEMENT_3D ( 'NONE', #10301, #12260, #12140 ) ;
#6655 = SURFACE_SIDE_STYLE ('',( #2638 ) ) ;
#6656 = DIRECTION ( 'NONE',  ( 1.000000000000000000, 0.000000000000000000, 0.000000000000000000 ) ) ;
#6657 = ORIENTED_EDGE ( 'NONE', *, *, #11625, .T. ) ;
#6658 = ORIENTED_EDGE ( 'NONE', *, *, #3965, .T. ) ;
#6659 = ORIENTED_EDGE ( 'NONE', *, *, #11640, .F. ) ;
#6660 = VERTEX_POINT ( 'NONE', #7743 ) ;
#6661 = FILL_AREA_STYLE ('',( #25 ) ) ;
#6662 = AXIS2_PLACEMENT_3D ( 'NONE', #4510, #10342, #1761 ) ;
#6663 =( GEOMETRIC_REPRESENTATION_CONTEXT ( 3 ) GLOBAL_UNCERTAINTY_ASSIGNED_CONTEXT ( ( #6171 ) ) GLOBAL_UNIT_ASSIGNED_CONTEXT ( ( #6923, #3335, #469 ) ) REPRESENTATION_CONTEXT ( 'NONE', 'WORKASPACE' ) );
#6664 = DIRECTION ( 'NONE',  ( 1.000000000000000000, -1.099581694874531971E-15, 0.000000000000000000 ) ) ;
#6665 = ORIENTED_EDGE ( 'NONE', *, *, #5614, .T. ) ;
#6666 = LINE ( 'NONE', #378, #214 ) ;
#6667 = AXIS2_PLACEMENT_3D ( 'NONE', #129, #2881, #9669 ) ;
#6668 = DIRECTION ( 'NONE',  ( 1.445602896647337931E-16, -1.000000000000000000, 0.000000000000000000 ) ) ;
#6669 = CIRCLE ( 'NONE', #1283, 0.8999999999999750422 ) ;
#6670 = STYLED_ITEM ( 'NONE', ( #1022 ), #1291 ) ;
#6671 = DIRECTION ( 'NONE',  ( 0.000000000000000000, 0.000000000000000000, -1.000000000000000000 ) ) ;
#6672 = CARTESIAN_POINT ( 'NONE',  ( -7.849999999999999645, 0.5500000000000000444, -8.000000000000000000 ) ) ;
#6673 = CARTESIAN_POINT ( 'NONE',  ( 2.000000000000000000, 1.699999999999999956, 5.500000000000000000 ) ) ;
#6674 = EDGE_CURVE ( 'NONE', #4549, #2470, #11503, .T. ) ;
#6675 = DIRECTION ( 'NONE',  ( 0.000000000000000000, 2.168404344971015031E-16, -1.000000000000000000 ) ) ;
#6676 = CARTESIAN_POINT ( 'NONE',  ( -10.05000000000000071, 8.900000000000000355, 7.500000000000000000 ) ) ;
#6677 = PRESENTATION_LAYER_ASSIGNMENT (  '', '', ( #8096 ) ) ;
#6678 =( LENGTH_UNIT ( ) NAMED_UNIT ( * ) SI_UNIT ( .MILLI., .METRE. ) );
#6679 = ORIENTED_EDGE ( 'NONE', *, *, #2234, .T. ) ;
#6680 = ORIENTED_EDGE ( 'NONE', *, *, #9654, .T. ) ;
#6681 = DIRECTION ( 'NONE',  ( 1.000000000000000000, 0.000000000000000000, 0.000000000000000000 ) ) ;
#6682 = CARTESIAN_POINT ( 'NONE',  ( 7.250000000000000000, 10.00000000000000000, 7.250000000000000000 ) ) ;
#6683 = CARTESIAN_POINT ( 'NONE',  ( 1.649999999999999911, 3.200000000000000178, -6.200000000000000178 ) ) ;
#6684 = CARTESIAN_POINT ( 'NONE',  ( 8.550000000000000711, 19.50000000000000000, -10.99999999999984013 ) ) ;
#6685 = COLOUR_RGB ( '',0.2509803921568627416, 0.2509803921568627416, 0.2509803921568627416 ) ;
#6686 = CARTESIAN_POINT ( 'NONE',  ( -2.475435743014004597, 8.425688402361450002, -1.199999999999999956 ) ) ;
#6687 = PRESENTATION_STYLE_ASSIGNMENT (( #5029 ) ) ;
#6688 = EDGE_CURVE ( 'NONE', #9460, #7032, #2900, .T. ) ;
#6689 = EDGE_CURVE ( 'NONE', #2259, #11687, #5658, .T. ) ;
#6690 = DIRECTION ( 'NONE',  ( 0.8660254037844420383, 0.4999999999999941158, 0.000000000000000000 ) ) ;
#6691 = FILL_AREA_STYLE ('',( #2864 ) ) ;
#6692 = ORIENTED_EDGE ( 'NONE', *, *, #4340, .F. ) ;
#6693 =( GEOMETRIC_REPRESENTATION_CONTEXT ( 3 ) GLOBAL_UNCERTAINTY_ASSIGNED_CONTEXT ( ( #4409 ) ) GLOBAL_UNIT_ASSIGNED_CONTEXT ( ( #4691, #1758, #8534 ) ) REPRESENTATION_CONTEXT ( 'NONE', 'WORKASPACE' ) );
#6694 = CARTESIAN_POINT ( 'NONE',  ( -7.500000000000000000, -2.103310660150810030, -1.125000000000000000 ) ) ;
#6695 = VERTEX_POINT ( 'NONE', #1779 ) ;
#6696 = CARTESIAN_POINT ( 'NONE',  ( 0.000000000000000000, 20.40000000000000213, 5.700000000000070344 ) ) ;
#6697 = CARTESIAN_POINT ( 'NONE',  ( 7.849999999999999645, 12.77500000000000036, -6.099999999999901057 ) ) ;
#6698 = FACE_OUTER_BOUND ( 'NONE', #7234, .T. ) ;
#6699 = EDGE_CURVE ( 'NONE', #4687, #9226, #844, .T. ) ;
#6700 = FILL_AREA_STYLE ('',( #4982 ) ) ;
#6701 = VECTOR ( 'NONE', #3071, 1000.000000000000000 ) ;
#6702 =( LENGTH_UNIT ( ) NAMED_UNIT ( * ) SI_UNIT ( .MILLI., .METRE. ) );
#6703 = ADVANCED_FACE ( 'NONE', ( #8485 ), #9499, .T. ) ;
#6704 = CARTESIAN_POINT ( 'NONE',  ( -1.300000000000000044, 15.75499782797525050, -3.200000000000084999 ) ) ;
#6705 = FILL_AREA_STYLE ('',( #1996 ) ) ;
#6706 = MECHANICAL_DESIGN_GEOMETRIC_PRESENTATION_REPRESENTATION (  '', ( #12122 ), #10116 ) ;
#6707 = FACE_BOUND ( 'NONE', #12313, .T. ) ;
#6708 = UNCERTAINTY_MEASURE_WITH_UNIT (LENGTH_MEASURE( 1.000000000000000082E-05 ), #3259, 'distance_accuracy_value', 'NONE');
#6709 = ORIENTED_EDGE ( 'NONE', *, *, #9590, .F. ) ;
#6710 = ORIENTED_EDGE ( 'NONE', *, *, #5312, .T. ) ;
#6711 = ORIENTED_EDGE ( 'NONE', *, *, #5193, .F. ) ;
#6712 = VECTOR ( 'NONE', #1369, 1000.000000000000000 ) ;
#6713 = ORIENTED_EDGE ( 'NONE', *, *, #1031, .F. ) ;
#6714 = DIRECTION ( 'NONE',  ( -3.178365879782598973E-14, 1.000000000000000000, 0.000000000000000000 ) ) ;
#6715 = FACE_OUTER_BOUND ( 'NONE', #6301, .T. ) ;
#6716 = DIRECTION ( 'NONE',  ( 0.000000000000000000, 0.000000000000000000, 1.000000000000000000 ) ) ;
#6717 = VECTOR ( 'NONE', #10443, 1000.000000000000000 ) ;
#6718 = CYLINDRICAL_SURFACE ( 'NONE', #5883, 0.2500000000000002220 ) ;
#6719 = CIRCLE ( 'NONE', #9124, 1.749999999999999778 ) ;
#6720 = PRESENTATION_STYLE_ASSIGNMENT (( #2886 ) ) ;
#6721 = AXIS2_PLACEMENT_3D ( 'NONE', #7407, #2618, #752 ) ;
#6722 = CARTESIAN_POINT ( 'NONE',  ( -10.10976310729376060, 21.37484117970969777, 7.381540638008380562 ) ) ;
#6723 = VERTEX_POINT ( 'NONE', #4323 ) ;
#6724 = COLOUR_RGB ( '',0.2509803921568627416, 0.2509803921568627416, 0.2509803921568627416 ) ;
#6725 = EDGE_CURVE ( 'NONE', #5668, #6723, #10983, .T. ) ;
#6726 = ORIENTED_EDGE ( 'NONE', *, *, #8527, .T. ) ;
#6727 = ORIENTED_EDGE ( 'NONE', *, *, #8293, .F. ) ;
#6728 = ORIENTED_EDGE ( 'NONE', *, *, #10413, .T. ) ;
#6729 = DIRECTION ( 'NONE',  ( -1.000000000000000000, 0.000000000000000000, 0.000000000000000000 ) ) ;
#6730 = EDGE_CURVE ( 'NONE', #12240, #7661, #11989, .T. ) ;
#6731 = DIRECTION ( 'NONE',  ( 0.000000000000000000, 0.000000000000000000, 1.000000000000000000 ) ) ;
#6732 = VERTEX_POINT ( 'NONE', #3437 ) ;
#6733 = DIRECTION ( 'NONE',  ( 0.000000000000000000, 0.000000000000000000, 1.000000000000000000 ) ) ;
#6734 = DIRECTION ( 'NONE',  ( 0.3420201433256691015, -0.9396926207859082059, -1.271928173768066172E-15 ) ) ;
#6735 = DIRECTION ( 'NONE',  ( 0.000000000000000000, 0.000000000000000000, -1.000000000000000000 ) ) ;
#6736 = DIRECTION ( 'NONE',  ( 0.000000000000000000, -1.000000000000000000, 0.000000000000000000 ) ) ;
#6737 = DIRECTION ( 'NONE',  ( 0.000000000000000000, 1.000000000000000000, 7.434529182757737703E-15 ) ) ;
#6738 = SURFACE_STYLE_USAGE ( .BOTH. , #12398 ) ;
#6739 = ORIENTED_EDGE ( 'NONE', *, *, #316, .F. ) ;
#6740 = EDGE_CURVE ( 'NONE', #3693, #3186, #3376, .T. ) ;
#6741 = ORIENTED_EDGE ( 'NONE', *, *, #2759, .F. ) ;
#6742 = EDGE_CURVE ( 'NONE', #7924, #4093, #11102, .T. ) ;
#6743 = LINE ( 'NONE', #7754, #6196 ) ;
#6744 = FACE_OUTER_BOUND ( 'NONE', #1328, .T. ) ;
#6745 = COLOUR_RGB ( '',0.2509803921568627416, 0.2509803921568627416, 0.2509803921568627416 ) ;
#6746 = LINE ( 'NONE', #11460, #1059 ) ;
#6747 = UNCERTAINTY_MEASURE_WITH_UNIT (LENGTH_MEASURE( 1.000000000000000082E-05 ), #9166, 'distance_accuracy_value', 'NONE');
#6748 = DIRECTION ( 'NONE',  ( 0.000000000000000000, 0.000000000000000000, -1.000000000000000000 ) ) ;
#6749 = CYLINDRICAL_SURFACE ( 'NONE', #9523, 1.749999999999999778 ) ;
#6750 = CARTESIAN_POINT ( 'NONE',  ( 10.11464466094068015, 21.14999999999999858, 5.750000000000070166 ) ) ;
#6751 =( GEOMETRIC_REPRESENTATION_CONTEXT ( 3 ) GLOBAL_UNCERTAINTY_ASSIGNED_CONTEXT ( ( #409 ) ) GLOBAL_UNIT_ASSIGNED_CONTEXT ( ( #3909, #8759, #2170 ) ) REPRESENTATION_CONTEXT ( 'NONE', 'WORKASPACE' ) );
#6752 = ORIENTED_EDGE ( 'NONE', *, *, #10726, .T. ) ;
#6753 = DIRECTION ( 'NONE',  ( 0.000000000000000000, 0.000000000000000000, 1.000000000000000000 ) ) ;
#6754 = VECTOR ( 'NONE', #4542, 1000.000000000000000 ) ;
#6755 = EDGE_CURVE ( 'NONE', #6660, #7879, #11042, .T. ) ;
#6756 = EDGE_LOOP ( 'NONE', ( #4169, #2692, #5403, #5079 ) ) ;
#6757 = CARTESIAN_POINT ( 'NONE',  ( 10.09999999999999964, 8.900000000000000355, 7.500000000000000000 ) ) ;
#6758 =( NAMED_UNIT ( * ) PLANE_ANGLE_UNIT ( ) SI_UNIT ( $, .RADIAN. ) );
#6759 = PLANE ( 'NONE',  #4805 ) ;
#6760 = SURFACE_STYLE_USAGE ( .BOTH. , #7769 ) ;
#6761 =( NAMED_UNIT ( * ) SI_UNIT ( $, .STERADIAN. ) SOLID_ANGLE_UNIT ( ) );
#6762 = MECHANICAL_DESIGN_GEOMETRIC_PRESENTATION_REPRESENTATION (  '', ( #9370 ), #156 ) ;
#6763 = CARTESIAN_POINT ( 'NONE',  ( 10.09999999999999964, 21.14999999999999858, 7.299999999999999822 ) ) ;
#6764 = CARTESIAN_POINT ( 'NONE',  ( 2.149999999999999911, 0.5500000000000000444, -8.500000000000000000 ) ) ;
#6765 = AXIS2_PLACEMENT_3D ( 'NONE', #2479, #6310, #2538 ) ;
#6766 = CLOSED_SHELL ( 'NONE', ( #10641, #6393, #1936, #1417, #12254, #6601, #933, #1351, #8703, #10072, #2457, #8389, #10377, #7609, #2052, #5910, #6826, #10544, #9615, #10055, #7474, #6555, #7744, #10912, #9423, #6210, #2659, #4390, #12204, #6283, #6099, #10226, #8846, #7506, #7444, #3149, #5311, #4487, #5740, #1268, #8541, #6461, #11169, #7307, #5499, #2828, #3656, #5989, #12330, #1626, #2097, #1298, #5754, #8125, #6443, #12301, #11913, #9380, #8500, #2012, #9671, #3597, #2114, #9296, #7279, #736, #1908, #6378, #3922, #1151, #11067, #12269, #9241, #11187, #9854, #9838, #2576, #5854, #3996, #8116, #4649, #8509, #1153, #3678, #264, #7658, #4744, #1501, #689, #4441, #9133, #1526, #649, #2501, #10043, #830, #10208 ) ) ;
#6767 = LINE ( 'NONE', #1008, #9709 ) ;
#6768 = ORIENTED_EDGE ( 'NONE', *, *, #5530, .F. ) ;
#6770 = ORIENTED_EDGE ( 'NONE', *, *, #11625, .F. ) ;
#6769 = VECTOR ( 'NONE', #8729, 1000.000000000000114 ) ;
#6771 = ORIENTED_EDGE ( 'NONE', *, *, #5054, .T. ) ;
#6772 = EDGE_CURVE ( 'NONE', #10803, #144, #5386, .T. ) ;
#6773 = ORIENTED_EDGE ( 'NONE', *, *, #2884, .F. ) ;
#6774 = SURFACE_STYLE_FILL_AREA ( #3000 ) ;
#6775 = ADVANCED_FACE ( 'NONE', ( #5330 ), #6857, .F. ) ;
#6776 = PRESENTATION_STYLE_ASSIGNMENT (( #8656 ) ) ;
#6777 = VECTOR ( 'NONE', #11506, 1000.000000000000000 ) ;
#6778 = CARTESIAN_POINT ( 'NONE',  ( 7.500000000000000000, -0.2298097038856294905, -1.520190296114374950 ) ) ;
#6779 = DIRECTION ( 'NONE',  ( 0.000000000000000000, 0.000000000000000000, -1.000000000000000000 ) ) ;
#6780 = LINE ( 'NONE', #1088, #7278 ) ;
#6781 = CARTESIAN_POINT ( 'NONE',  ( 7.299999999999999822, 10.00000000000000000, 7.299999999999999822 ) ) ;
#6782 = VECTOR ( 'NONE', #1691, 1000.000000000000114 ) ;
#6783 = PRESENTATION_STYLE_ASSIGNMENT (( #2944 ) ) ;
#6784 = AXIS2_PLACEMENT_3D ( 'NONE', #12127, #9419, #12378 ) ;
#6785 = DIRECTION ( 'NONE',  ( -1.000000000000000000, 0.000000000000000000, 0.000000000000000000 ) ) ;
#6786 = VERTEX_POINT ( 'NONE', #11869 ) ;
#6787 = ORIENTED_EDGE ( 'NONE', *, *, #5773, .T. ) ;
#6788 = ORIENTED_EDGE ( 'NONE', *, *, #860, .T. ) ;
#6789 = ORIENTED_EDGE ( 'NONE', *, *, #9215, .F. ) ;
#6790 = EDGE_CURVE ( 'NONE', #10489, #3383, #3257, .T. ) ;
#6791 = ORIENTED_EDGE ( 'NONE', *, *, #1003, .T. ) ;
#6792 =( GEOMETRIC_REPRESENTATION_CONTEXT ( 3 ) GLOBAL_UNCERTAINTY_ASSIGNED_CONTEXT ( ( #5734 ) ) GLOBAL_UNIT_ASSIGNED_CONTEXT ( ( #8131, #10882, #1302 ) ) REPRESENTATION_CONTEXT ( 'NONE', 'WORKASPACE' ) );
#6793 = SURFACE_STYLE_USAGE ( .BOTH. , #3015 ) ;
#6794 = CARTESIAN_POINT ( 'NONE',  ( 2.600000000000000089, -3.500000000000000000, 4.899999999999999467 ) ) ;
#6795 = DIRECTION ( 'NONE',  ( 0.000000000000000000, 0.000000000000000000, -1.000000000000000000 ) ) ;
#6796 = CARTESIAN_POINT ( 'NONE',  ( -0.4500000000001290190, 3.635528095368834755E-15, -1.199999999999999956 ) ) ;
#6797 = DIRECTION ( 'NONE',  ( 0.000000000000000000, 0.000000000000000000, 1.000000000000000000 ) ) ;
#6798 = ADVANCED_FACE ( 'NONE', ( #9977 ), #1397, .T. ) ;
#6799 = VECTOR ( 'NONE', #10034, 1000.000000000000000 ) ;
#6800 = PRESENTATION_STYLE_ASSIGNMENT (( #6610 ) ) ;
#6801 =( GEOMETRIC_REPRESENTATION_CONTEXT ( 3 ) GLOBAL_UNCERTAINTY_ASSIGNED_CONTEXT ( ( #1187 ) ) GLOBAL_UNIT_ASSIGNED_CONTEXT ( ( #4296, #9894, #6128 ) ) REPRESENTATION_CONTEXT ( 'NONE', 'WORKASPACE' ) );
#6802 = ORIENTED_EDGE ( 'NONE', *, *, #9513, .T. ) ;
#6803 = ORIENTED_EDGE ( 'NONE', *, *, #4182, .F. ) ;
#6804 = CARTESIAN_POINT ( 'NONE',  ( 1.445610957098677922E-15, 10.59999999999999964, -1.199999999999999956 ) ) ;
#6805 = LINE ( 'NONE', #8562, #2787 ) ;
#6806 = LINE ( 'NONE', #10756, #1645 ) ;
#6807 = VECTOR ( 'NONE', #12034, 1000.000000000000000 ) ;
#6808 = FACE_OUTER_BOUND ( 'NONE', #4076, .T. ) ;
#6809 = FILL_AREA_STYLE_COLOUR ( '', #5342 ) ;
#6810 = VECTOR ( 'NONE', #12256, 1000.000000000000000 ) ;
#6811 = SURFACE_STYLE_USAGE ( .BOTH. , #1182 ) ;
#6812 = SURFACE_STYLE_FILL_AREA ( #5799 ) ;
#6813 = EDGE_CURVE ( 'NONE', #11749, #6868, #12193, .T. ) ;
#6814 = ORIENTED_EDGE ( 'NONE', *, *, #11217, .F. ) ;
#6815 = CARTESIAN_POINT ( 'NONE',  ( 2.850000000000000089, -3.000000000000000000, -8.000000000000000000 ) ) ;
#6816 = ADVANCED_FACE ( 'NONE', ( #7348 ), #5624, .T. ) ;
#6817 = STYLED_ITEM ( 'NONE', ( #877 ), #9585 ) ;
#6818 = ORIENTED_EDGE ( 'NONE', *, *, #7131, .T. ) ;
#6819 = DIRECTION ( 'NONE',  ( 0.000000000000000000, -1.000000000000000000, 0.000000000000000000 ) ) ;
#6820 = DIRECTION ( 'NONE',  ( 0.000000000000000000, 0.000000000000000000, 1.000000000000000000 ) ) ;
#6821 = PLANE ( 'NONE',  #10428 ) ;
#6822 =( LENGTH_UNIT ( ) NAMED_UNIT ( * ) SI_UNIT ( .MILLI., .METRE. ) );
#6823 = CARTESIAN_POINT ( 'NONE',  ( -5.349999999999999645, -3.000000000000000000, -5.000000000000000000 ) ) ;
#6824 = FILL_AREA_STYLE ('',( #238 ) ) ;
#6825 = DIRECTION ( 'NONE',  ( 0.000000000000000000, -1.000000000000000000, -9.843573744019240835E-15 ) ) ;
#6826 = ADVANCED_FACE ( 'NONE', ( #7596 ), #816, .F. ) ;
#6827 = VECTOR ( 'NONE', #2368, 1000.000000000000000 ) ;
#6828 = EDGE_CURVE ( 'NONE', #9408, #4747, #7790, .T. ) ;
#6829 = CARTESIAN_POINT ( 'NONE',  ( 0.000000000000000000, 0.000000000000000000, -3.200000000000084999 ) ) ;
#6830 = VERTEX_POINT ( 'NONE', #8459 ) ;
#6831 = EDGE_CURVE ( 'NONE', #3443, #7975, #12294, .T. ) ;
#6832 = ORIENTED_EDGE ( 'NONE', *, *, #10892, .F. ) ;
#6833 = LINE ( 'NONE', #8906, #10828 ) ;
#6834 = ORIENTED_EDGE ( 'NONE', *, *, #9688, .F. ) ;
#6835 = ORIENTED_EDGE ( 'NONE', *, *, #4608, .F. ) ;
#6836 = SURFACE_SIDE_STYLE ('',( #6774 ) ) ;
#6837 = FILL_AREA_STYLE ('',( #7663 ) ) ;
#6838 = LINE ( 'NONE', #2205, #3250 ) ;
#6839 = VECTOR ( 'NONE', #12019, 1000.000000000000000 ) ;
#6840 = CARTESIAN_POINT ( 'NONE',  ( 7.500000000000000000, -2.103310660150734979, -0.2000000000000000111 ) ) ;
#6841 = VECTOR ( 'NONE', #4775, 1000.000000000000114 ) ;
#6842 = DIRECTION ( 'NONE',  ( 0.000000000000000000, 0.000000000000000000, 1.000000000000000000 ) ) ;
#6843 = DIRECTION ( 'NONE',  ( -3.252606517456510541E-15, 0.000000000000000000, 1.000000000000000000 ) ) ;
#6844 = EDGE_CURVE ( 'NONE', #9321, #9110, #6632, .T. ) ;
#6845 = EDGE_CURVE ( 'NONE', #477, #6061, #5504, .T. ) ;
#6846 = LINE ( 'NONE', #6908, #6186 ) ;
#6847 = ORIENTED_EDGE ( 'NONE', *, *, #9215, .T. ) ;
#6848 =( GEOMETRIC_REPRESENTATION_CONTEXT ( 3 ) GLOBAL_UNCERTAINTY_ASSIGNED_CONTEXT ( ( #9830 ) ) GLOBAL_UNIT_ASSIGNED_CONTEXT ( ( #4144, #468, #1468 ) ) REPRESENTATION_CONTEXT ( 'NONE', 'WORKASPACE' ) );
#6849 = AXIS2_PLACEMENT_3D ( 'NONE', #3534, #7390, #11203 ) ;
#6850 = ORIENTED_EDGE ( 'NONE', *, *, #10448, .F. ) ;
#6851 = ORIENTED_EDGE ( 'NONE', *, *, #7933, .T. ) ;
#6852 = ORIENTED_EDGE ( 'NONE', *, *, #11260, .T. ) ;
#6853 =( LENGTH_UNIT ( ) NAMED_UNIT ( * ) SI_UNIT ( .MILLI., .METRE. ) );
#6854 = CARTESIAN_POINT ( 'NONE',  ( 0.3499999999999999778, -3.000000000000000000, -5.000000000000000000 ) ) ;
#6855 = ORIENTED_EDGE ( 'NONE', *, *, #8798, .T. ) ;
#6856 = VECTOR ( 'NONE', #589, 1000.000000000000000 ) ;
#6857 = CYLINDRICAL_SURFACE ( 'NONE', #5769, 0.9250000000000001554 ) ;
#6858 = VECTOR ( 'NONE', #10745, 1000.000000000000000 ) ;
#6859 = DIRECTION ( 'NONE',  ( 1.000000000000000000, 2.168404344971010101E-16, -7.575408038632519885E-31 ) ) ;
#6860 = PRESENTATION_STYLE_ASSIGNMENT (( #1106 ) ) ;
#6861 = EDGE_CURVE ( 'NONE', #8330, #11645, #4559, .T. ) ;
#6862 =( NAMED_UNIT ( * ) SI_UNIT ( $, .STERADIAN. ) SOLID_ANGLE_UNIT ( ) );
#6863 = FACE_OUTER_BOUND ( 'NONE', #11979, .T. ) ;
#6864 = DIRECTION ( 'NONE',  ( -1.000000000000000000, 2.168404344970880185E-16, 3.718869191154470885E-15 ) ) ;
#6865 = ORIENTED_EDGE ( 'NONE', *, *, #5685, .F. ) ;
#6866 = VECTOR ( 'NONE', #6859, 1000.000000000000000 ) ;
#6867 = CIRCLE ( 'NONE', #11079, 2.125000000000000000 ) ;
#6868 = VERTEX_POINT ( 'NONE', #12233 ) ;
#6869 =( LENGTH_UNIT ( ) NAMED_UNIT ( * ) SI_UNIT ( .MILLI., .METRE. ) );
#6870 = CARTESIAN_POINT ( 'NONE',  ( 2.149999999999999911, -3.000000000000000000, -8.000000000000000000 ) ) ;
#6871 = DIRECTION ( 'NONE',  ( 0.000000000000000000, 0.000000000000000000, -1.000000000000000000 ) ) ;
#6872 = DIRECTION ( 'NONE',  ( 0.000000000000000000, 1.000000000000000000, 0.000000000000000000 ) ) ;
#6873 = STYLED_ITEM ( 'NONE', ( #4799 ), #6021 ) ;
#6874 = CARTESIAN_POINT ( 'NONE',  ( 0.000000000000000000, 10.00000000000000000, -3.200000000000084999 ) ) ;
#6875 =( NAMED_UNIT ( * ) SI_UNIT ( $, .STERADIAN. ) SOLID_ANGLE_UNIT ( ) );
#6876 = MECHANICAL_DESIGN_GEOMETRIC_PRESENTATION_REPRESENTATION (  '', ( #7282 ), #1281 ) ;
#6877 =( LENGTH_UNIT ( ) NAMED_UNIT ( * ) SI_UNIT ( .MILLI., .METRE. ) );
#6878 = CARTESIAN_POINT ( 'NONE',  ( -4.004993519352499476, 11.26574617618645924, -1.199999999999999956 ) ) ;
#6879 = ORIENTED_EDGE ( 'NONE', *, *, #4371, .F. ) ;
#6880 = FILL_AREA_STYLE ('',( #5802 ) ) ;
#6881 = ORIENTED_EDGE ( 'NONE', *, *, #10678, .T. ) ;
#6882 = CARTESIAN_POINT ( 'NONE',  ( -7.850000000000169287, 17.02499999999999858, -6.099999999999869971 ) ) ;
#6883 =( NAMED_UNIT ( * ) PLANE_ANGLE_UNIT ( ) SI_UNIT ( $, .RADIAN. ) );
#6884 = EDGE_CURVE ( 'NONE', #4058, #3105, #5872, .T. ) ;
#6885 = FILL_AREA_STYLE ('',( #1131 ) ) ;
#6886 = PRESENTATION_STYLE_ASSIGNMENT (( #2927 ) ) ;
#6887 = CARTESIAN_POINT ( 'NONE',  ( -2.000000000000000000, 1.649999999999999911, 5.100000000000000533 ) ) ;
#6888 = FACE_OUTER_BOUND ( 'NONE', #5711, .T. ) ;
#6889 = CARTESIAN_POINT ( 'NONE',  ( -10.11464466094063930, 21.39999999999999858, 7.250000000000000000 ) ) ;
#6890 = STYLED_ITEM ( 'NONE', ( #7116 ), #1406 ) ;
#6891 = ORIENTED_EDGE ( 'NONE', *, *, #10968, .T. ) ;
#6892 = VERTEX_POINT ( 'NONE', #11531 ) ;
#6893 = ORIENTED_EDGE ( 'NONE', *, *, #10968, .F. ) ;
#6894 = PLANE ( 'NONE',  #1834 ) ;
#6895 = ORIENTED_EDGE ( 'NONE', *, *, #1809, .F. ) ;
#6896 = ORIENTED_EDGE ( 'NONE', *, *, #3419, .F. ) ;
#6897 = LINE ( 'NONE', #10721, #1248 ) ;
#6898 = FILL_AREA_STYLE ('',( #8590 ) ) ;
#6899 = COLOUR_RGB ( '',0.2509803921568627416, 0.2509803921568627416, 0.2509803921568627416 ) ;
#6900 = MECHANICAL_DESIGN_GEOMETRIC_PRESENTATION_REPRESENTATION (  '', ( #6106 ), #7910 ) ;
#6901 = DIRECTION ( 'NONE',  ( 0.000000000000000000, 3.854941057726394883E-15, -1.000000000000000000 ) ) ;
#6902 = EDGE_CURVE ( 'NONE', #7922, #12245, #2055, .T. ) ;
#6903 =( NAMED_UNIT ( * ) SI_UNIT ( $, .STERADIAN. ) SOLID_ANGLE_UNIT ( ) );
#6904 = LINE ( 'NONE', #11439, #7212 ) ;
#6905 = DIRECTION ( 'NONE',  ( 0.000000000000000000, 0.000000000000000000, -1.000000000000000000 ) ) ;
#6906 = LINE ( 'NONE', #6147, #7546 ) ;
#6907 = CARTESIAN_POINT ( 'NONE',  ( 10.14999999999999858, 17.89999999999999858, -11.24999999999986144 ) ) ;
#6908 = CARTESIAN_POINT ( 'NONE',  ( 10.14999999999999858, 8.599999999999999645, -4.599999999999999645 ) ) ;
#6909 = MECHANICAL_DESIGN_GEOMETRIC_PRESENTATION_REPRESENTATION (  '', ( #10502 ), #1508 ) ;
#6910 =( LENGTH_UNIT ( ) NAMED_UNIT ( * ) SI_UNIT ( .MILLI., .METRE. ) );
#6911 = ORIENTED_EDGE ( 'NONE', *, *, #4719, .F. ) ;
#6912 = ORIENTED_EDGE ( 'NONE', *, *, #407, .T. ) ;
#6913 = ORIENTED_EDGE ( 'NONE', *, *, #9206, .F. ) ;
#6914 = COLOUR_RGB ( '',0.2509803921568627416, 0.2509803921568627416, 0.2509803921568627416 ) ;
#6915 = ORIENTED_EDGE ( 'NONE', *, *, #6917, .F. ) ;
#6916 = FACE_OUTER_BOUND ( 'NONE', #11304, .T. ) ;
#6917 = EDGE_CURVE ( 'NONE', #6341, #2126, #5938, .T. ) ;
#6918 = CARTESIAN_POINT ( 'NONE',  ( 10.11464466094068015, 21.14999999999999858, 7.250000000000000000 ) ) ;
#6919 = EDGE_LOOP ( 'NONE', ( #11728, #2397, #368, #8530 ) ) ;
#6920 = EDGE_CURVE ( 'NONE', #11053, #9382, #12424, .T. ) ;
#6921 = AXIS2_PLACEMENT_3D ( 'NONE', #7569, #9573, #978 ) ;
#6922 =( NAMED_UNIT ( * ) SI_UNIT ( $, .STERADIAN. ) SOLID_ANGLE_UNIT ( ) );
#6923 =( LENGTH_UNIT ( ) NAMED_UNIT ( * ) SI_UNIT ( .MILLI., .METRE. ) );
#6924 = LINE ( 'NONE', #10871, #6858 ) ;
#6925 = MECHANICAL_DESIGN_GEOMETRIC_PRESENTATION_REPRESENTATION (  '', ( #723 ), #11126 ) ;
#6926 = PRESENTATION_LAYER_ASSIGNMENT (  '', '', ( #4701 ) ) ;
#6927 = LINE ( 'NONE', #4088, #5362 ) ;
#6928 = DIRECTION ( 'NONE',  ( 1.000000000000000000, 0.000000000000000000, 0.000000000000000000 ) ) ;
#6929 = AXIS2_PLACEMENT_3D ( 'NONE', #2292, #9000, #5020 ) ;
#6930 =( GEOMETRIC_REPRESENTATION_CONTEXT ( 3 ) GLOBAL_UNCERTAINTY_ASSIGNED_CONTEXT ( ( #11293 ) ) GLOBAL_UNIT_ASSIGNED_CONTEXT ( ( #9062, #1588, #711 ) ) REPRESENTATION_CONTEXT ( 'NONE', 'WORKASPACE' ) );
#6931 = ORIENTED_EDGE ( 'NONE', *, *, #2295, .T. ) ;
#6932 = CIRCLE ( 'NONE', #3315, 0.8999999999999998002 ) ;
#6933 = EDGE_CURVE ( 'NONE', #5, #10225, #2570, .T. ) ;
#6934 = VECTOR ( 'NONE', #5556, 1000.000000000000000 ) ;
#6935 = ORIENTED_EDGE ( 'NONE', *, *, #6937, .F. ) ;
#6936 = DIRECTION ( 'NONE',  ( -1.000000000000000000, 0.000000000000000000, 7.210350529997600296E-15 ) ) ;
#6937 = EDGE_CURVE ( 'NONE', #1286, #7238, #9839, .T. ) ;
#6938 = DIRECTION ( 'NONE',  ( 0.000000000000000000, -1.000000000000000000, 0.000000000000000000 ) ) ;
#6939 = FACE_OUTER_BOUND ( 'NONE', #6919, .T. ) ;
#6940 = FACE_OUTER_BOUND ( 'NONE', #5274, .T. ) ;
#6941 = CYLINDRICAL_SURFACE ( 'NONE', #2831, 0.4999999999999995559 ) ;
#6942 = FACE_OUTER_BOUND ( 'NONE', #7794, .T. ) ;
#6943 = FILL_AREA_STYLE ('',( #6809 ) ) ;
#6944 = FACE_OUTER_BOUND ( 'NONE', #7905, .T. ) ;
#6945 = COLOUR_RGB ( '',0.2509803921568627416, 0.2509803921568627416, 0.2509803921568627416 ) ;
#6946 = DIRECTION ( 'NONE',  ( 0.000000000000000000, -1.000000000000000000, -7.537786532518269223E-15 ) ) ;
#6947 = PRODUCT_CONTEXT ( 'NONE', #5927, 'mechanical' ) ;
#6948 = ORIENTED_EDGE ( 'NONE', *, *, #1232, .F. ) ;
#6949 = UNCERTAINTY_MEASURE_WITH_UNIT (LENGTH_MEASURE( 1.000000000000000082E-05 ), #10936, 'distance_accuracy_value', 'NONE');
#6950 =( LENGTH_UNIT ( ) NAMED_UNIT ( * ) SI_UNIT ( .MILLI., .METRE. ) );
#6951 = VERTEX_POINT ( 'NONE', #3987 ) ;
#6952 = FACE_OUTER_BOUND ( 'NONE', #4016, .T. ) ;
#6953 =( NAMED_UNIT ( * ) PLANE_ANGLE_UNIT ( ) SI_UNIT ( $, .RADIAN. ) );
#6954 = EDGE_CURVE ( 'NONE', #8544, #733, #64, .T. ) ;
#6955 = VECTOR ( 'NONE', #11935, 1000.000000000000000 ) ;
#6956 = DIRECTION ( 'NONE',  ( 0.000000000000000000, -1.000000000000000000, -7.537786532518269223E-15 ) ) ;
#6957 = DIRECTION ( 'NONE',  ( 0.000000000000000000, 0.000000000000000000, 1.000000000000000000 ) ) ;
#6958 = DIRECTION ( 'NONE',  ( -1.000000000000000000, 2.168404344970880185E-16, 3.718869191154470885E-15 ) ) ;
#6959 = FILL_AREA_STYLE ('',( #8959 ) ) ;
#6960 = VECTOR ( 'NONE', #863, 1000.000000000000000 ) ;
#6961 = SURFACE_STYLE_USAGE ( .BOTH. , #6073 ) ;
#6962 = AXIS2_PLACEMENT_3D ( 'NONE', #10965, #11972, #500 ) ;
#6963 = VERTEX_POINT ( 'NONE', #1193 ) ;
#6964 = ADVANCED_FACE ( 'NONE', ( #1132 ), #2988, .T. ) ;
#6965 = ORIENTED_EDGE ( 'NONE', *, *, #3527, .F. ) ;
#6966 = ORIENTED_EDGE ( 'NONE', *, *, #3148, .T. ) ;
#6967 = SURFACE_STYLE_FILL_AREA ( #3930 ) ;
#6968 = EDGE_LOOP ( 'NONE', ( #12189, #5022 ) ) ;
#6969 = EDGE_LOOP ( 'NONE', ( #4641, #2574, #2707, #10204 ) ) ;
#6970 = FILL_AREA_STYLE ('',( #5129 ) ) ;
#6971 = AXIS2_PLACEMENT_3D ( 'NONE', #2027, #5841, #6737 ) ;
#6972 = DIRECTION ( 'NONE',  ( 1.000000000000000000, 1.176436426395379911E-16, 0.000000000000000000 ) ) ;
#6973 = DIRECTION ( 'NONE',  ( 3.469446951953611033E-15, -8.673617379884027583E-16, 1.000000000000000000 ) ) ;
#6974 = CARTESIAN_POINT ( 'NONE',  ( -4.649999999999999467, 0.5500000000000000444, -5.500000000000000000 ) ) ;
#6975 = LINE ( 'NONE', #3811, #3294 ) ;
#6976 = AXIS2_PLACEMENT_3D ( 'NONE', #8370, #3523, #5596 ) ;
#6977 = DIRECTION ( 'NONE',  ( 0.000000000000000000, -1.000000000000000000, -7.607586193529571284E-15 ) ) ;
#6978 =( NAMED_UNIT ( * ) SI_UNIT ( $, .STERADIAN. ) SOLID_ANGLE_UNIT ( ) );
#6979 = VECTOR ( 'NONE', #7547, 1000.000000000000000 ) ;
#6980 = DIRECTION ( 'NONE',  ( 0.000000000000000000, -1.000000000000000000, 0.000000000000000000 ) ) ;
#6981 = ORIENTED_EDGE ( 'NONE', *, *, #5214, .F. ) ;
#6982 = EDGE_CURVE ( 'NONE', #5761, #9349, #4984, .T. ) ;
#6983 = COLOUR_RGB ( '',0.2509803921568627416, 0.2509803921568627416, 0.2509803921568627416 ) ;
#6984 = VERTEX_POINT ( 'NONE', #7895 ) ;
#6985 = ORIENTED_EDGE ( 'NONE', *, *, #3239, .F. ) ;
#6986 = ORIENTED_EDGE ( 'NONE', *, *, #5639, .T. ) ;
#6987 = PLANE ( 'NONE',  #11095 ) ;
#6988 = EDGE_CURVE ( 'NONE', #6538, #7099, #4864, .T. ) ;
#6989 = LINE ( 'NONE', #4889, #7067 ) ;
#6990 = ORIENTED_EDGE ( 'NONE', *, *, #5809, .T. ) ;
#6991 = COLOUR_RGB ( '',0.2509803921568627416, 0.2509803921568627416, 0.2509803921568627416 ) ;
#6992 = SURFACE_SIDE_STYLE ('',( #11559 ) ) ;
#6993 = LINE ( 'NONE', #4277, #9274 ) ;
#6994 = PRESENTATION_STYLE_ASSIGNMENT (( #403 ) ) ;
#6995 =( LENGTH_UNIT ( ) NAMED_UNIT ( * ) SI_UNIT ( .MILLI., .METRE. ) );
#6996 = CARTESIAN_POINT ( 'NONE',  ( 0.000000000000000000, 10.00000000000000000, -3.200000000000084999 ) ) ;
#6997 = DIRECTION ( 'NONE',  ( 0.000000000000000000, 0.000000000000000000, 1.000000000000000000 ) ) ;
#6998 = EDGE_CURVE ( 'NONE', #9289, #7538, #10524, .T. ) ;
#6999 = ORIENTED_EDGE ( 'NONE', *, *, #3124, .T. ) ;
#7000 = VECTOR ( 'NONE', #5424, 1000.000000000000000 ) ;
#7001 = VECTOR ( 'NONE', #9456, 1000.000000000000000 ) ;
#7002 = EDGE_CURVE ( 'NONE', #11419, #7923, #3052, .T. ) ;
#7003 = ORIENTED_EDGE ( 'NONE', *, *, #11911, .F. ) ;
#7004 =( NAMED_UNIT ( * ) PLANE_ANGLE_UNIT ( ) SI_UNIT ( $, .RADIAN. ) );
#7005 = DIRECTION ( 'NONE',  ( -1.000000000000000000, 0.000000000000000000, 0.000000000000000000 ) ) ;
#7006 = CARTESIAN_POINT ( 'NONE',  ( 3.806504739451474800E-15, 7.817097663620468037E-14, 2.399999999999914646 ) ) ;
#7007 = PLANE ( 'NONE',  #2426 ) ;
#7008 = LINE ( 'NONE', #6181, #6647 ) ;
#7009 = CARTESIAN_POINT ( 'NONE',  ( -1.696012879608009838, 7.975688402361449825, -1.199999999999999956 ) ) ;
#7010 =( NAMED_UNIT ( * ) SI_UNIT ( $, .STERADIAN. ) SOLID_ANGLE_UNIT ( ) );
#7011 = VECTOR ( 'NONE', #4712, 1000.000000000000114 ) ;
#7012 = FILL_AREA_STYLE ('',( #2974 ) ) ;
#7013 = CARTESIAN_POINT ( 'NONE',  ( 0.000000000000000000, 10.00000000000000000, -4.599999999999999645 ) ) ;
#7014 = EDGE_CURVE ( 'NONE', #5447, #11226, #8832, .T. ) ;
#7015 = AXIS2_PLACEMENT_3D ( 'NONE', #12404, #5483, #9324 ) ;
#7016 = CARTESIAN_POINT ( 'NONE',  ( 10.14999999999999858, 21.10000000000000142, -17.80452084174450178 ) ) ;
#7017 = EDGE_CURVE ( 'NONE', #4567, #6094, #3115, .T. ) ;
#7018 = DIRECTION ( 'NONE',  ( 0.000000000000000000, 0.000000000000000000, 1.000000000000000000 ) ) ;
#7019 = ORIENTED_EDGE ( 'NONE', *, *, #8919, .F. ) ;
#7020 = PRESENTATION_STYLE_ASSIGNMENT (( #8954 ) ) ;
#7021 = COLOUR_RGB ( '',0.2509803921568627416, 0.2509803921568627416, 0.2509803921568627416 ) ;
#7022 = SURFACE_STYLE_USAGE ( .BOTH. , #11719 ) ;
#7023 = DIRECTION ( 'NONE',  ( 0.000000000000000000, -1.000000000000000000, 0.000000000000000000 ) ) ;
#7024 =( GEOMETRIC_REPRESENTATION_CONTEXT ( 3 ) GLOBAL_UNCERTAINTY_ASSIGNED_CONTEXT ( ( #8823 ) ) GLOBAL_UNIT_ASSIGNED_CONTEXT ( ( #6869, #2911, #8753 ) ) REPRESENTATION_CONTEXT ( 'NONE', 'WORKASPACE' ) );
#7025 = CARTESIAN_POINT ( 'NONE',  ( -10.34999999999999964, 8.900000000000000355, 7.299999999999999822 ) ) ;
#7026 = VECTOR ( 'NONE', #6797, 1000.000000000000000 ) ;
#7027 = SURFACE_STYLE_FILL_AREA ( #6959 ) ;
#7028 = CARTESIAN_POINT ( 'NONE',  ( 7.849999999999999645, 0.5500000000000000444, -4.500000000000000000 ) ) ;
#7029 = ADVANCED_FACE ( 'NONE', ( #1254 ), #10709, .F. ) ;
#7030 = DIRECTION ( 'NONE',  ( 1.000000000000000000, 0.000000000000000000, 0.000000000000000000 ) ) ;
#7031 = ORIENTED_EDGE ( 'NONE', *, *, #11093, .F. ) ;
#7032 = VERTEX_POINT ( 'NONE', #10082 ) ;
#7033 = ORIENTED_EDGE ( 'NONE', *, *, #4491, .T. ) ;
#7034 = ORIENTED_EDGE ( 'NONE', *, *, #2252, .T. ) ;
#7035 = VERTEX_POINT ( 'NONE', #2315 ) ;
#7036 = DIRECTION ( 'NONE',  ( 1.000000000000000000, 0.000000000000000000, 0.000000000000000000 ) ) ;
#7037 = LINE ( 'NONE', #8548, #8233 ) ;
#7038 = CYLINDRICAL_SURFACE ( 'NONE', #10069, 5.899999999999999467 ) ;
#7039 = CARTESIAN_POINT ( 'NONE',  ( 7.150000000000000355, 0.5500000000000000444, -4.500000000000000000 ) ) ;
#7040 = DIRECTION ( 'NONE',  ( 0.000000000000000000, 0.000000000000000000, -1.000000000000000000 ) ) ;
#7041 = STYLED_ITEM ( 'NONE', ( #8630 ), #10522 ) ;
#7042 = EDGE_CURVE ( 'NONE', #10814, #8464, #6404, .T. ) ;
#7043 = AXIS2_PLACEMENT_3D ( 'NONE', #10915, #12389, #3253 ) ;
#7044 = DIRECTION ( 'NONE',  ( 0.8660254037844420383, 0.4999999999999941158, 0.000000000000000000 ) ) ;
#7045 = SURFACE_STYLE_FILL_AREA ( #3131 ) ;
#7046 =( NAMED_UNIT ( * ) SI_UNIT ( $, .STERADIAN. ) SOLID_ANGLE_UNIT ( ) );
#7047 = PLANE ( 'NONE',  #472 ) ;
#7048 = ORIENTED_EDGE ( 'NONE', *, *, #4663, .F. ) ;
#7049 = ORIENTED_EDGE ( 'NONE', *, *, #3982, .T. ) ;
#7050 = ORIENTED_EDGE ( 'NONE', *, *, #1939, .T. ) ;
#7051 = ORIENTED_EDGE ( 'NONE', *, *, #10630, .T. ) ;
#7052 = FILL_AREA_STYLE ('',( #206 ) ) ;
#7053 = COLOUR_RGB ( '',0.2509803921568627416, 0.2509803921568627416, 0.2509803921568627416 ) ;
#7054 = CYLINDRICAL_SURFACE ( 'NONE', #51, 0.8999999999999780398 ) ;
#7055 = EDGE_LOOP ( 'NONE', ( #4533, #10310, #1521, #7659 ) ) ;
#7056 = EDGE_CURVE ( 'NONE', #466, #8053, #11027, .T. ) ;
#7057 = DIRECTION ( 'NONE',  ( 0.000000000000000000, -1.000000000000000000, 0.000000000000000000 ) ) ;
#7058 = DIRECTION ( 'NONE',  ( 0.000000000000000000, 0.000000000000000000, -1.000000000000000000 ) ) ;
#7059 = DIRECTION ( 'NONE',  ( 0.000000000000000000, 0.000000000000000000, 1.000000000000000000 ) ) ;
#7060 = CIRCLE ( 'NONE', #8435, 7.200000000000000178 ) ;
#7061 = VECTOR ( 'NONE', #233, 1000.000000000000000 ) ;
#7062 = LINE ( 'NONE', #10053, #5164 ) ;
#7063 = AXIS2_PLACEMENT_3D ( 'NONE', #11514, #1914, #924 ) ;
#7064 = CARTESIAN_POINT ( 'NONE',  ( 3.254858606420005351, 7.075688402361520524, -1.199999999999999956 ) ) ;
#7065 = UNCERTAINTY_MEASURE_WITH_UNIT (LENGTH_MEASURE( 1.000000000000000082E-05 ), #957, 'distance_accuracy_value', 'NONE');
#7066 = ORIENTED_EDGE ( 'NONE', *, *, #980, .T. ) ;
#7067 = VECTOR ( 'NONE', #1028, 1000.000000000000000 ) ;
#7068 = ORIENTED_EDGE ( 'NONE', *, *, #1707, .F. ) ;
#7069 = CARTESIAN_POINT ( 'NONE',  ( 4.469323853433955662, 2.084079939631069855, -1.199999999999999956 ) ) ;
#7070 = AXIS2_PLACEMENT_3D ( 'NONE', #3908, #7757, #11575 ) ;
#7071 = DIRECTION ( 'NONE',  ( 0.000000000000000000, 0.000000000000000000, -1.000000000000000000 ) ) ;
#7072 = CARTESIAN_POINT ( 'NONE',  ( 7.150000000000000355, 3.200000000000000178, -4.500000000000000000 ) ) ;
#7073 = EDGE_CURVE ( 'NONE', #10235, #2800, #561, .T. ) ;
#7074 = DIRECTION ( 'NONE',  ( 0.000000000000000000, 0.000000000000000000, -1.000000000000000000 ) ) ;
#7075 = CARTESIAN_POINT ( 'NONE',  ( 10.10244740199000013, 21.16312550038430018, 7.299999999999999822 ) ) ;
#7076 = DIRECTION ( 'NONE',  ( 0.000000000000000000, 1.398970545142586048E-16, -1.000000000000000000 ) ) ;
#7077 = LINE ( 'NONE', #8136, #2924 ) ;
#7078 = FACE_OUTER_BOUND ( 'NONE', #5775, .T. ) ;
#7079 = VECTOR ( 'NONE', #3504, 1000.000000000000000 ) ;
#7080 = CARTESIAN_POINT ( 'NONE',  ( -2.850000000000000089, 0.5500000000000000444, -7.000000000000000000 ) ) ;
#7081 = DIRECTION ( 'NONE',  ( 1.000000000000000000, 0.000000000000000000, 0.000000000000000000 ) ) ;
#7082 = VECTOR ( 'NONE', #1352, 1000.000000000000000 ) ;
#7083 = UNCERTAINTY_MEASURE_WITH_UNIT (LENGTH_MEASURE( 1.000000000000000082E-05 ), #10975, 'distance_accuracy_value', 'NONE');
#7084 = CARTESIAN_POINT ( 'NONE',  ( 3.500000000000000000, -7.828123272804480478E-16, 7.299999999999999822 ) ) ;
#7085 = ORIENTED_EDGE ( 'NONE', *, *, #10693, .T. ) ;
#7086 = FILL_AREA_STYLE_COLOUR ( '', #8597 ) ;
#7087 = VECTOR ( 'NONE', #6450, 1000.000000000000000 ) ;
#7088 = VECTOR ( 'NONE', #6165, 1000.000000000000000 ) ;
#7089 = CARTESIAN_POINT ( 'NONE',  ( 10.14999999999999858, 21.10000000000000142, 7.200000000000000178 ) ) ;
#7090 = CARTESIAN_POINT ( 'NONE',  ( 10.09999999999999964, 8.900000000000000355, 7.299999999999999822 ) ) ;
#7091 = EDGE_CURVE ( 'NONE', #8112, #7843, #10833, .T. ) ;
#7092 = DIRECTION ( 'NONE',  ( -0.9063077870366491595, 0.4226182617407010511, 0.000000000000000000 ) ) ;
#7093 = EDGE_CURVE ( 'NONE', #2482, #1218, #11852, .T. ) ;
#7094 = AXIS2_PLACEMENT_3D ( 'NONE', #3248, #442, #11922 ) ;
#7095 = DIRECTION ( 'NONE',  ( 0.000000000000000000, 0.000000000000000000, -1.000000000000000000 ) ) ;
#7096 = DIRECTION ( 'NONE',  ( 1.000000000000000000, 0.000000000000000000, 0.000000000000000000 ) ) ;
#7097 = VECTOR ( 'NONE', #10079, 1000.000000000000000 ) ;
#7098 = CARTESIAN_POINT ( 'NONE',  ( -0.4500000000000139999, 8.699999999999999289, 6.799999999999999822 ) ) ;
#7099 = VERTEX_POINT ( 'NONE', #495 ) ;
#7100 = ORIENTED_EDGE ( 'NONE', *, *, #4232, .F. ) ;
#7101 = AXIS2_PLACEMENT_3D ( 'NONE', #10177, #11122, #656 ) ;
#7102 = ORIENTED_EDGE ( 'NONE', *, *, #1692, .F. ) ;
#7103 = SURFACE_STYLE_USAGE ( .BOTH. , #5376 ) ;
#7104 = ORIENTED_EDGE ( 'NONE', *, *, #5613, .F. ) ;
#7105 = SURFACE_SIDE_STYLE ('',( #6208 ) ) ;
#7106 = FACE_OUTER_BOUND ( 'NONE', #6412, .T. ) ;
#7107 = CARTESIAN_POINT ( 'NONE',  ( 3.000000000000000000, 1.699999999999999956, 5.150000000000000355 ) ) ;
#7108 = EDGE_CURVE ( 'NONE', #8862, #8734, #2369, .T. ) ;
#7109 = CARTESIAN_POINT ( 'NONE',  ( -2.989405734482134758, 11.73932253780020041, -1.199999999999999956 ) ) ;
#7110 = DIRECTION ( 'NONE',  ( -1.000000000000000000, 0.000000000000000000, 0.000000000000000000 ) ) ;
#7111 =( GEOMETRIC_REPRESENTATION_CONTEXT ( 3 ) GLOBAL_UNCERTAINTY_ASSIGNED_CONTEXT ( ( #1538 ) ) GLOBAL_UNIT_ASSIGNED_CONTEXT ( ( #6853, #2149, #1220 ) ) REPRESENTATION_CONTEXT ( 'NONE', 'WORKASPACE' ) );
#7112 = AXIS2_PLACEMENT_3D ( 'NONE', #7230, #11993, #3326 ) ;
#7113 = LINE ( 'NONE', #5889, #12355 ) ;
#7114 =( NAMED_UNIT ( * ) PLANE_ANGLE_UNIT ( ) SI_UNIT ( $, .RADIAN. ) );
#7115 = FACE_OUTER_BOUND ( 'NONE', #11941, .T. ) ;
#7116 = PRESENTATION_STYLE_ASSIGNMENT (( #11875 ) ) ;
#7117 = VERTEX_POINT ( 'NONE', #2487 ) ;
#7118 = VERTEX_POINT ( 'NONE', #296 ) ;
#7119 = ORIENTED_EDGE ( 'NONE', *, *, #8527, .F. ) ;
#7120 = ORIENTED_EDGE ( 'NONE', *, *, #11767, .T. ) ;
#7121 =( NAMED_UNIT ( * ) SI_UNIT ( $, .STERADIAN. ) SOLID_ANGLE_UNIT ( ) );
#7123 = ORIENTED_EDGE ( 'NONE', *, *, #298, .F. ) ;
#7122 = UNCERTAINTY_MEASURE_WITH_UNIT (LENGTH_MEASURE( 1.000000000000000082E-05 ), #706, 'distance_accuracy_value', 'NONE');
#7124 = SURFACE_SIDE_STYLE ('',( #10050 ) ) ;
#7125 = LINE ( 'NONE', #8810, #7082 ) ;
#7126 = VECTOR ( 'NONE', #7286, 1000.000000000000000 ) ;
#7127 =( NAMED_UNIT ( * ) PLANE_ANGLE_UNIT ( ) SI_UNIT ( $, .RADIAN. ) );
#7128 = DIRECTION ( 'NONE',  ( 1.000000000000000000, 4.962700161537330485E-15, 0.000000000000000000 ) ) ;
#7129 =( LENGTH_UNIT ( ) NAMED_UNIT ( * ) SI_UNIT ( .MILLI., .METRE. ) );
#7130 = CONICAL_SURFACE ( 'NONE', #4694, 7.200000000000000178, 0.7853981633974829180 ) ;
#7131 = EDGE_CURVE ( 'NONE', #4975, #7720, #8149, .T. ) ;
#7132 = EDGE_LOOP ( 'NONE', ( #996, #6008, #11062, #8482 ) ) ;
#7133 = PRESENTATION_LAYER_ASSIGNMENT (  '', '', ( #6111 ) ) ;
#7134 = ORIENTED_EDGE ( 'NONE', *, *, #8614, .F. ) ;
#7135 =( LENGTH_UNIT ( ) NAMED_UNIT ( * ) SI_UNIT ( .MILLI., .METRE. ) );
#7136 = CARTESIAN_POINT ( 'NONE',  ( -1.649999999999999911, -1.539499158440714680E-14, -8.849999999999999645 ) ) ;
#7137 =( LENGTH_UNIT ( ) NAMED_UNIT ( * ) SI_UNIT ( .MILLI., .METRE. ) );
#7138 = AXIS2_PLACEMENT_3D ( 'NONE', #7160, #509, #4316 ) ;
#7139 = CARTESIAN_POINT ( 'NONE',  ( 10.34999999999999964, 21.39999999999999858, 7.250000000000000000 ) ) ;
#7140 = LINE ( 'NONE', #9887, #7351 ) ;
#7141 = DIRECTION ( 'NONE',  ( 0.000000000000000000, -1.000000000000000000, -1.398970545142586048E-16 ) ) ;
#7142 = CIRCLE ( 'NONE', #10120, 8.400000000000000355 ) ;
#7143 = CARTESIAN_POINT ( 'NONE',  ( 10.14999999999999858, 0.000000000000000000, -17.80452084174450178 ) ) ;
#7144 = EDGE_CURVE ( 'NONE', #7840, #12319, #1434, .T. ) ;
#7145 = STYLED_ITEM ( 'NONE', ( #7020 ), #5035 ) ;
#7146 = ORIENTED_EDGE ( 'NONE', *, *, #1969, .F. ) ;
#7147 = DIRECTION ( 'NONE',  ( -3.252606517456510541E-15, 0.000000000000000000, 1.000000000000000000 ) ) ;
#7148 = DIRECTION ( 'NONE',  ( -1.000000000000000000, 3.898255002194944702E-16, 3.718869191154470885E-15 ) ) ;
#7149 = CARTESIAN_POINT ( 'NONE',  ( -1.650000000000039879, 3.200000000000000178, -8.849999999999999645 ) ) ;
#7150 = CARTESIAN_POINT ( 'NONE',  ( -8.550000000000199663, 19.50000000000000000, -11.24999999999984013 ) ) ;
#7151 = UNCERTAINTY_MEASURE_WITH_UNIT (LENGTH_MEASURE( 1.000000000000000082E-05 ), #5180, 'distance_accuracy_value', 'NONE');
#7152 = DIRECTION ( 'NONE',  ( 1.000000000000000000, 3.898255002195069934E-16, 0.000000000000000000 ) ) ;
#7153 = CARTESIAN_POINT ( 'NONE',  ( -10.15000000000021885, 21.19999999999999929, -11.24999999999984013 ) ) ;
#7154 = ORIENTED_EDGE ( 'NONE', *, *, #5839, .F. ) ;
#7155 = ORIENTED_EDGE ( 'NONE', *, *, #1232, .T. ) ;
#7156 = EDGE_CURVE ( 'NONE', #2324, #6951, #3422, .T. ) ;
#7157 = UNCERTAINTY_MEASURE_WITH_UNIT (LENGTH_MEASURE( 1.000000000000000082E-05 ), #9768, 'distance_accuracy_value', 'NONE');
#7158 = CARTESIAN_POINT ( 'NONE',  ( -0.6999999999999999556, -3.473890113076134811E-15, -8.699999999999999289 ) ) ;
#7159 = ORIENTED_EDGE ( 'NONE', *, *, #4930, .T. ) ;
#7160 = CARTESIAN_POINT ( 'NONE',  ( 0.000000000000000000, 10.00000000000000000, 7.250000000000000000 ) ) ;
#7161 = DIRECTION ( 'NONE',  ( 1.000000000000000000, 0.000000000000000000, 0.000000000000000000 ) ) ;
#7162 = CARTESIAN_POINT ( 'NONE',  ( -10.34999999999999964, 8.900000000000000355, 5.700000000000000178 ) ) ;
#7163 = UNCERTAINTY_MEASURE_WITH_UNIT (LENGTH_MEASURE( 1.000000000000000082E-05 ), #11710, 'distance_accuracy_value', 'NONE');
#7164 = DIRECTION ( 'NONE',  ( 0.000000000000000000, -1.000000000000000000, 0.000000000000000000 ) ) ;
#7165 = CARTESIAN_POINT ( 'NONE',  ( 10.14999999999999858, 12.77500000000000036, -6.099999999999901057 ) ) ;
#7166 = SURFACE_STYLE_USAGE ( .BOTH. , #1512 ) ;
#7167 = SURFACE_SIDE_STYLE ('',( #9979 ) ) ;
#7168 = CARTESIAN_POINT ( 'NONE',  ( -0.9413803641798629274, 13.68737257913410055, -1.199999999999999956 ) ) ;
#7169 =( GEOMETRIC_REPRESENTATION_CONTEXT ( 3 ) GLOBAL_UNCERTAINTY_ASSIGNED_CONTEXT ( ( #10040 ) ) GLOBAL_UNIT_ASSIGNED_CONTEXT ( ( #12110, #11105, #11156 ) ) REPRESENTATION_CONTEXT ( 'NONE', 'WORKASPACE' ) );
#7170 =( NAMED_UNIT ( * ) PLANE_ANGLE_UNIT ( ) SI_UNIT ( $, .RADIAN. ) );
#7171 = ORIENTED_EDGE ( 'NONE', *, *, #11964, .F. ) ;
#7172 = EDGE_CURVE ( 'NONE', #9876, #700, #11088, .T. ) ;
#7173 = UNCERTAINTY_MEASURE_WITH_UNIT (LENGTH_MEASURE( 1.000000000000000082E-05 ), #10429, 'distance_accuracy_value', 'NONE');
#7174 = ADVANCED_FACE ( 'NONE', ( #11788 ), #5184, .F. ) ;
#7176 = EDGE_LOOP ( 'NONE', ( #901, #11498, #838, #10292 ) ) ;
#7175 = VECTOR ( 'NONE', #9643, 1000.000000000000000 ) ;
#7177 = ORIENTED_EDGE ( 'NONE', *, *, #9959, .F. ) ;
#7178 = ORIENTED_EDGE ( 'NONE', *, *, #11478, .T. ) ;
#7179 = DIRECTION ( 'NONE',  ( 7.575408038632519885E-31, 1.825171967322120018E-46, 1.000000000000000000 ) ) ;
#7180 = VECTOR ( 'NONE', #10442, 1000.000000000000000 ) ;
#7181 = CARTESIAN_POINT ( 'NONE',  ( -0.4500000000000130007, 8.400000000000000355, -1.199999999999999956 ) ) ;
#7182 = ORIENTED_EDGE ( 'NONE', *, *, #9255, .T. ) ;
#7183 = VECTOR ( 'NONE', #2225, 1000.000000000000000 ) ;
#7184 =( NAMED_UNIT ( * ) SI_UNIT ( $, .STERADIAN. ) SOLID_ANGLE_UNIT ( ) );
#7185 = CARTESIAN_POINT ( 'NONE',  ( -0.3499999999999999778, 3.200000000000000178, -6.200000000000000178 ) ) ;
#7186 = AXIS2_PLACEMENT_3D ( 'NONE', #4416, #5302, #2364 ) ;
#7187 = PRESENTATION_STYLE_ASSIGNMENT (( #9239 ) ) ;
#7188 = ADVANCED_FACE ( 'NONE', ( #615 ), #6620, .T. ) ;
#7189 = VERTEX_POINT ( 'NONE', #9449 ) ;
#7190 = ORIENTED_EDGE ( 'NONE', *, *, #4663, .T. ) ;
#7191 = VECTOR ( 'NONE', #2072, 1000.000000000000000 ) ;
#7192 = ORIENTED_EDGE ( 'NONE', *, *, #1081, .T. ) ;
#7193 = COLOUR_RGB ( '',0.2509803921568627416, 0.2509803921568627416, 0.2509803921568627416 ) ;
#7194 = DIRECTION ( 'NONE',  ( 1.000000000000000000, 0.000000000000000000, 0.000000000000000000 ) ) ;
#7195 = CARTESIAN_POINT ( 'NONE',  ( 2.755890891981089956E-14, 6.500000000000000000, -1.199999999999999956 ) ) ;
#7196 = LINE ( 'NONE', #1239, #4014 ) ;
#7197 = DIRECTION ( 'NONE',  ( 1.000000000000000000, 0.000000000000000000, 0.000000000000000000 ) ) ;
#7198 = FILL_AREA_STYLE_COLOUR ( '', #6140 ) ;
#7199 = ADVANCED_FACE ( 'NONE', ( #3600 ), #12340, .F. ) ;
#7200 = FILL_AREA_STYLE ('',( #3350 ) ) ;
#7201 = FACE_OUTER_BOUND ( 'NONE', #1824, .T. ) ;
#7202 = COLOUR_RGB ( '',0.2509803921568627416, 0.2509803921568627416, 0.2509803921568627416 ) ;
#7203 = CIRCLE ( 'NONE', #7603, 1.090380592228666012 ) ;
#7204 =( GEOMETRIC_REPRESENTATION_CONTEXT ( 3 ) GLOBAL_UNCERTAINTY_ASSIGNED_CONTEXT ( ( #2377 ) ) GLOBAL_UNIT_ASSIGNED_CONTEXT ( ( #4307, #9152, #12038 ) ) REPRESENTATION_CONTEXT ( 'NONE', 'WORKASPACE' ) );
#7205 = ORIENTED_EDGE ( 'NONE', *, *, #11108, .T. ) ;
#7206 = CARTESIAN_POINT ( 'NONE',  ( 10.34999999999999964, 8.900000000000000355, 5.700000000000000178 ) ) ;
#7207 = FILL_AREA_STYLE ('',( #11848 ) ) ;
#7208 = CARTESIAN_POINT ( 'NONE',  ( -2.983780846226099737, 10.73882662145499900, -1.199999999999999956 ) ) ;
#7209 = CARTESIAN_POINT ( 'NONE',  ( 10.14999999999999858, 17.02499999999999858, -11.24999999999986144 ) ) ;
#7210 = VECTOR ( 'NONE', #9639, 1000.000000000000000 ) ;
#7211 = EDGE_CURVE ( 'NONE', #2146, #8270, #11653, .T. ) ;
#7212 = VECTOR ( 'NONE', #6668, 1000.000000000000000 ) ;
#7213 = DIRECTION ( 'NONE',  ( 1.000000000000000000, 0.000000000000000000, 0.000000000000000000 ) ) ;
#7214 = PLANE ( 'NONE',  #7716 ) ;
#7215 = DIRECTION ( 'NONE',  ( 0.000000000000000000, 0.000000000000000000, 1.000000000000000000 ) ) ;
#7216 = ADVANCED_FACE ( 'NONE', ( #2547 ), #2796, .T. ) ;
#7217 = LINE ( 'NONE', #9319, #3968 ) ;
#7218 = ORIENTED_EDGE ( 'NONE', *, *, #8863, .T. ) ;
#7219 = ORIENTED_EDGE ( 'NONE', *, *, #6933, .F. ) ;
#7220 = LINE ( 'NONE', #10025, #11078 ) ;
#7221 = ORIENTED_EDGE ( 'NONE', *, *, #1488, .T. ) ;
#7222 = MECHANICAL_DESIGN_GEOMETRIC_PRESENTATION_REPRESENTATION (  '', ( #9016 ), #6801 ) ;
#7223 = CARTESIAN_POINT ( 'NONE',  ( 1.649999999999999911, 3.200000000000000178, -4.500000000000000000 ) ) ;
#7224 = CARTESIAN_POINT ( 'NONE',  ( -4.646130973617839999, 9.963660026517290547, -1.199999999999999956 ) ) ;
#7225 = DIRECTION ( 'NONE',  ( 0.000000000000000000, 0.000000000000000000, 1.000000000000000000 ) ) ;
#7226 = EDGE_CURVE ( 'NONE', #7572, #8876, #9457, .T. ) ;
#7227 = DIRECTION ( 'NONE',  ( -3.718869191154470885E-15, -2.414357261555910084E-44, -1.000000000000000000 ) ) ;
#7228 = SURFACE_STYLE_USAGE ( .BOTH. , #8225 ) ;
#7229 = CARTESIAN_POINT ( 'NONE',  ( -5.030347782047379646, 10.78761563116994004, -1.199999999999999956 ) ) ;
#7230 = CARTESIAN_POINT ( 'NONE',  ( 5.833015274308009963E-15, 21.19999999999999929, 7.200000000000000178 ) ) ;
#7231 = ORIENTED_EDGE ( 'NONE', *, *, #7598, .F. ) ;
#7232 = ORIENTED_EDGE ( 'NONE', *, *, #8201, .T. ) ;
#7233 = VERTEX_POINT ( 'NONE', #2605 ) ;
#7234 = EDGE_LOOP ( 'NONE', ( #1893, #10621, #216, #4449, #9214, #12069, #1654, #9290 ) ) ;
#7235 = DIRECTION ( 'NONE',  ( -1.000000000000000000, 0.000000000000000000, 0.000000000000000000 ) ) ;
#7236 = CARTESIAN_POINT ( 'NONE',  ( -4.469323853433955662, 2.084079939631069855, -1.199999999999999956 ) ) ;
#7237 = VECTOR ( 'NONE', #5558, 1000.000000000000000 ) ;
#7238 = VERTEX_POINT ( 'NONE', #6434 ) ;
#7239 = EDGE_CURVE ( 'NONE', #3444, #11664, #9327, .T. ) ;
#7240 = DIRECTION ( 'NONE',  ( 0.000000000000000000, 0.000000000000000000, 1.000000000000000000 ) ) ;
#7241 = EDGE_CURVE ( 'NONE', #5761, #1937, #8818, .T. ) ;
#7242 = FACE_OUTER_BOUND ( 'NONE', #10768, .T. ) ;
#7243 = DIRECTION ( 'NONE',  ( -1.000000000000000000, 0.000000000000000000, 0.000000000000000000 ) ) ;
#7244 = DIRECTION ( 'NONE',  ( 1.000000000000000000, 9.925400323074660971E-15, 0.000000000000000000 ) ) ;
#7245 = AXIS2_PLACEMENT_3D ( 'NONE', #7768, #9718, #6956 ) ;
#7246 = AXIS2_PLACEMENT_3D ( 'NONE', #7497, #10242, #11129 ) ;
#7247 = VERTEX_POINT ( 'NONE', #3972 ) ;
#7248 = ORIENTED_EDGE ( 'NONE', *, *, #9161, .F. ) ;
#7249 = VERTEX_POINT ( 'NONE', #10628 ) ;
#7250 = SURFACE_STYLE_FILL_AREA ( #5093 ) ;
#7251 = CARTESIAN_POINT ( 'NONE',  ( 5.410704217613820255, 11.60329263950301915, 6.799999999999999822 ) ) ;
#7252 = PLANE ( 'NONE',  #10233 ) ;
#7253 = MECHANICAL_DESIGN_GEOMETRIC_PRESENTATION_REPRESENTATION (  '', ( #9249 ), #3819 ) ;
#7254 = EDGE_CURVE ( 'NONE', #10843, #5710, #986, .T. ) ;
#7255 = VECTOR ( 'NONE', #3858, 1000.000000000000000 ) ;
#7256 = CIRCLE ( 'NONE', #4622, 0.1999999999999996503 ) ;
#7257 = CYLINDRICAL_SURFACE ( 'NONE', #1270, 0.1500000000000008271 ) ;
#7258 = CARTESIAN_POINT ( 'NONE',  ( 7.849999999999999645, 0.5500000000000000444, -8.500000000000000000 ) ) ;
#7259 = DIRECTION ( 'NONE',  ( 1.000000000000000000, 0.000000000000000000, 0.000000000000000000 ) ) ;
#7260 = FACE_OUTER_BOUND ( 'NONE', #8300, .T. ) ;
#7261 = FILL_AREA_STYLE_COLOUR ( '', #5508 ) ;
#7262 =( GEOMETRIC_REPRESENTATION_CONTEXT ( 3 ) GLOBAL_UNCERTAINTY_ASSIGNED_CONTEXT ( ( #10926 ) ) GLOBAL_UNIT_ASSIGNED_CONTEXT ( ( #9730, #7780, #1012 ) ) REPRESENTATION_CONTEXT ( 'NONE', 'WORKASPACE' ) );
#7263 = ORIENTED_EDGE ( 'NONE', *, *, #2689, .T. ) ;
#7264 = FILL_AREA_STYLE ('',( #3355 ) ) ;
#7265 = CARTESIAN_POINT ( 'NONE',  ( -10.14999999999999858, -1.007428132792079774E-13, 7.299999999999999822 ) ) ;
#7266 = SURFACE_SIDE_STYLE ('',( #1611 ) ) ;
#7267 = LINE ( 'NONE', #11085, #11394 ) ;
#7268 = DIRECTION ( 'NONE',  ( 0.000000000000000000, 0.000000000000000000, -1.000000000000000000 ) ) ;
#7269 = MECHANICAL_DESIGN_GEOMETRIC_PRESENTATION_REPRESENTATION (  '', ( #3039 ), #11471 ) ;
#7270 = FILL_AREA_STYLE ('',( #8958 ) ) ;
#7271 = LINE ( 'NONE', #3480, #1551 ) ;
#7272 = CARTESIAN_POINT ( 'NONE',  ( 10.23154063800834201, 21.15488155364689860, 7.474841179709679651 ) ) ;
#7273 = SURFACE_STYLE_FILL_AREA ( #2553 ) ;
#7274 = ORIENTED_EDGE ( 'NONE', *, *, #65, .F. ) ;
#7275 = ORIENTED_EDGE ( 'NONE', *, *, #2371, .T. ) ;
#7276 = DIRECTION ( 'NONE',  ( 1.000000000000000000, 0.000000000000000000, 0.000000000000000000 ) ) ;
#7277 = COLOUR_RGB ( '',0.2509803921568627416, 0.2509803921568627416, 0.2509803921568627416 ) ;
#7278 = VECTOR ( 'NONE', #894, 999.9999999999998863 ) ;
#7279 = ADVANCED_FACE ( 'NONE', ( #108 ), #10509, .T. ) ;
#7280 = PLANE ( 'NONE',  #6241 ) ;
#7281 = CARTESIAN_POINT ( 'NONE',  ( 10.05000000000000071, -1.224646799147346027E-17, 7.500000000000000000 ) ) ;
#7282 = STYLED_ITEM ( 'NONE', ( #6444 ), #7931 ) ;
#7283 = VECTOR ( 'NONE', #2826, 1000.000000000000000 ) ;
#7284 = PRESENTATION_STYLE_ASSIGNMENT (( #12046 ) ) ;
#7285 =( NAMED_UNIT ( * ) PLANE_ANGLE_UNIT ( ) SI_UNIT ( $, .RADIAN. ) );
#7286 = DIRECTION ( 'NONE',  ( -1.000000000000000000, -1.298436238251450266E-29, 3.718869191154470885E-15 ) ) ;
#7287 = CARTESIAN_POINT ( 'NONE',  ( 7.200000000000000178, 10.00000000000000000, 7.200000000000000178 ) ) ;
#7288 = DIRECTION ( 'NONE',  ( 0.000000000000000000, -1.000000000000000000, -7.589415207398510528E-15 ) ) ;
#7289 = PRESENTATION_LAYER_ASSIGNMENT (  '', '', ( #8886 ) ) ;
#7290 = STYLED_ITEM ( 'NONE', ( #1894 ), #8236 ) ;
#7291 = ORIENTED_EDGE ( 'NONE', *, *, #12287, .T. ) ;
#7292 = UNCERTAINTY_MEASURE_WITH_UNIT (LENGTH_MEASURE( 1.000000000000000082E-05 ), #8109, 'distance_accuracy_value', 'NONE');
#7293 = ORIENTED_EDGE ( 'NONE', *, *, #8686, .F. ) ;
#7294 = ORIENTED_EDGE ( 'NONE', *, *, #9748, .T. ) ;
#7295 = EDGE_CURVE ( 'NONE', #5361, #4549, #7697, .T. ) ;
#7296 = ORIENTED_EDGE ( 'NONE', *, *, #7241, .T. ) ;
#7297 = DIRECTION ( 'NONE',  ( 0.000000000000000000, 0.000000000000000000, 1.000000000000000000 ) ) ;
#7298 = CARTESIAN_POINT ( 'NONE',  ( 7.849999999999999645, 0.5500000000000000444, -8.000000000000000000 ) ) ;
#7299 = ORIENTED_EDGE ( 'NONE', *, *, #9201, .F. ) ;
#7300 = STYLED_ITEM ( 'NONE', ( #5830 ), #8303 ) ;
#7301 = CARTESIAN_POINT ( 'NONE',  ( -7.849999999999999645, 0.5500000000000000444, -7.000000000000000000 ) ) ;
#7302 = LINE ( 'NONE', #7185, #2165 ) ;
#7303 = DIRECTION ( 'NONE',  ( -0.000000000000000000, 1.000000000000000000, 0.000000000000000000 ) ) ;
#7304 = VECTOR ( 'NONE', #5061, 1000.000000000000000 ) ;
#7305 = VERTEX_POINT ( 'NONE', #11635 ) ;
#7306 = EDGE_CURVE ( 'NONE', #8436, #11051, #5441, .T. ) ;
#7307 = ADVANCED_FACE ( 'NONE', ( #6808 ), #1915, .T. ) ;
#7308 = ORIENTED_EDGE ( 'NONE', *, *, #5659, .F. ) ;
#7309 = FACE_OUTER_BOUND ( 'NONE', #8450, .T. ) ;
#7310 = ORIENTED_EDGE ( 'NONE', *, *, #9186, .F. ) ;
#7311 = LINE ( 'NONE', #5588, #2000 ) ;
#7312 = CARTESIAN_POINT ( 'NONE',  ( 3.000000000000000000, 1.699999999999999956, 5.500000000000000000 ) ) ;
#7313 =( GEOMETRIC_REPRESENTATION_CONTEXT ( 3 ) GLOBAL_UNCERTAINTY_ASSIGNED_CONTEXT ( ( #1414 ) ) GLOBAL_UNIT_ASSIGNED_CONTEXT ( ( #10727, #3190, #7854 ) ) REPRESENTATION_CONTEXT ( 'NONE', 'WORKASPACE' ) );
#7314 = UNCERTAINTY_MEASURE_WITH_UNIT (LENGTH_MEASURE( 1.000000000000000082E-05 ), #1083, 'distance_accuracy_value', 'NONE');
#7315 = VECTOR ( 'NONE', #12108, 1000.000000000000000 ) ;
#7316 = DIRECTION ( 'NONE',  ( 0.000000000000000000, 3.854941057726394883E-15, -1.000000000000000000 ) ) ;
#7317 = FACE_BOUND ( 'NONE', #6614, .T. ) ;
#7318 = DIRECTION ( 'NONE',  ( 0.000000000000000000, 1.000000000000000000, 0.000000000000000000 ) ) ;
#7319 = DIRECTION ( 'NONE',  ( 0.000000000000000000, 0.000000000000000000, 1.000000000000000000 ) ) ;
#7320 = DIRECTION ( 'NONE',  ( 1.000000000000000000, 2.168404344971010101E-16, -7.575408038632519885E-31 ) ) ;
#7321 = CARTESIAN_POINT ( 'NONE',  ( -0.3499999999999999778, 3.200000000000000178, -9.000000000000000000 ) ) ;
#7322 = SURFACE_STYLE_FILL_AREA ( #5418 ) ;
#7323 = VECTOR ( 'NONE', #7645, 1000.000000000000000 ) ;
#7324 = EDGE_CURVE ( 'NONE', #6137, #2396, #5856, .T. ) ;
#7325 = ADVANCED_FACE ( 'NONE', ( #10695 ), #1849, .F. ) ;
#7326 = ORIENTED_EDGE ( 'NONE', *, *, #9338, .F. ) ;
#7327 = AXIS2_PLACEMENT_3D ( 'NONE', #2733, #7583, #6559 ) ;
#7328 = ORIENTED_EDGE ( 'NONE', *, *, #6699, .T. ) ;
#7329 = DIRECTION ( 'NONE',  ( 0.4226182617407014397, 0.9063077870366489375, 0.000000000000000000 ) ) ;
#7330 = DIRECTION ( 'NONE',  ( -1.000000000000000000, 0.000000000000000000, 0.000000000000000000 ) ) ;
#7331 = PRESENTATION_STYLE_ASSIGNMENT (( #5543 ) ) ;
#7332 = VECTOR ( 'NONE', #4230, 1000.000000000000000 ) ;
#7333 = CARTESIAN_POINT ( 'NONE',  ( -7.150000000000000355, 0.5500000000000000444, -4.500000000000000000 ) ) ;
#7334 = AXIS2_PLACEMENT_3D ( 'NONE', #9342, #4617, #12231 ) ;
#7335 = DIRECTION ( 'NONE',  ( 0.4999999999999998890, 0.8660254037844387076, 0.000000000000000000 ) ) ;
#7336 = VERTEX_POINT ( 'NONE', #9518 ) ;
#7337 = ORIENTED_EDGE ( 'NONE', *, *, #6390, .T. ) ;
#7338 = EDGE_CURVE ( 'NONE', #2693, #8217, #6746, .T. ) ;
#7339 = PRESENTATION_LAYER_ASSIGNMENT (  '', '', ( #319 ) ) ;
#7340 = DIRECTION ( 'NONE',  ( 1.000000000000000000, 2.168404344971010101E-16, -7.575408038632519885E-31 ) ) ;
#7341 = SURFACE_STYLE_FILL_AREA ( #12288 ) ;
#7342 = LINE ( 'NONE', #7224, #11433 ) ;
#7343 = CARTESIAN_POINT ( 'NONE',  ( 10.10244762281251951, 21.21563342331495150, 7.500000000000000000 ) ) ;
#7344 = CIRCLE ( 'NONE', #5117, 0.2500000000000002220 ) ;
#7345 = PLANE ( 'NONE',  #7334 ) ;
#7346 = CARTESIAN_POINT ( 'NONE',  ( 7.500000000000000000, -0.2298097038856294905, -0.2000000000000000111 ) ) ;
#7347 = EDGE_CURVE ( 'NONE', #1266, #3365, #925, .T. ) ;
#7348 = FACE_OUTER_BOUND ( 'NONE', #1217, .T. ) ;
#7349 = DIRECTION ( 'NONE',  ( 0.000000000000000000, 0.000000000000000000, -1.000000000000000000 ) ) ;
#7350 = EDGE_CURVE ( 'NONE', #7633, #8475, #8565, .T. ) ;
#7351 = VECTOR ( 'NONE', #3348, 1000.000000000000000 ) ;
#7352 = ORIENTED_EDGE ( 'NONE', *, *, #5701, .T. ) ;
#7353 = VERTEX_POINT ( 'NONE', #6686 ) ;
#7354 = ORIENTED_EDGE ( 'NONE', *, *, #5687, .T. ) ;
#7355 = ORIENTED_EDGE ( 'NONE', *, *, #11217, .T. ) ;
#7356 = FILL_AREA_STYLE ('',( #12120 ) ) ;
#7357 =( NAMED_UNIT ( * ) SI_UNIT ( $, .STERADIAN. ) SOLID_ANGLE_UNIT ( ) );
#7358 = SURFACE_STYLE_FILL_AREA ( #6649 ) ;
#7359 = VECTOR ( 'NONE', #5627, 1000.000000000000000 ) ;
#7360 = CARTESIAN_POINT ( 'NONE',  ( 7.786542750846559890, 13.15115089915400048, 5.700000000000000178 ) ) ;
#7361 = EDGE_CURVE ( 'NONE', #4105, #5739, #7664, .T. ) ;
#7362 = CARTESIAN_POINT ( 'NONE',  ( 1.689859732951970006, 2.926922915137600167, -1.199999999999999956 ) ) ;
#7363 = VECTOR ( 'NONE', #1662, 1000.000000000000000 ) ;
#7364 = CARTESIAN_POINT ( 'NONE',  ( -6.251007244774430482, 15.61114145480044968, -4.599999999999999645 ) ) ;
#7365 = VECTOR ( 'NONE', #11029, 1000.000000000000000 ) ;
#7366 = ORIENTED_EDGE ( 'NONE', *, *, #6133, .T. ) ;
#7367 = ORIENTED_EDGE ( 'NONE', *, *, #10312, .T. ) ;
#7368 = EDGE_CURVE ( 'NONE', #2724, #5801, #1305, .T. ) ;
#7369 = ORIENTED_EDGE ( 'NONE', *, *, #8227, .T. ) ;
#7370 = DIRECTION ( 'NONE',  ( 0.000000000000000000, 3.614007241618349757E-17, -1.000000000000000000 ) ) ;
#7371 = VERTEX_POINT ( 'NONE', #10885 ) ;
#7372 = CARTESIAN_POINT ( 'NONE',  ( -3.200000000000000178, 1.899999999999970157, 7.200000000000000178 ) ) ;
#7373 = CARTESIAN_POINT ( 'NONE',  ( -7.349999999999999645, 2.700000000000000178, 7.299999999999999822 ) ) ;
#7374 = MECHANICAL_DESIGN_GEOMETRIC_PRESENTATION_REPRESENTATION (  '', ( #6558 ), #4741 ) ;
#7375 = CARTESIAN_POINT ( 'NONE',  ( 1.300000000000000044, 14.25499782797525938, 24.08550494769779959 ) ) ;
#7376 = CARTESIAN_POINT ( 'NONE',  ( 8.550000000000000711, 12.77500000000019931, -11.25000000000000000 ) ) ;
#7377 = SURFACE_STYLE_USAGE ( .BOTH. , #662 ) ;
#7378 = CARTESIAN_POINT ( 'NONE',  ( 7.849999999999999645, 12.77500000000000036, -6.099999999999901057 ) ) ;
#7379 = FACE_OUTER_BOUND ( 'NONE', #12298, .T. ) ;
#7380 = FACE_OUTER_BOUND ( 'NONE', #4704, .T. ) ;
#7381 = ADVANCED_FACE ( 'NONE', ( #6942 ), #9073, .F. ) ;
#7382 = CLOSED_SHELL ( 'NONE', ( #8652, #3474, #2454, #3999, #7771, #9076, #9634, #12190 ) ) ;
#7383 = FILL_AREA_STYLE ('',( #6184 ) ) ;
#7384 = VECTOR ( 'NONE', #1750, 1000.000000000000000 ) ;
#7385 = ORIENTED_EDGE ( 'NONE', *, *, #6884, .F. ) ;
#7386 = STYLED_ITEM ( 'NONE', ( #4279 ), #12035 ) ;
#7387 = ORIENTED_EDGE ( 'NONE', *, *, #9080, .F. ) ;
#7388 =( NAMED_UNIT ( * ) SI_UNIT ( $, .STERADIAN. ) SOLID_ANGLE_UNIT ( ) );
#7389 = CARTESIAN_POINT ( 'NONE',  ( 7.500000000000000000, 0.1653805922287379937, -0.2000000000000000111 ) ) ;
#7390 = DIRECTION ( 'NONE',  ( 0.000000000000000000, -1.000000000000000000, 0.000000000000000000 ) ) ;
#7391 = EDGE_CURVE ( 'NONE', #11417, #8797, #8887, .T. ) ;
#7392 = EDGE_CURVE ( 'NONE', #5866, #6596, #7008, .T. ) ;
#7393 = CARTESIAN_POINT ( 'NONE',  ( 7.500000000000000000, 0.1653805922287379937, 0.7249999999999999778 ) ) ;
#7394 = VECTOR ( 'NONE', #3325, 1000.000000000000000 ) ;
#7395 = CARTESIAN_POINT ( 'NONE',  ( 10.09999999999999964, 21.14999999999999858, 7.500000000000000000 ) ) ;
#7396 = DIRECTION ( 'NONE',  ( 0.000000000000000000, 0.000000000000000000, -1.000000000000000000 ) ) ;
#7397 =( GEOMETRIC_REPRESENTATION_CONTEXT ( 3 ) GLOBAL_UNCERTAINTY_ASSIGNED_CONTEXT ( ( #7420 ) ) GLOBAL_UNIT_ASSIGNED_CONTEXT ( ( #186, #302, #1076 ) ) REPRESENTATION_CONTEXT ( 'NONE', 'WORKASPACE' ) );
#7398 = ORIENTED_EDGE ( 'NONE', *, *, #3923, .F. ) ;
#7399 = ORIENTED_EDGE ( 'NONE', *, *, #3911, .F. ) ;
#7400 = DIRECTION ( 'NONE',  ( 1.000000000000000000, 0.000000000000000000, 0.000000000000000000 ) ) ;
#7401 = LINE ( 'NONE', #8334, #2243 ) ;
#7402 = SURFACE_STYLE_FILL_AREA ( #6329 ) ;
#7403 = CIRCLE ( 'NONE', #4375, 1.600000000000000755 ) ;
#7404 = AXIS2_PLACEMENT_3D ( 'NONE', #11399, #931, #3785 ) ;
#7405 = SURFACE_SIDE_STYLE ('',( #11099 ) ) ;
#7406 = CARTESIAN_POINT ( 'NONE',  ( 10.09999999999999964, 21.14999999999999858, 7.500000000000000000 ) ) ;
#7407 = CARTESIAN_POINT ( 'NONE',  ( 7.349999999999999645, 2.700000000000000178, 7.299999999999999822 ) ) ;
#7408 = CARTESIAN_POINT ( 'NONE',  ( -3.815147174716999601, 6.105240135171010607, -1.199999999999999956 ) ) ;
#7409 = CIRCLE ( 'NONE', #1790, 0.9000000000000000222 ) ;
#7410 = SURFACE_STYLE_USAGE ( .BOTH. , #3493 ) ;
#7411 = EDGE_CURVE ( 'NONE', #5801, #226, #546, .T. ) ;
#7412 = LINE ( 'NONE', #3438, #3926 ) ;
#7413 = LINE ( 'NONE', #8285, #8983 ) ;
#7414 = STYLED_ITEM ( 'NONE', ( #3016 ), #6775 ) ;
#7415 = ORIENTED_EDGE ( 'NONE', *, *, #8873, .F. ) ;
#7416 = EDGE_LOOP ( 'NONE', ( #5894, #11112, #966, #3182 ) ) ;
#7417 = VERTEX_POINT ( 'NONE', #420 ) ;
#7418 = ORIENTED_EDGE ( 'NONE', *, *, #6689, .F. ) ;
#7419 = CARTESIAN_POINT ( 'NONE',  ( 7.100000000000000533, 10.00000000000000000, 6.000000000000000000 ) ) ;
#7420 = UNCERTAINTY_MEASURE_WITH_UNIT (LENGTH_MEASURE( 1.000000000000000082E-05 ), #186, 'distance_accuracy_value', 'NONE');
#7421 =( NAMED_UNIT ( * ) PLANE_ANGLE_UNIT ( ) SI_UNIT ( $, .RADIAN. ) );
#7422 = FACE_OUTER_BOUND ( 'NONE', #854, .T. ) ;
#7423 =( GEOMETRIC_REPRESENTATION_CONTEXT ( 3 ) GLOBAL_UNCERTAINTY_ASSIGNED_CONTEXT ( ( #8489 ) ) GLOBAL_UNIT_ASSIGNED_CONTEXT ( ( #6702, #9655, #10137 ) ) REPRESENTATION_CONTEXT ( 'NONE', 'WORKASPACE' ) );
#7424 = COLOUR_RGB ( '',0.2509803921568627416, 0.2509803921568627416, 0.2509803921568627416 ) ;
#7425 = LINE ( 'NONE', #7483, #5455 ) ;
#7426 = DIRECTION ( 'NONE',  ( 9.912705577010326930E-15, -1.000000000000000000, -7.434529182757745592E-15 ) ) ;
#7427 = CARTESIAN_POINT ( 'NONE',  ( -10.10488155364686058, 21.28154063800835161, 7.474841179709708960 ) ) ;
#7428 = EDGE_LOOP ( 'NONE', ( #8814, #7418, #3605, #3929 ) ) ;
#7429 = ORIENTED_EDGE ( 'NONE', *, *, #10620, .F. ) ;
#7430 = PRESENTATION_LAYER_ASSIGNMENT (  '', '', ( #6411 ) ) ;
#7431 = ORIENTED_EDGE ( 'NONE', *, *, #8494, .T. ) ;
#7432 = LINE ( 'NONE', #6059, #485 ) ;
#7433 = EDGE_CURVE ( 'NONE', #19, #10466, #10950, .T. ) ;
#7434 = VERTEX_POINT ( 'NONE', #9885 ) ;
#7435 = CARTESIAN_POINT ( 'NONE',  ( -2.475435743013954859, 7.525688402361390139, -1.199999999999999956 ) ) ;
#7436 = DIRECTION ( 'NONE',  ( 1.000000000000000000, 0.000000000000000000, 0.000000000000000000 ) ) ;
#7437 = PRESENTATION_STYLE_ASSIGNMENT (( #843 ) ) ;
#7438 = FACE_OUTER_BOUND ( 'NONE', #5348, .T. ) ;
#7439 = DIRECTION ( 'NONE',  ( 0.000000000000000000, -1.000000000000000000, 0.000000000000000000 ) ) ;
#7440 = CIRCLE ( 'NONE', #10626, 0.04999999999999969746 ) ;
#7441 = B_SPLINE_SURFACE_WITH_KNOTS ( 'NONE', 1, 3, ( 
 ( #3424, #12155, #7272, #4544, #5372, #11144 ),
 ( #7395, #2552, #4427, #11090, #11030, #3602 ),
 ( #2432, #4368, #3481, #9270, #1498, #6382 ),
 ( #9151, #8328, #3538, #9332, #2671, #8386 ) ),
 .UNSPECIFIED., .F., .F., .F.,
 ( 2, 1, 1, 2 ),
 ( 4, 2, 4 ),
 ( -0.01000000000000000021, 0.000000000000000000, 1.000000000000000000, 1.010099999999999998 ),
 ( 0.000000000000000000, 0.5000000000000000000, 1.000000000000000000 ),
 .UNSPECIFIED. ) ;
#7442 = LINE ( 'NONE', #5250, #9416 ) ;
#7443 = ORIENTED_EDGE ( 'NONE', *, *, #7347, .T. ) ;
#7444 = ADVANCED_FACE ( 'NONE', ( #5098 ), #5724, .F. ) ;
#7445 = CIRCLE ( 'NONE', #639, 1.750000000000001554 ) ;
#7446 = ORIENTED_EDGE ( 'NONE', *, *, #9091, .T. ) ;
#7447 = DIRECTION ( 'NONE',  ( 0.000000000000000000, 0.000000000000000000, 1.000000000000000000 ) ) ;
#7448 = MECHANICAL_DESIGN_GEOMETRIC_PRESENTATION_REPRESENTATION (  '', ( #9648 ), #11044 ) ;
#7449 = CARTESIAN_POINT ( 'NONE',  ( -3.499999638942034696, 10.00158978159489997, -1.199999999999999956 ) ) ;
#7450 = DIRECTION ( 'NONE',  ( 0.000000000000000000, 0.000000000000000000, -1.000000000000000000 ) ) ;
#7451 = DIRECTION ( 'NONE',  ( 0.000000000000000000, 0.000000000000000000, 1.000000000000000000 ) ) ;
#7452 = FILL_AREA_STYLE_COLOUR ( '', #5293 ) ;
#7453 =( LENGTH_UNIT ( ) NAMED_UNIT ( * ) SI_UNIT ( .MILLI., .METRE. ) );
#7454 =( GEOMETRIC_REPRESENTATION_CONTEXT ( 3 ) GLOBAL_UNCERTAINTY_ASSIGNED_CONTEXT ( ( #7083 ) ) GLOBAL_UNIT_ASSIGNED_CONTEXT ( ( #10975, #12103, #11984 ) ) REPRESENTATION_CONTEXT ( 'NONE', 'WORKASPACE' ) );
#7455 = ORIENTED_EDGE ( 'NONE', *, *, #9436, .F. ) ;
#7456 = EDGE_LOOP ( 'NONE', ( #2355, #9093, #3501, #326 ) ) ;
#7457 = EDGE_CURVE ( 'NONE', #2259, #8639, #6366, .T. ) ;
#7458 = SURFACE_STYLE_FILL_AREA ( #3607 ) ;
#7459 = ADVANCED_FACE ( 'NONE', ( #8367 ), #3584, .F. ) ;
#7460 = EDGE_CURVE ( 'NONE', #8767, #10104, #11247, .T. ) ;
#7461 = CARTESIAN_POINT ( 'NONE',  ( 10.05000000000000071, 8.750000000000000000, 7.299999999999999822 ) ) ;
#7462 = STYLED_ITEM ( 'NONE', ( #7543 ), #5459 ) ;
#7463 =( NAMED_UNIT ( * ) PLANE_ANGLE_UNIT ( ) SI_UNIT ( $, .RADIAN. ) );
#7464 = DIRECTION ( 'NONE',  ( 1.031457201932154128E-14, -1.000000000000000000, 0.000000000000000000 ) ) ;
#7465 = AXIS2_PLACEMENT_3D ( 'NONE', #50, #7950, #5923 ) ;
#7466 = DIRECTION ( 'NONE',  ( -1.000000000000000000, 0.000000000000000000, 0.000000000000000000 ) ) ;
#7467 = LINE ( 'NONE', #628, #7315 ) ;
#7468 = STYLED_ITEM ( 'NONE', ( #11190 ), #7459 ) ;
#7469 = CARTESIAN_POINT ( 'NONE',  ( 2.473186941766180258, 12.47655937766027989, -1.199999999999999956 ) ) ;
#7470 = DIRECTION ( 'NONE',  ( 0.000000000000000000, 0.000000000000000000, 1.000000000000000000 ) ) ;
#7471 = VECTOR ( 'NONE', #3687, 1000.000000000000000 ) ;
#7472 = FILL_AREA_STYLE_COLOUR ( '', #10896 ) ;
#7473 = ORIENTED_EDGE ( 'NONE', *, *, #180, .T. ) ;
#7474 = ADVANCED_FACE ( 'NONE', ( #5474 ), #4472, .T. ) ;
#7475 = AXIS2_PLACEMENT_3D ( 'NONE', #11071, #4413, #2476 ) ;
#7476 = ORIENTED_EDGE ( 'NONE', *, *, #6828, .F. ) ;
#7477 = ORIENTED_EDGE ( 'NONE', *, *, #4756, .F. ) ;
#7478 = VECTOR ( 'NONE', #4401, 1000.000000000000000 ) ;
#7479 = VERTEX_POINT ( 'NONE', #3408 ) ;
#7480 = EDGE_CURVE ( 'NONE', #7417, #9425, #6544, .T. ) ;
#7481 = LINE ( 'NONE', #890, #1278 ) ;
#7482 = CIRCLE ( 'NONE', #3846, 0.04999999999999969746 ) ;
#7483 = CARTESIAN_POINT ( 'NONE',  ( -5.030347782046989735, 10.78761563117025979, 6.799999999999999822 ) ) ;
#7484 = FILL_AREA_STYLE_COLOUR ( '', #9173 ) ;
#7485 = FACE_OUTER_BOUND ( 'NONE', #10048, .T. ) ;
#7486 = CARTESIAN_POINT ( 'NONE',  ( -10.10244740199000013, 21.16312550038430018, 7.299999999999999822 ) ) ;
#7487 = ORIENTED_EDGE ( 'NONE', *, *, #11598, .F. ) ;
#7488 = ORIENTED_EDGE ( 'NONE', *, *, #6448, .T. ) ;
#7489 = ORIENTED_EDGE ( 'NONE', *, *, #5224, .T. ) ;
#7490 = VECTOR ( 'NONE', #9952, 1000.000000000000000 ) ;
#7491 = FACE_OUTER_BOUND ( 'NONE', #1516, .T. ) ;
#7492 = EDGE_LOOP ( 'NONE', ( #9245, #11487, #2919, #12314 ) ) ;
#7493 = SURFACE_STYLE_FILL_AREA ( #6597 ) ;
#7494 = DIRECTION ( 'NONE',  ( 0.000000000000000000, 0.000000000000000000, 1.000000000000000000 ) ) ;
#7495 = DIRECTION ( 'NONE',  ( -0.3420201433256691015, 0.9396926207859082059, 0.000000000000000000 ) ) ;
#7496 = CARTESIAN_POINT ( 'NONE',  ( 1.649999999999999911, 9.819189486661180344E-16, -8.849999999999999645 ) ) ;
#7497 = CARTESIAN_POINT ( 'NONE',  ( 0.000000000000000000, 0.000000000000000000, -3.900000000000090061 ) ) ;
#7498 = EDGE_CURVE ( 'NONE', #232, #4517, #3519, .T. ) ;
#7499 = CARTESIAN_POINT ( 'NONE',  ( -0.7000000000000160538, 3.200000000000000178, -8.699999999999999289 ) ) ;
#7500 = CARTESIAN_POINT ( 'NONE',  ( -2.850000000000000089, 0.5500000000000000444, -8.000000000000000000 ) ) ;
#7501 = DIRECTION ( 'NONE',  ( 1.298436238251450266E-29, -1.000000000000000000, -2.414357261555910084E-44 ) ) ;
#7502 = UNCERTAINTY_MEASURE_WITH_UNIT (LENGTH_MEASURE( 1.000000000000000082E-05 ), #7885, 'distance_accuracy_value', 'NONE');
#7503 = MECHANICAL_DESIGN_GEOMETRIC_PRESENTATION_REPRESENTATION (  '', ( #4052 ), #9295 ) ;
#7504 =( LENGTH_UNIT ( ) NAMED_UNIT ( * ) SI_UNIT ( .MILLI., .METRE. ) );
#7505 = DIRECTION ( 'NONE',  ( 0.000000000000000000, 0.000000000000000000, 1.000000000000000000 ) ) ;
#7506 = ADVANCED_FACE ( 'NONE', ( #663 ), #7257, .F. ) ;
#7507 = ORIENTED_EDGE ( 'NONE', *, *, #394, .F. ) ;
#7508 = AXIS2_PLACEMENT_3D ( 'NONE', #9912, #6088, #7225 ) ;
#7509 = ORIENTED_EDGE ( 'NONE', *, *, #2907, .T. ) ;
#7510 = DIRECTION ( 'NONE',  ( 0.000000000000000000, -1.000000000000000000, 0.000000000000000000 ) ) ;
#7511 = DIRECTION ( 'NONE',  ( -1.000000000000000000, 0.000000000000000000, 0.000000000000000000 ) ) ;
#7512 = DIRECTION ( 'NONE',  ( 9.925400323074660971E-15, -1.000000000000000000, -7.589415207398510528E-15 ) ) ;
#7513 = FILL_AREA_STYLE ('',( #862 ) ) ;
#7514 = CARTESIAN_POINT ( 'NONE',  ( -3.500000000000000000, 2.000000000000000000, 7.299999999999999822 ) ) ;
#7515 = CARTESIAN_POINT ( 'NONE',  ( 7.849999999999999645, 0.5500000000000000444, -4.500000000000000000 ) ) ;
#7516 = CARTESIAN_POINT ( 'NONE',  ( 3.000000000000000000, -2.401009032218154537, 4.899999999999999467 ) ) ;
#7517 = AXIS2_PLACEMENT_3D ( 'NONE', #11398, #6690, #10512 ) ;
#7518 = SURFACE_STYLE_USAGE ( .BOTH. , #10632 ) ;
#7519 = EDGE_CURVE ( 'NONE', #1888, #1563, #6306, .T. ) ;
#7520 = DIRECTION ( 'NONE',  ( 0.000000000000000000, -1.000000000000000000, -7.589415207398510528E-15 ) ) ;
#7521 = ORIENTED_EDGE ( 'NONE', *, *, #5378, .T. ) ;
#7522 = PRESENTATION_LAYER_ASSIGNMENT (  '', '', ( #12122 ) ) ;
#7523 = CARTESIAN_POINT ( 'NONE',  ( 4.649999999999999467, 0.5500000000000000444, -8.500000000000000000 ) ) ;
#7524 = ORIENTED_EDGE ( 'NONE', *, *, #7073, .F. ) ;
#7525 = FACE_OUTER_BOUND ( 'NONE', #8608, .T. ) ;
#7526 = CIRCLE ( 'NONE', #8513, 2.125000000000000000 ) ;
#7527 = CARTESIAN_POINT ( 'NONE',  ( 5.349999999999999645, -3.000000000000000000, -5.000000000000000000 ) ) ;
#7528 = FACE_OUTER_BOUND ( 'NONE', #1547, .T. ) ;
#7529 = DIRECTION ( 'NONE',  ( 0.000000000000000000, 0.000000000000000000, 1.000000000000000000 ) ) ;
#7530 = FILL_AREA_STYLE_COLOUR ( '', #8383 ) ;
#7531 = CIRCLE ( 'NONE', #10724, 0.8999999999999998002 ) ;
#7532 = CARTESIAN_POINT ( 'NONE',  ( -0.4500000000000000111, 5.720577136593999690, -1.199999999999999956 ) ) ;
#7533 = EDGE_CURVE ( 'NONE', #10250, #3079, #4038, .T. ) ;
#7534 = AXIS2_PLACEMENT_3D ( 'NONE', #153, #5157, #5843 ) ;
#7535 = SURFACE_STYLE_USAGE ( .BOTH. , #11480 ) ;
#7536 = VERTEX_POINT ( 'NONE', #10126 ) ;
#7537 = VECTOR ( 'NONE', #4280, 1000.000000000000000 ) ;
#7538 = VERTEX_POINT ( 'NONE', #7378 ) ;
#7539 = ORIENTED_EDGE ( 'NONE', *, *, #11423, .T. ) ;
#7540 = STYLED_ITEM ( 'NONE', ( #7710 ), #2208 ) ;
#7541 = ORIENTED_EDGE ( 'NONE', *, *, #9963, .F. ) ;
#7542 = CARTESIAN_POINT ( 'NONE',  ( -4.857225732735069962E-14, 8.400000000000000355, -1.199999999999999956 ) ) ;
#7543 = PRESENTATION_STYLE_ASSIGNMENT (( #6469 ) ) ;
#7544 = LINE ( 'NONE', #1880, #11981 ) ;
#7545 = DIRECTION ( 'NONE',  ( 0.000000000000000000, 0.000000000000000000, 1.000000000000000000 ) ) ;
#7546 = VECTOR ( 'NONE', #1336, 1000.000000000000000 ) ;
#7547 = DIRECTION ( 'NONE',  ( 1.000000000000000000, 8.182657905550979512E-17, 0.000000000000000000 ) ) ;
#7548 = EDGE_CURVE ( 'NONE', #4105, #5241, #1542, .T. ) ;
#7549 = EDGE_CURVE ( 'NONE', #1696, #8508, #9195, .T. ) ;
#7550 = FACE_OUTER_BOUND ( 'NONE', #4358, .T. ) ;
#7551 = LINE ( 'NONE', #2765, #11679 ) ;
#7552 = EDGE_LOOP ( 'NONE', ( #5917, #6339, #461, #2153, #5451, #11273, #10829, #1681, #981, #1293, #1620, #8288 ) ) ;
#7553 = ORIENTED_EDGE ( 'NONE', *, *, #7874, .F. ) ;
#7554 = ORIENTED_EDGE ( 'NONE', *, *, #1590, .T. ) ;
#7555 = ORIENTED_EDGE ( 'NONE', *, *, #2222, .T. ) ;
#7556 = SURFACE_SIDE_STYLE ('',( #10606 ) ) ;
#7557 = AXIS2_PLACEMENT_3D ( 'NONE', #1005, #12295, #1073 ) ;
#7558 = CARTESIAN_POINT ( 'NONE',  ( -5.349999999999999645, -3.000000000000000000, -5.500000000000000000 ) ) ;
#7559 = ORIENTED_EDGE ( 'NONE', *, *, #1081, .F. ) ;
#7560 = CARTESIAN_POINT ( 'NONE',  ( 2.149999999999999911, 3.200000000000000178, -4.500000000000000000 ) ) ;
#7561 = CARTESIAN_POINT ( 'NONE',  ( -2.000000000000000000, 1.649999999999999911, 4.899999999999999467 ) ) ;
#7562 = CARTESIAN_POINT ( 'NONE',  ( -5.349999999999999645, 0.5500000000000000444, -8.500000000000000000 ) ) ;
#7563 = CIRCLE ( 'NONE', #1156, 0.2500000000000000000 ) ;
#7564 =( LENGTH_UNIT ( ) NAMED_UNIT ( * ) SI_UNIT ( .MILLI., .METRE. ) );
#7565 = CARTESIAN_POINT ( 'NONE',  ( -10.35200000000000031, 21.16219703591989898, 7.316158502544330311 ) ) ;
#7566 = LINE ( 'NONE', #3521, #4923 ) ;
#7567 = ADVANCED_FACE ( 'NONE', ( #1661 ), #5840, .T. ) ;
#7568 = FACE_OUTER_BOUND ( 'NONE', #11945, .T. ) ;
#7569 = CARTESIAN_POINT ( 'NONE',  ( 7.500000000000000000, 6.500000000000079936, -0.2000000000000000111 ) ) ;
#7570 = ORIENTED_EDGE ( 'NONE', *, *, #9091, .F. ) ;
#7571 =( GEOMETRIC_REPRESENTATION_CONTEXT ( 3 ) GLOBAL_UNCERTAINTY_ASSIGNED_CONTEXT ( ( #10465 ) ) GLOBAL_UNIT_ASSIGNED_CONTEXT ( ( #9299, #12184, #1708 ) ) REPRESENTATION_CONTEXT ( 'NONE', 'WORKASPACE' ) );
#7572 = VERTEX_POINT ( 'NONE', #10615 ) ;
#7573 = DIRECTION ( 'NONE',  ( 1.000000000000000000, 0.000000000000000000, 0.000000000000000000 ) ) ;
#7574 = CIRCLE ( 'NONE', #11571, 0.4999999999999995559 ) ;
#7575 = EDGE_CURVE ( 'NONE', #7923, #537, #63, .T. ) ;
#7576 = CARTESIAN_POINT ( 'NONE',  ( -2.000000000000000000, 1.649999999999999911, 5.150000000000000355 ) ) ;
#7577 = CARTESIAN_POINT ( 'NONE',  ( -0.3499999999999999778, -3.000000000000000000, -9.500000000000000000 ) ) ;
#7578 = CLOSED_SHELL ( 'NONE', ( #3086, #2439, #7188, #11046, #8331, #11656, #3463, #9691, #10102, #4361 ) ) ;
#7579 =( NAMED_UNIT ( * ) SI_UNIT ( $, .STERADIAN. ) SOLID_ANGLE_UNIT ( ) );
#7580 = DIRECTION ( 'NONE',  ( 0.000000000000000000, 0.000000000000000000, -1.000000000000000000 ) ) ;
#7581 = FILL_AREA_STYLE_COLOUR ( '', #10349 ) ;
#7582 = AXIS2_PLACEMENT_3D ( 'NONE', #10921, #8981, #2389 ) ;
#7583 = DIRECTION ( 'NONE',  ( 0.000000000000000000, -1.000000000000000000, 0.000000000000000000 ) ) ;
#7584 = CARTESIAN_POINT ( 'NONE',  ( 2.989405734482124988, 11.73932253780022172, -1.199999999999999956 ) ) ;
#7585 = AXIS2_PLACEMENT_3D ( 'NONE', #11623, #5284, #7243 ) ;
#7586 = ORIENTED_EDGE ( 'NONE', *, *, #4644, .T. ) ;
#7587 = SURFACE_SIDE_STYLE ('',( #8571 ) ) ;
#7588 = ORIENTED_EDGE ( 'NONE', *, *, #2125, .T. ) ;
#7589 = SURFACE_STYLE_USAGE ( .BOTH. , #5555 ) ;
#7590 = CYLINDRICAL_SURFACE ( 'NONE', #11130, 0.9250000000000001554 ) ;
#7591 = VECTOR ( 'NONE', #2448, 1000.000000000000000 ) ;
#7592 = SURFACE_STYLE_USAGE ( .BOTH. , #3734 ) ;
#7593 = EDGE_CURVE ( 'NONE', #1577, #7249, #7631, .T. ) ;
#7594 = LINE ( 'NONE', #10393, #257 ) ;
#7595 = CIRCLE ( 'NONE', #9587, 0.9000000000000140110 ) ;
#7596 = FACE_OUTER_BOUND ( 'NONE', #10928, .T. ) ;
#7597 = LINE ( 'NONE', #2748, #9356 ) ;
#7598 = EDGE_CURVE ( 'NONE', #9681, #4058, #5661, .T. ) ;
#7599 = DIRECTION ( 'NONE',  ( 0.000000000000000000, 2.168404344971015031E-16, -1.000000000000000000 ) ) ;
#7600 = DIRECTION ( 'NONE',  ( 0.9063077870366490485, 0.4226182617407014952, 0.000000000000000000 ) ) ;
#7601 = UNCERTAINTY_MEASURE_WITH_UNIT (LENGTH_MEASURE( 1.000000000000000082E-05 ), #958, 'distance_accuracy_value', 'NONE');
#7602 = EDGE_LOOP ( 'NONE', ( #124, #7123, #11416, #11847 ) ) ;
#7603 = AXIS2_PLACEMENT_3D ( 'NONE', #4006, #959, #4760 ) ;
#7604 = ORIENTED_EDGE ( 'NONE', *, *, #5140, .F. ) ;
#7605 = VERTEX_POINT ( 'NONE', #2843 ) ;
#7606 = ORIENTED_EDGE ( 'NONE', *, *, #9314, .F. ) ;
#7607 = LINE ( 'NONE', #9608, #1491 ) ;
#7608 = MECHANICAL_DESIGN_GEOMETRIC_PRESENTATION_REPRESENTATION (  '', ( #11189 ), #5176 ) ;
#7609 = ADVANCED_FACE ( 'NONE', ( #5785 ), #149, .T. ) ;
#7610 = CARTESIAN_POINT ( 'NONE',  ( -7.850000000000129319, 13.15000000000000036, -9.549747468305840314 ) ) ;
#7611 = DIRECTION ( 'NONE',  ( 0.000000000000000000, 0.000000000000000000, 1.000000000000000000 ) ) ;
#7612 = LINE ( 'NONE', #2885, #2488 ) ;
#7613 = VECTOR ( 'NONE', #8743, 1000.000000000000000 ) ;
#7614 = DIRECTION ( 'NONE',  ( 0.000000000000000000, 0.000000000000000000, 1.000000000000000000 ) ) ;
#7615 = CARTESIAN_POINT ( 'NONE',  ( -10.10244739975967931, 21.16259517036269955, 7.297979999999999912 ) ) ;
#7616 = ORIENTED_EDGE ( 'NONE', *, *, #3054, .F. ) ;
#7617 = VERTEX_POINT ( 'NONE', #1105 ) ;
#7618 = ORIENTED_EDGE ( 'NONE', *, *, #1465, .T. ) ;
#7619 = ORIENTED_EDGE ( 'NONE', *, *, #9298, .F. ) ;
#7620 = CARTESIAN_POINT ( 'NONE',  ( -7.349999999999999645, 2.699999999999925127, 7.299999999999999822 ) ) ;
#7621 =( GEOMETRIC_REPRESENTATION_CONTEXT ( 3 ) GLOBAL_UNCERTAINTY_ASSIGNED_CONTEXT ( ( #1728 ) ) GLOBAL_UNIT_ASSIGNED_CONTEXT ( ( #11155, #940, #11282 ) ) REPRESENTATION_CONTEXT ( 'NONE', 'WORKASPACE' ) );
#7622 = EDGE_CURVE ( 'NONE', #10995, #10162, #2972, .T. ) ;
#7623 =( NAMED_UNIT ( * ) PLANE_ANGLE_UNIT ( ) SI_UNIT ( $, .RADIAN. ) );
#7624 = ORIENTED_EDGE ( 'NONE', *, *, #6167, .F. ) ;
#7625 = DIRECTION ( 'NONE',  ( -1.015365341201898201E-14, 1.000000000000000000, 0.000000000000000000 ) ) ;
#7626 = EDGE_CURVE ( 'NONE', #8498, #1655, #10494, .T. ) ;
#7627 = DIRECTION ( 'NONE',  ( -0.8660254037844387076, 0.4999999999999998890, 0.000000000000000000 ) ) ;
#7628 = LINE ( 'NONE', #10422, #8643 ) ;
#7629 = SURFACE_SIDE_STYLE ('',( #3767 ) ) ;
#7630 =( NAMED_UNIT ( * ) PLANE_ANGLE_UNIT ( ) SI_UNIT ( $, .RADIAN. ) );
#7631 = LINE ( 'NONE', #11443, #11266 ) ;
#7632 = FILL_AREA_STYLE ('',( #4780 ) ) ;
#7633 = VERTEX_POINT ( 'NONE', #5721 ) ;
#7634 = EDGE_LOOP ( 'NONE', ( #9604, #9001, #9791, #6345 ) ) ;
#7635 = DIRECTION ( 'NONE',  ( 0.000000000000000000, 0.000000000000000000, 1.000000000000000000 ) ) ;
#7636 = ADVANCED_FACE ( 'NONE', ( #1166 ), #4963, .T. ) ;
#7637 = CARTESIAN_POINT ( 'NONE',  ( 10.11464466094068015, 20.40000000000000213, 5.700000000000070344 ) ) ;
#7638 = FILL_AREA_STYLE ('',( #6617 ) ) ;
#7639 = AXIS2_PLACEMENT_3D ( 'NONE', #12356, #937, #4738 ) ;
#7640 = FACE_OUTER_BOUND ( 'NONE', #8827, .T. ) ;
#7641 = SURFACE_STYLE_FILL_AREA ( #5733 ) ;
#7642 = CARTESIAN_POINT ( 'NONE',  ( -2.989405734482134758, 11.73932253780020041, 6.799999999999999822 ) ) ;
#7643 = UNCERTAINTY_MEASURE_WITH_UNIT (LENGTH_MEASURE( 1.000000000000000082E-05 ), #252, 'distance_accuracy_value', 'NONE');
#7644 = LINE ( 'NONE', #1917, #8962 ) ;
#7645 = DIRECTION ( 'NONE',  ( 1.000000000000000000, 0.000000000000000000, 0.000000000000000000 ) ) ;
#7646 = FACE_OUTER_BOUND ( 'NONE', #2438, .T. ) ;
#7647 = EDGE_LOOP ( 'NONE', ( #5569, #4564, #6589, #6579 ) ) ;
#7648 = AXIS2_PLACEMENT_3D ( 'NONE', #6376, #7148, #10897 ) ;
#7649 = COLOUR_RGB ( '',0.2509803921568627416, 0.2509803921568627416, 0.2509803921568627416 ) ;
#7650 = ORIENTED_EDGE ( 'NONE', *, *, #12351, .F. ) ;
#7651 = CARTESIAN_POINT ( 'NONE',  ( -7.850000000000148859, 14.90000000000000036, -9.549747468305820775 ) ) ;
#7652 = SURFACE_STYLE_FILL_AREA ( #3795 ) ;
#7653 = VECTOR ( 'NONE', #11512, 1000.000000000000000 ) ;
#7654 = COLOUR_RGB ( '',0.2509803921568627416, 0.2509803921568627416, 0.2509803921568627416 ) ;
#7655 = CARTESIAN_POINT ( 'NONE',  ( -3.589859732951935278, 6.217819449518540154, -1.199999999999999956 ) ) ;
#7656 = FACE_OUTER_BOUND ( 'NONE', #1953, .T. ) ;
#7657 = VERTEX_POINT ( 'NONE', #11691 ) ;
#7658 = ADVANCED_FACE ( 'NONE', ( #10808 ), #2289, .T. ) ;
#7659 = ORIENTED_EDGE ( 'NONE', *, *, #12351, .T. ) ;
#7660 = ORIENTED_EDGE ( 'NONE', *, *, #2480, .T. ) ;
#7661 = VERTEX_POINT ( 'NONE', #8000 ) ;
#7662 = DIRECTION ( 'NONE',  ( 5.782411586589330423E-15, 2.414357261555910084E-44, 1.000000000000000000 ) ) ;
#7663 = FILL_AREA_STYLE_COLOUR ( '', #3252 ) ;
#7664 = CIRCLE ( 'NONE', #3029, 1.749999999999999778 ) ;
#7665 = DIRECTION ( 'NONE',  ( -1.000000000000000000, 0.000000000000000000, 0.000000000000000000 ) ) ;
#7666 = FILL_AREA_STYLE_COLOUR ( '', #10767 ) ;
#7667 = DIRECTION ( 'NONE',  ( 1.000000000000000000, 1.031457201932155075E-14, 0.000000000000000000 ) ) ;
#7668 = AXIS2_PLACEMENT_3D ( 'NONE', #3317, #8101, #6271 ) ;
#7669 = CARTESIAN_POINT ( 'NONE',  ( 5.349999999999999645, -3.000000000000000000, -5.500000000000000000 ) ) ;
#7670 = DIRECTION ( 'NONE',  ( 0.000000000000000000, 0.000000000000000000, 1.000000000000000000 ) ) ;
#7671 = DIRECTION ( 'NONE',  ( 0.000000000000000000, -7.346422396569529816E-15, 1.000000000000000000 ) ) ;
#7672 = ORIENTED_EDGE ( 'NONE', *, *, #2177, .F. ) ;
#7673 = EDGE_CURVE ( 'NONE', #8572, #7238, #6463, .T. ) ;
#7674 = VERTEX_POINT ( 'NONE', #6105 ) ;
#7675 = EDGE_LOOP ( 'NONE', ( #1013, #463, #9805, #12403 ) ) ;
#7676 = VERTEX_POINT ( 'NONE', #5972 ) ;
#7677 = VECTOR ( 'NONE', #3750, 1000.000000000000000 ) ;
#7678 = VECTOR ( 'NONE', #7057, 1000.000000000000000 ) ;
#7679 = DIRECTION ( 'NONE',  ( 0.000000000000000000, -1.000000000000000000, 0.000000000000000000 ) ) ;
#7680 = ORIENTED_EDGE ( 'NONE', *, *, #11598, .T. ) ;
#7681 = VECTOR ( 'NONE', #506, 1000.000000000000000 ) ;
#7682 = DIRECTION ( 'NONE',  ( 3.718869191154470885E-15, 2.414357261555910084E-44, 1.000000000000000000 ) ) ;
#7683 = DIRECTION ( 'NONE',  ( 0.000000000000000000, 0.000000000000000000, 1.000000000000000000 ) ) ;
#7684 = DIRECTION ( 'NONE',  ( 0.000000000000000000, 0.000000000000000000, -1.000000000000000000 ) ) ;
#7685 = LINE ( 'NONE', #2904, #2945 ) ;
#7686 = VECTOR ( 'NONE', #9023, 1000.000000000000000 ) ;
#7687 = PRESENTATION_STYLE_ASSIGNMENT (( #5666 ) ) ;
#7688 = EDGE_CURVE ( 'NONE', #3806, #3693, #7125, .T. ) ;
#7689 = VECTOR ( 'NONE', #11714, 1000.000000000000000 ) ;
#7690 = FILL_AREA_STYLE ('',( #2032 ) ) ;
#7691 = ORIENTED_EDGE ( 'NONE', *, *, #9032, .T. ) ;
#7692 = ORIENTED_EDGE ( 'NONE', *, *, #8216, .T. ) ;
#7693 = CARTESIAN_POINT ( 'NONE',  ( 3.000000000000000000, 1.649999999999999911, 4.899999999999999467 ) ) ;
#7694 = SURFACE_SIDE_STYLE ('',( #46 ) ) ;
#7695 = FACE_OUTER_BOUND ( 'NONE', #11092, .T. ) ;
#7696 = PRESENTATION_LAYER_ASSIGNMENT (  '', '', ( #4052 ) ) ;
#7697 = LINE ( 'NONE', #2970, #4029 ) ;
#7698 = CARTESIAN_POINT ( 'NONE',  ( 5.030347782046989735, 10.78761563117025979, 6.799999999999999822 ) ) ;
#7699 = CARTESIAN_POINT ( 'NONE',  ( 0.000000000000000000, 10.00000000000000000, 7.299999999999999822 ) ) ;
#7700 = CARTESIAN_POINT ( 'NONE',  ( 7.500000000000000000, 0.000000000000000000, -1.290380592228740131 ) ) ;
#7701 = EDGE_CURVE ( 'NONE', #2201, #10045, #1070, .T. ) ;
#7702 = DIRECTION ( 'NONE',  ( 0.000000000000000000, 0.000000000000000000, 1.000000000000000000 ) ) ;
#7703 = EDGE_CURVE ( 'NONE', #2897, #7676, #6924, .T. ) ;
#7704 = ORIENTED_EDGE ( 'NONE', *, *, #6954, .T. ) ;
#7705 = MANIFOLD_SOLID_BREP ( 'NONE', #7382 ) ;
#7706 = PLANE ( 'NONE',  #3459 ) ;
#7707 = ORIENTED_EDGE ( 'NONE', *, *, #5913, .F. ) ;
#7708 = FILL_AREA_STYLE_COLOUR ( '', #11204 ) ;
#7709 = LINE ( 'NONE', #6697, #6125 ) ;
#7710 = PRESENTATION_STYLE_ASSIGNMENT (( #3862 ) ) ;
#7711 = AXIS2_PLACEMENT_3D ( 'NONE', #1821, #831, #4635 ) ;
#7712 = CARTESIAN_POINT ( 'NONE',  ( -8.400000000000099831, 8.599999999999999645, -4.599999999999999645 ) ) ;
#7713 = CIRCLE ( 'NONE', #898, 0.9000000000000220046 ) ;
#7714 =( NAMED_UNIT ( * ) SI_UNIT ( $, .STERADIAN. ) SOLID_ANGLE_UNIT ( ) );
#7715 = DIRECTION ( 'NONE',  ( 0.000000000000000000, 0.000000000000000000, 1.000000000000000000 ) ) ;
#7716 = AXIS2_PLACEMENT_3D ( 'NONE', #743, #10084, #12096 ) ;
#7717 = ADVANCED_FACE ( 'NONE', ( #6715 ), #336, .F. ) ;
#7718 = CARTESIAN_POINT ( 'NONE',  ( 5.505006907668989591, 3.178317220033294976, -1.199999999999999956 ) ) ;
#7719 = ORIENTED_EDGE ( 'NONE', *, *, #11980, .T. ) ;
#7720 = VERTEX_POINT ( 'NONE', #1143 ) ;
#7721 = DIRECTION ( 'NONE',  ( 1.000000000000000000, 0.000000000000000000, 0.000000000000000000 ) ) ;
#7722 = EDGE_LOOP ( 'NONE', ( #2849, #5449, #719, #38 ) ) ;
#7723 = ORIENTED_EDGE ( 'NONE', *, *, #335, .F. ) ;
#7724 = PRESENTATION_STYLE_ASSIGNMENT (( #3872 ) ) ;
#7725 =( NAMED_UNIT ( * ) SI_UNIT ( $, .STERADIAN. ) SOLID_ANGLE_UNIT ( ) );
#7726 = CIRCLE ( 'NONE', #2319, 0.1500000000000008271 ) ;
#7727 = CARTESIAN_POINT ( 'NONE',  ( -2.850000000000000089, 0.5500000000000000444, -8.500000000000000000 ) ) ;
#7728 = EDGE_CURVE ( 'NONE', #9425, #9664, #8787, .T. ) ;
#7729 = FACE_OUTER_BOUND ( 'NONE', #371, .T. ) ;
#7730 =( NAMED_UNIT ( * ) SI_UNIT ( $, .STERADIAN. ) SOLID_ANGLE_UNIT ( ) );
#7731 = LINE ( 'NONE', #5770, #10577 ) ;
#7732 = PRESENTATION_LAYER_ASSIGNMENT (  '', '', ( #723 ) ) ;
#7733 = DIRECTION ( 'NONE',  ( 0.000000000000000000, 0.7071067811865420216, -0.7071067811865531239 ) ) ;
#7734 = ORIENTED_EDGE ( 'NONE', *, *, #1997, .F. ) ;
#7735 = VECTOR ( 'NONE', #9533, 1000.000000000000000 ) ;
#7736 = ORIENTED_EDGE ( 'NONE', *, *, #11494, .T. ) ;
#7737 = VERTEX_POINT ( 'NONE', #4000 ) ;
#7738 = ORIENTED_EDGE ( 'NONE', *, *, #7703, .F. ) ;
#7739 = SURFACE_STYLE_USAGE ( .BOTH. , #7556 ) ;
#7740 = DIRECTION ( 'NONE',  ( 1.000000000000000000, 0.000000000000000000, 0.000000000000000000 ) ) ;
#7741 = ORIENTED_EDGE ( 'NONE', *, *, #8638, .T. ) ;
#7742 = DIRECTION ( 'NONE',  ( 0.000000000000000000, 0.000000000000000000, -1.000000000000000000 ) ) ;
#7743 = CARTESIAN_POINT ( 'NONE',  ( 2.399999999999999911, -3.500000000000000000, 5.100000000000000533 ) ) ;
#7744 = ADVANCED_FACE ( 'NONE', ( #9550, #11666, #3065, #4876 ), #11543, .T. ) ;
#7745 = LINE ( 'NONE', #3833, #2237 ) ;
#7746 =( NAMED_UNIT ( * ) PLANE_ANGLE_UNIT ( ) SI_UNIT ( $, .RADIAN. ) );
#7747 = DIRECTION ( 'NONE',  ( 0.000000000000000000, 0.000000000000000000, 1.000000000000000000 ) ) ;
#7748 = EDGE_CURVE ( 'NONE', #8801, #2095, #9692, .T. ) ;
#7749 =( GEOMETRIC_REPRESENTATION_CONTEXT ( 3 ) GLOBAL_UNCERTAINTY_ASSIGNED_CONTEXT ( ( #3384 ) ) GLOBAL_UNIT_ASSIGNED_CONTEXT ( ( #8252, #8946, #2478 ) ) REPRESENTATION_CONTEXT ( 'NONE', 'WORKASPACE' ) );
#7750 = ORIENTED_EDGE ( 'NONE', *, *, #5518, .T. ) ;
#7751 = ORIENTED_EDGE ( 'NONE', *, *, #3439, .T. ) ;
#7752 = DIRECTION ( 'NONE',  ( 1.000000000000000000, 0.000000000000000000, 0.000000000000000000 ) ) ;
#7753 =( NAMED_UNIT ( * ) PLANE_ANGLE_UNIT ( ) SI_UNIT ( $, .RADIAN. ) );
#7754 = CARTESIAN_POINT ( 'NONE',  ( -6.550000000000000711, 2.699999999999934897, 2.299999999999999822 ) ) ;
#7755 = EDGE_CURVE ( 'NONE', #8175, #4212, #10654, .T. ) ;
#7756 = SURFACE_SIDE_STYLE ('',( #3845 ) ) ;
#7757 = DIRECTION ( 'NONE',  ( -1.000000000000000000, 2.409338161078775428E-16, 3.718869191154470885E-15 ) ) ;
#7758 = CARTESIAN_POINT ( 'NONE',  ( 2.850000000000000089, -3.000000000000000000, -7.000000000000000000 ) ) ;
#7759 = LINE ( 'NONE', #11776, #11976 ) ;
#7760 = CARTESIAN_POINT ( 'NONE',  ( 4.265339879089349751, 1.075483713515269946, 5.100000000000000533 ) ) ;
#7761 = VECTOR ( 'NONE', #11393, 1000.000000000000114 ) ;
#7762 = ORIENTED_EDGE ( 'NONE', *, *, #11016, .T. ) ;
#7763 = PRESENTATION_STYLE_ASSIGNMENT (( #4919 ) ) ;
#7764 = MECHANICAL_DESIGN_GEOMETRIC_PRESENTATION_REPRESENTATION (  '', ( #3531 ), #10766 ) ;
#7765 = ORIENTED_EDGE ( 'NONE', *, *, #9281, .F. ) ;
#7766 = CARTESIAN_POINT ( 'NONE',  ( 7.500000000000000000, -0.2298097038856294905, -0.2000000000000000111 ) ) ;
#7767 = PRESENTATION_STYLE_ASSIGNMENT (( #1065 ) ) ;
#7768 = CARTESIAN_POINT ( 'NONE',  ( 0.000000000000000000, 10.00000000000000000, -4.599999999999999645 ) ) ;
#7769 = SURFACE_SIDE_STYLE ('',( #9535 ) ) ;
#7770 = ADVANCED_FACE ( 'NONE', ( #4994 ), #10475, .F. ) ;
#7771 = ADVANCED_FACE ( 'NONE', ( #11982 ), #8097, .F. ) ;
#7772 = SURFACE_STYLE_USAGE ( .BOTH. , #10775 ) ;
#7773 = CARTESIAN_POINT ( 'NONE',  ( 6.251007244774280380, 15.61114145480044968, 0.5500000000000290212 ) ) ;
#7774 = MECHANICAL_DESIGN_GEOMETRIC_PRESENTATION_REPRESENTATION (  '', ( #1952 ), #8978 ) ;
#7775 = PLANE ( 'NONE',  #12328 ) ;
#7776 = DIRECTION ( 'NONE',  ( -0.9063077870366489375, 0.4226182617407014397, 0.000000000000000000 ) ) ;
#7777 = ORIENTED_EDGE ( 'NONE', *, *, #5540, .F. ) ;
#7779 = ORIENTED_EDGE ( 'NONE', *, *, #2341, .F. ) ;
#7778 = VECTOR ( 'NONE', #6843, 1000.000000000000000 ) ;
#7780 =( NAMED_UNIT ( * ) PLANE_ANGLE_UNIT ( ) SI_UNIT ( $, .RADIAN. ) );
#7781 = ORIENTED_EDGE ( 'NONE', *, *, #3439, .F. ) ;
#7782 = ORIENTED_EDGE ( 'NONE', *, *, #633, .T. ) ;
#7783 = SURFACE_STYLE_USAGE ( .BOTH. , #889 ) ;
#7784 = PRESENTATION_LAYER_ASSIGNMENT (  '', '', ( #11997 ) ) ;
#7785 = CARTESIAN_POINT ( 'NONE',  ( -2.850000000000000089, -3.000000000000000000, -7.000000000000000000 ) ) ;
#7786 = DIRECTION ( 'NONE',  ( 1.000000000000000000, 0.000000000000000000, 0.000000000000000000 ) ) ;
#7787 = EDGE_CURVE ( 'NONE', #24, #8600, #6472, .T. ) ;
#7788 = CARTESIAN_POINT ( 'NONE',  ( 10.11464466094068015, 20.40000000000000213, 5.500000000000070166 ) ) ;
#7789 =( LENGTH_UNIT ( ) NAMED_UNIT ( * ) SI_UNIT ( .MILLI., .METRE. ) );
#7790 = CIRCLE ( 'NONE', #6215, 1.750000000000001554 ) ;
#7791 = DIRECTION ( 'NONE',  ( -9.912705577010317464E-15, 1.000000000000000000, 7.434529182757737703E-15 ) ) ;
#7792 = AXIS2_PLACEMENT_3D ( 'NONE', #3940, #1091, #10481 ) ;
#7793 = CARTESIAN_POINT ( 'NONE',  ( 7.500000000000000000, 0.1653805922287379937, -1.125000000000000000 ) ) ;
#7794 = EDGE_LOOP ( 'NONE', ( #529, #3757, #7100, #7844 ) ) ;
#7795 = COLOUR_RGB ( '',0.2509803921568627416, 0.2509803921568627416, 0.2509803921568627416 ) ;
#7796 = ORIENTED_EDGE ( 'NONE', *, *, #11238, .T. ) ;
#7797 = ORIENTED_EDGE ( 'NONE', *, *, #5070, .T. ) ;
#7798 = ORIENTED_EDGE ( 'NONE', *, *, #2011, .F. ) ;
#7799 = ORIENTED_EDGE ( 'NONE', *, *, #11359, .F. ) ;
#7800 = AXIS2_PLACEMENT_3D ( 'NONE', #8884, #11897, #3344 ) ;
#7801 = CARTESIAN_POINT ( 'NONE',  ( -10.15000000000014069, 12.77500000000000036, -6.099999999999901057 ) ) ;
#7802 = CARTESIAN_POINT ( 'NONE',  ( 0.3499999999999999778, 0.5500000000000000444, -9.500000000000000000 ) ) ;
#7803 = FACE_OUTER_BOUND ( 'NONE', #5832, .T. ) ;
#7804 = AXIS2_PLACEMENT_3D ( 'NONE', #5885, #315, #8549 ) ;
#7805 =( NAMED_UNIT ( * ) PLANE_ANGLE_UNIT ( ) SI_UNIT ( $, .RADIAN. ) );
#7806 = DIRECTION ( 'NONE',  ( 3.718869191154470885E-15, -3.854941057726394883E-15, 1.000000000000000000 ) ) ;
#7807 = MECHANICAL_DESIGN_GEOMETRIC_PRESENTATION_REPRESENTATION (  '', ( #597 ), #2587 ) ;
#7808 = CARTESIAN_POINT ( 'NONE',  ( 2.850000000000000089, 3.200000000000000178, -8.500000000000000000 ) ) ;
#7809 = EDGE_CURVE ( 'NONE', #1440, #8876, #7220, .T. ) ;
#7810 = STYLED_ITEM ( 'NONE', ( #10075 ), #9047 ) ;
#7811 = ORIENTED_EDGE ( 'NONE', *, *, #10824, .T. ) ;
#7812 = ORIENTED_EDGE ( 'NONE', *, *, #5120, .T. ) ;
#7813 = CARTESIAN_POINT ( 'NONE',  ( 5.410704217612619438, 11.60329263950372081, -1.199999999999999956 ) ) ;
#7814 =( NAMED_UNIT ( * ) PLANE_ANGLE_UNIT ( ) SI_UNIT ( $, .RADIAN. ) );
#7815 = FACE_OUTER_BOUND ( 'NONE', #9728, .T. ) ;
#7816 = PRESENTATION_STYLE_ASSIGNMENT (( #163 ) ) ;
#7817 = VECTOR ( 'NONE', #2564, 1000.000000000000000 ) ;
#7818 = DIRECTION ( 'NONE',  ( 1.000000000000000000, 0.000000000000000000, 0.000000000000000000 ) ) ;
#7819 = DIRECTION ( 'NONE',  ( -0.9063077870366585964, 0.4226182617406808451, 0.000000000000000000 ) ) ;
#7820 = CARTESIAN_POINT ( 'NONE',  ( 10.34999999999999964, 21.16464466094069863, 5.700000000000000178 ) ) ;
#7821 = FACE_OUTER_BOUND ( 'NONE', #6235, .T. ) ;
#7822 = LINE ( 'NONE', #5926, #1320 ) ;
#7823 = EDGE_LOOP ( 'NONE', ( #2344, #5943, #4634, #4886 ) ) ;
#7824 = EDGE_CURVE ( 'NONE', #4093, #8217, #10973, .T. ) ;
#7825 = MANIFOLD_SOLID_BREP ( 'NONE', #4149 ) ;
#7826 = UNCERTAINTY_MEASURE_WITH_UNIT (LENGTH_MEASURE( 1.000000000000000082E-05 ), #3610, 'distance_accuracy_value', 'NONE');
#7827 = LINE ( 'NONE', #10573, #1089 ) ;
#7828 = ORIENTED_EDGE ( 'NONE', *, *, #3008, .T. ) ;
#7829 = CARTESIAN_POINT ( 'NONE',  ( 7.349999999999999645, 2.700000000000000178, 7.299999999999999822 ) ) ;
#7830 = DIRECTION ( 'NONE',  ( 1.000000000000000000, 0.000000000000000000, 0.000000000000000000 ) ) ;
#7831 = LINE ( 'NONE', #1130, #3810 ) ;
#7832 = LINE ( 'NONE', #11530, #10875 ) ;
#7833 =( LENGTH_UNIT ( ) NAMED_UNIT ( * ) SI_UNIT ( .MILLI., .METRE. ) );
#7834 = CARTESIAN_POINT ( 'NONE',  ( 4.649999999999999467, 0.5500000000000000444, -8.500000000000000000 ) ) ;
#7835 = SURFACE_SIDE_STYLE ('',( #7027 ) ) ;
#7836 = DIRECTION ( 'NONE',  ( 1.000000000000000000, 0.000000000000000000, 0.000000000000000000 ) ) ;
#7837 = CIRCLE ( 'NONE', #1428, 0.9000000000000287770 ) ;
#7838 = MECHANICAL_DESIGN_GEOMETRIC_PRESENTATION_REPRESENTATION (  '', ( #5819 ), #3618 ) ;
#7839 = CARTESIAN_POINT ( 'NONE',  ( 0.9000000000000279998, 6.500000000000000000, -1.199999999999999956 ) ) ;
#7840 = VERTEX_POINT ( 'NONE', #10144 ) ;
#7841 = EDGE_CURVE ( 'NONE', #8123, #2935, #1470, .T. ) ;
#7842 = EDGE_CURVE ( 'NONE', #4567, #4687, #6080, .T. ) ;
#7843 = VERTEX_POINT ( 'NONE', #10908 ) ;
#7844 = ORIENTED_EDGE ( 'NONE', *, *, #694, .T. ) ;
#7845 = VERTEX_POINT ( 'NONE', #11096 ) ;
#7846 = CYLINDRICAL_SURFACE ( 'NONE', #8853, 1.749999999999999778 ) ;
#7847 = CARTESIAN_POINT ( 'NONE',  ( 0.3499999999999999778, 0.5500000000000000444, -9.500000000000000000 ) ) ;
#7848 = CARTESIAN_POINT ( 'NONE',  ( -7.850000000000129319, 13.15000000000000036, 5.700000000000000178 ) ) ;
#7849 = CARTESIAN_POINT ( 'NONE',  ( 1.649999999999999911, 0.000000000000000000, -6.200000000000000178 ) ) ;
#7850 = VECTOR ( 'NONE', #2967, 1000.000000000000000 ) ;
#7851 = DIRECTION ( 'NONE',  ( 1.000000000000000000, 0.000000000000000000, 0.000000000000000000 ) ) ;
#7852 = PRESENTATION_STYLE_ASSIGNMENT (( #4943 ) ) ;
#7853 = COLOUR_RGB ( '',0.2509803921568627416, 0.2509803921568627416, 0.2509803921568627416 ) ;
#7854 =( NAMED_UNIT ( * ) SI_UNIT ( $, .STERADIAN. ) SOLID_ANGLE_UNIT ( ) );
#7855 = PLANE ( 'NONE',  #5925 ) ;
#7856 = SURFACE_SIDE_STYLE ('',( #3939 ) ) ;
#7857 = VERTEX_POINT ( 'NONE', #6327 ) ;
#7858 = EDGE_CURVE ( 'NONE', #9243, #244, #5254, .T. ) ;
#7859 = MECHANICAL_DESIGN_GEOMETRIC_PRESENTATION_REPRESENTATION (  '', ( #8445 ), #7262 ) ;
#7860 = EDGE_CURVE ( 'NONE', #5123, #2555, #7877, .T. ) ;
#7861 = MECHANICAL_DESIGN_GEOMETRIC_PRESENTATION_REPRESENTATION (  '', ( #11060 ), #652 ) ;
#7862 = ORIENTED_EDGE ( 'NONE', *, *, #9063, .F. ) ;
#7863 = ORIENTED_EDGE ( 'NONE', *, *, #980, .F. ) ;
#7864 = ORIENTED_EDGE ( 'NONE', *, *, #3107, .T. ) ;
#7865 = DIRECTION ( 'NONE',  ( 0.000000000000000000, 1.000000000000000000, 2.168404344971015031E-16 ) ) ;
#7866 = CARTESIAN_POINT ( 'NONE',  ( 2.475435743013954859, 7.525688402361390139, 6.799999999999999822 ) ) ;
#7867 = ORIENTED_EDGE ( 'NONE', *, *, #6082, .F. ) ;
#7868 = DIRECTION ( 'NONE',  ( -7.532798415146101022E-29, 7.589415207398510528E-15, -1.000000000000000000 ) ) ;
#7869 = DIRECTION ( 'NONE',  ( 0.000000000000000000, 0.000000000000000000, 1.000000000000000000 ) ) ;
#7870 = MECHANICAL_DESIGN_GEOMETRIC_PRESENTATION_REPRESENTATION (  '', ( #2054 ), #4447 ) ;
#7871 = DIRECTION ( 'NONE',  ( -1.000000000000000000, 2.481737741748065027E-14, 0.000000000000000000 ) ) ;
#7872 = CARTESIAN_POINT ( 'NONE',  ( 10.14999999999999858, 1.677444870637950048E-15, -8.849999999999999645 ) ) ;
#7873 = PLANE ( 'NONE',  #6929 ) ;
#7874 = EDGE_CURVE ( 'NONE', #8639, #3486, #9096, .T. ) ;
#7875 = AXIS2_PLACEMENT_3D ( 'NONE', #5197, #9040, #2499 ) ;
#7876 = EDGE_LOOP ( 'NONE', ( #9288, #837, #8533, #6478 ) ) ;
#7877 = CIRCLE ( 'NONE', #7094, 8.400000000000000355 ) ;
#7878 = AXIS2_PLACEMENT_3D ( 'NONE', #2450, #8049, #457 ) ;
#7879 = VERTEX_POINT ( 'NONE', #12101 ) ;
#7880 = CYLINDRICAL_SURFACE ( 'NONE', #9414, 0.8999999999999889200 ) ;
#7881 = DIRECTION ( 'NONE',  ( 1.000000000000000000, 2.409338161078900167E-16, 0.000000000000000000 ) ) ;
#7882 = CYLINDRICAL_SURFACE ( 'NONE', #5183, 7.100000000000000533 ) ;
#7883 = PLANE ( 'NONE',  #7063 ) ;
#7884 = AXIS2_PLACEMENT_3D ( 'NONE', #878, #12291, #4495 ) ;
#7885 =( LENGTH_UNIT ( ) NAMED_UNIT ( * ) SI_UNIT ( .MILLI., .METRE. ) );
#7886 = EDGE_CURVE ( 'NONE', #904, #5059, #1564, .T. ) ;
#7887 = VECTOR ( 'NONE', #1716, 1000.000000000000000 ) ;
#7888 = LINE ( 'NONE', #10631, #9784 ) ;
#7889 = FACE_OUTER_BOUND ( 'NONE', #9576, .T. ) ;
#7890 = ORIENTED_EDGE ( 'NONE', *, *, #1323, .F. ) ;
#7891 = EDGE_LOOP ( 'NONE', ( #5932, #3061, #2573, #2436 ) ) ;
#7892 = DIRECTION ( 'NONE',  ( 0.000000000000000000, -1.000000000000000000, -7.537786532518269223E-15 ) ) ;
#7893 = DIRECTION ( 'NONE',  ( 0.000000000000000000, 0.000000000000000000, -1.000000000000000000 ) ) ;
#7894 = CARTESIAN_POINT ( 'NONE',  ( 2.000000000000000000, 1.899999999999999911, 5.150000000000000355 ) ) ;
#7895 = CARTESIAN_POINT ( 'NONE',  ( 1.300000000000000044, 14.25499782797525938, -3.200000000000084999 ) ) ;
#7896 = EDGE_CURVE ( 'NONE', #7994, #330, #1327, .T. ) ;
#7897 = CARTESIAN_POINT ( 'NONE',  ( -10.11464466094063930, 21.14999999999999858, 5.750000000000110134 ) ) ;
#7898 = DIRECTION ( 'NONE',  ( 0.000000000000000000, 0.000000000000000000, -1.000000000000000000 ) ) ;
#7899 = CIRCLE ( 'NONE', #1492, 0.04999999999999969746 ) ;
#7900 = EDGE_CURVE ( 'NONE', #5876, #10972, #8967, .T. ) ;
#7901 =( NAMED_UNIT ( * ) SI_UNIT ( $, .STERADIAN. ) SOLID_ANGLE_UNIT ( ) );
#7902 = ORIENTED_EDGE ( 'NONE', *, *, #10354, .F. ) ;
#7903 = EDGE_LOOP ( 'NONE', ( #10275, #9336, #11177, #11812 ) ) ;
#7904 = EDGE_LOOP ( 'NONE', ( #3884, #3330, #9620, #5964 ) ) ;
#7905 = EDGE_LOOP ( 'NONE', ( #4075, #1026, #9544, #6013 ) ) ;
#7906 = EDGE_LOOP ( 'NONE', ( #2282, #11942, #11502 ) ) ;
#7907 = CARTESIAN_POINT ( 'NONE',  ( -2.473186941766180258, 12.47655937766027989, -1.199999999999999956 ) ) ;
#7908 = FILL_AREA_STYLE_COLOUR ( '', #11944 ) ;
#7909 = COLOUR_RGB ( '',0.2509803921568627416, 0.2509803921568627416, 0.2509803921568627416 ) ;
#7910 =( GEOMETRIC_REPRESENTATION_CONTEXT ( 3 ) GLOBAL_UNCERTAINTY_ASSIGNED_CONTEXT ( ( #11882 ) ) GLOBAL_UNIT_ASSIGNED_CONTEXT ( ( #11219, #10395, #9343 ) ) REPRESENTATION_CONTEXT ( 'NONE', 'WORKASPACE' ) );
#7911 = DIRECTION ( 'NONE',  ( 0.000000000000000000, 1.000000000000000000, 3.854941057726394883E-15 ) ) ;
#7912 =( NAMED_UNIT ( * ) SI_UNIT ( $, .STERADIAN. ) SOLID_ANGLE_UNIT ( ) );
#7913 = LINE ( 'NONE', #11742, #4486 ) ;
#7914 = EDGE_CURVE ( 'NONE', #11419, #1330, #2461, .T. ) ;
#7915 = AXIS2_PLACEMENT_3D ( 'NONE', #123, #3864, #7715 ) ;
#7916 = FACE_OUTER_BOUND ( 'NONE', #11978, .T. ) ;
#7917 = DIRECTION ( 'NONE',  ( 0.000000000000000000, 1.301042606982603842E-16, -1.000000000000000000 ) ) ;
#7918 =( LENGTH_UNIT ( ) NAMED_UNIT ( * ) SI_UNIT ( .MILLI., .METRE. ) );
#7919 = STYLED_ITEM ( 'NONE', ( #11630 ), #412 ) ;
#7920 = CARTESIAN_POINT ( 'NONE',  ( 7.849999999999999645, 14.90000000000000036, -11.24999999999987921 ) ) ;
#7921 = VERTEX_POINT ( 'NONE', #3730 ) ;
#7922 = VERTEX_POINT ( 'NONE', #7523 ) ;
#7923 = VERTEX_POINT ( 'NONE', #1624 ) ;
#7924 = VERTEX_POINT ( 'NONE', #5433 ) ;
#7925 = FACE_OUTER_BOUND ( 'NONE', #395, .T. ) ;
#7926 = DIRECTION ( 'NONE',  ( 1.000000000000000000, 0.000000000000000000, 0.000000000000000000 ) ) ;
#7927 = ORIENTED_EDGE ( 'NONE', *, *, #1568, .T. ) ;
#7928 = EDGE_CURVE ( 'NONE', #5668, #9778, #2612, .T. ) ;
#7929 = AXIS2_PLACEMENT_3D ( 'NONE', #6311, #4529, #668 ) ;
#7930 = CARTESIAN_POINT ( 'NONE',  ( -2.475435743014004597, 8.425688402361450002, 6.799999999999999822 ) ) ;
#7931 = ADVANCED_FACE ( 'NONE', ( #11338 ), #685, .F. ) ;
#7932 = LINE ( 'NONE', #11001, #7088 ) ;
#7933 = EDGE_CURVE ( 'NONE', #7353, #9365, #11402, .T. ) ;
#7934 = DIRECTION ( 'NONE',  ( -1.000000000000000000, 0.000000000000000000, 6.938893903907222067E-15 ) ) ;
#7935 = COLOUR_RGB ( '',0.2509803921568627416, 0.2509803921568627416, 0.2509803921568627416 ) ;
#7936 = FILL_AREA_STYLE ('',( #4086 ) ) ;
#7937 = PRESENTATION_LAYER_ASSIGNMENT (  '', '', ( #10735 ) ) ;
#7938 = DIRECTION ( 'NONE',  ( 0.000000000000000000, 0.000000000000000000, 1.000000000000000000 ) ) ;
#7939 = ORIENTED_EDGE ( 'NONE', *, *, #3944, .F. ) ;
#7940 = MECHANICAL_DESIGN_GEOMETRIC_PRESENTATION_REPRESENTATION (  '', ( #3703 ), #5325 ) ;
#7941 = VECTOR ( 'NONE', #1687, 1000.000000000000114 ) ;
#7942 = ORIENTED_EDGE ( 'NONE', *, *, #4968, .F. ) ;
#7943 = PLANE ( 'NONE',  #1010 ) ;
#7944 = PLANE ( 'NONE',  #6037 ) ;
#7945 = LINE ( 'NONE', #11770, #11594 ) ;
#7946 = DIRECTION ( 'NONE',  ( 0.000000000000000000, 0.000000000000000000, 1.000000000000000000 ) ) ;
#7947 = EDGE_CURVE ( 'NONE', #4569, #5128, #5553, .T. ) ;
#7948 = CARTESIAN_POINT ( 'NONE',  ( -0.3499999999999999778, 3.200000000000000178, -10.50000000000000000 ) ) ;
#7949 = LINE ( 'NONE', #7139, #2145 ) ;
#7950 = DIRECTION ( 'NONE',  ( 1.000000000000000000, 0.000000000000000000, 0.000000000000000000 ) ) ;
#7951 = DIRECTION ( 'NONE',  ( -0.4999999999999998890, 0.8660254037844387076, 0.000000000000000000 ) ) ;
#7952 = LINE ( 'NONE', #6878, #916 ) ;
#7953 = ORIENTED_EDGE ( 'NONE', *, *, #1787, .T. ) ;
#7954 = UNCERTAINTY_MEASURE_WITH_UNIT (LENGTH_MEASURE( 1.000000000000000082E-05 ), #10831, 'distance_accuracy_value', 'NONE');
#7955 = PLANE ( 'NONE',  #876 ) ;
#7956 = EDGE_CURVE ( 'NONE', #8053, #10175, #10387, .T. ) ;
#7957 = ORIENTED_EDGE ( 'NONE', *, *, #8658, .F. ) ;
#7958 = LINE ( 'NONE', #8828, #451 ) ;
#7959 = DIRECTION ( 'NONE',  ( 1.000000000000000000, 0.000000000000000000, 0.000000000000000000 ) ) ;
#7960 = CIRCLE ( 'NONE', #9157, 0.9000000000000287770 ) ;
#7961 = DIRECTION ( 'NONE',  ( 0.000000000000000000, 2.168404344971015031E-16, -1.000000000000000000 ) ) ;
#7962 = CARTESIAN_POINT ( 'NONE',  ( 0.000000000000000000, 0.000000000000000000, -1.199999999999999956 ) ) ;
#7963 = PRESENTATION_STYLE_ASSIGNMENT (( #4111 ) ) ;
#7964 = DIRECTION ( 'NONE',  ( -1.000000000000000000, -1.298436238251450266E-29, 3.718869191154470885E-15 ) ) ;
#7965 = SURFACE_SIDE_STYLE ('',( #4114 ) ) ;
#7966 = CIRCLE ( 'NONE', #10753, 0.5000000000000004441 ) ;
#7967 = PLANE ( 'NONE',  #4490 ) ;
#7968 = LINE ( 'NONE', #8837, #5875 ) ;
#7969 = ORIENTED_EDGE ( 'NONE', *, *, #11418, .T. ) ;
#7970 = ORIENTED_EDGE ( 'NONE', *, *, #694, .F. ) ;
#7971 = EDGE_LOOP ( 'NONE', ( #1637, #6326, #3368, #5109 ) ) ;
#7972 = FILL_AREA_STYLE_COLOUR ( '', #3212 ) ;
#7973 = ORIENTED_EDGE ( 'NONE', *, *, #12219, .F. ) ;
#7974 = EDGE_CURVE ( 'NONE', #3928, #4659, #9877, .T. ) ;
#7975 = VERTEX_POINT ( 'NONE', #8511 ) ;
#7976 = CARTESIAN_POINT ( 'NONE',  ( -5.410704217614039635, 11.60329263950290013, -1.199999999999999956 ) ) ;
#7977 =( NAMED_UNIT ( * ) PLANE_ANGLE_UNIT ( ) SI_UNIT ( $, .RADIAN. ) );
#7978 = STYLED_ITEM ( 'NONE', ( #6860 ), #3718 ) ;
#7979 = DIRECTION ( 'NONE',  ( 0.000000000000000000, 0.000000000000000000, -1.000000000000000000 ) ) ;
#7980 = DIRECTION ( 'NONE',  ( 0.000000000000000000, 7.346422396569529816E-15, -1.000000000000000000 ) ) ;
#7981 = LINE ( 'NONE', #8102, #9736 ) ;
#7982 = CARTESIAN_POINT ( 'NONE',  ( -3.254858606419989808, 7.075688402361460128, -1.199999999999999956 ) ) ;
#7983 = PRESENTATION_LAYER_ASSIGNMENT (  '', '', ( #1952 ) ) ;
#7984 = FACE_OUTER_BOUND ( 'NONE', #6756, .T. ) ;
#7985 = LINE ( 'NONE', #10728, #9148 ) ;
#7986 = DIRECTION ( 'NONE',  ( 0.000000000000000000, 0.000000000000000000, 1.000000000000000000 ) ) ;
#7987 =( GEOMETRIC_REPRESENTATION_CONTEXT ( 3 ) GLOBAL_UNCERTAINTY_ASSIGNED_CONTEXT ( ( #6708 ) ) GLOBAL_UNIT_ASSIGNED_CONTEXT ( ( #3259, #7114, #4131 ) ) REPRESENTATION_CONTEXT ( 'NONE', 'WORKASPACE' ) );
#7988 = DIRECTION ( 'NONE',  ( -1.000000000000000000, 0.000000000000000000, 0.000000000000000000 ) ) ;
#7989 = ORIENTED_EDGE ( 'NONE', *, *, #789, .F. ) ;
#7990 =( GEOMETRIC_REPRESENTATION_CONTEXT ( 3 ) GLOBAL_UNCERTAINTY_ASSIGNED_CONTEXT ( ( #11940 ) ) GLOBAL_UNIT_ASSIGNED_CONTEXT ( ( #10410, #11360, #896 ) ) REPRESENTATION_CONTEXT ( 'NONE', 'WORKASPACE' ) );
#7991 = ORIENTED_EDGE ( 'NONE', *, *, #182, .F. ) ;
#7992 = ORIENTED_EDGE ( 'NONE', *, *, #4735, .T. ) ;
#7993 = EDGE_CURVE ( 'NONE', #6660, #7233, #11212, .T. ) ;
#7994 = VERTEX_POINT ( 'NONE', #5679 ) ;
#7995 = SURFACE_SIDE_STYLE ('',( #4012 ) ) ;
#7996 = FACE_OUTER_BOUND ( 'NONE', #2705, .T. ) ;
#7998 = ORIENTED_EDGE ( 'NONE', *, *, #3331, .F. ) ;
#7997 = UNCERTAINTY_MEASURE_WITH_UNIT (LENGTH_MEASURE( 1.000000000000000082E-05 ), #8754, 'distance_accuracy_value', 'NONE');
#7999 = DIRECTION ( 'NONE',  ( 0.000000000000000000, 0.000000000000000000, -1.000000000000000000 ) ) ;
#8000 = CARTESIAN_POINT ( 'NONE',  ( 7.299999999999999822, 10.00000000000000000, 7.299999999999999822 ) ) ;
#8001 = CARTESIAN_POINT ( 'NONE',  ( -0.4500000000000279887, 12.50000000000000000, -1.199999999999999956 ) ) ;
#8002 = EDGE_CURVE ( 'NONE', #5361, #1655, #746, .T. ) ;
#8003 = EDGE_CURVE ( 'NONE', #2675, #174, #4734, .T. ) ;
#8004 = ADVANCED_FACE ( 'NONE', ( #11149 ), #2556, .T. ) ;
#8005 = ORIENTED_EDGE ( 'NONE', *, *, #3313, .T. ) ;
#8006 = AXIS2_PLACEMENT_3D ( 'NONE', #7195, #220, #11011 ) ;
#8007 = VECTOR ( 'NONE', #10447, 1000.000000000000114 ) ;
#8008 = ORIENTED_EDGE ( 'NONE', *, *, #6234, .F. ) ;
#8009 = VECTOR ( 'NONE', #12208, 1000.000000000000000 ) ;
#8010 = PRESENTATION_STYLE_ASSIGNMENT (( #9193 ) ) ;
#8011 = CYLINDRICAL_SURFACE ( 'NONE', #12421, 2.124999999999998224 ) ;
#8012 = DIRECTION ( 'NONE',  ( -1.176436426395249749E-16, -1.000000000000000000, 4.375013181473400109E-31 ) ) ;
#8013 = CARTESIAN_POINT ( 'NONE',  ( 10.11219725895066013, 21.19999999999999929, 7.263125500384320254 ) ) ;
#8014 = LINE ( 'NONE', #7258, #12371 ) ;
#8015 = DIRECTION ( 'NONE',  ( -1.000000000000000000, 1.176436426395249749E-16, 3.718869191154470885E-15 ) ) ;
#8016 = CARTESIAN_POINT ( 'NONE',  ( 0.3499999999999999778, 3.200000000000000178, -6.000000000000000000 ) ) ;
#8018 = EDGE_CURVE ( 'NONE', #2818, #5789, #7827, .T. ) ;
#8017 = PRESENTATION_LAYER_ASSIGNMENT (  '', '', ( #9016 ) ) ;
#8019 = DIRECTION ( 'NONE',  ( -0.7071067811865475727, 0.7071067811865475727, 0.000000000000000000 ) ) ;
#8020 = EDGE_CURVE ( 'NONE', #620, #1218, #11582, .T. ) ;
#8021 = PLANE ( 'NONE',  #7101 ) ;
#8022 = VERTEX_POINT ( 'NONE', #2111 ) ;
#8023 = DIRECTION ( 'NONE',  ( 0.000000000000000000, 1.398970545142586048E-16, -1.000000000000000000 ) ) ;
#8024 = CARTESIAN_POINT ( 'NONE',  ( -7.849999999999999645, -3.000000000000000000, -8.000000000000000000 ) ) ;
#8025 = VECTOR ( 'NONE', #11651, 1000.000000000000000 ) ;
#8026 = CARTESIAN_POINT ( 'NONE',  ( 7.150000000000000355, 0.5500000000000000444, -8.500000000000000000 ) ) ;
#8027 = COLOUR_RGB ( '',0.2509803921568627416, 0.2509803921568627416, 0.2509803921568627416 ) ;
#8028 = CARTESIAN_POINT ( 'NONE',  ( -2.603424410659469945, 9.923149613122019375, 6.799999999999999822 ) ) ;
#8029 = CARTESIAN_POINT ( 'NONE',  ( 8.400000000000000355, 8.599999999999999645, 5.700000000000000178 ) ) ;
#8030 = DIRECTION ( 'NONE',  ( 1.000000000000000000, 1.927470528863057419E-15, 0.000000000000000000 ) ) ;
#8031 = DIRECTION ( 'NONE',  ( 3.718869191154470885E-15, 2.414357261555910084E-44, 1.000000000000000000 ) ) ;
#8032 = EDGE_LOOP ( 'NONE', ( #4336, #10338, #9865, #276 ) ) ;
#8033 = VECTOR ( 'NONE', #4063, 1000.000000000000000 ) ;
#8034 = UNCERTAINTY_MEASURE_WITH_UNIT (LENGTH_MEASURE( 1.000000000000000082E-05 ), #12423, 'distance_accuracy_value', 'NONE');
#8035 = ORIENTED_EDGE ( 'NONE', *, *, #8454, .F. ) ;
#8036 = VERTEX_POINT ( 'NONE', #2181 ) ;
#8037 = PLANE ( 'NONE',  #4234 ) ;
#8038 =( NAMED_UNIT ( * ) SI_UNIT ( $, .STERADIAN. ) SOLID_ANGLE_UNIT ( ) );
#8039 = DIRECTION ( 'NONE',  ( 3.718869191154470885E-15, -7.346422396569529816E-15, 1.000000000000000000 ) ) ;
#8040 = DIRECTION ( 'NONE',  ( 1.000000000000000000, 0.000000000000000000, 0.000000000000000000 ) ) ;
#8041 = SURFACE_SIDE_STYLE ('',( #380 ) ) ;
#8042 = PRODUCT_RELATED_PRODUCT_CATEGORY ( 'part', '', ( #10230 ) ) ;
#8043 = DIRECTION ( 'NONE',  ( 0.000000000000000000, 0.000000000000000000, -1.000000000000000000 ) ) ;
#8044 =( GEOMETRIC_REPRESENTATION_CONTEXT ( 3 ) GLOBAL_UNCERTAINTY_ASSIGNED_CONTEXT ( ( #8079 ) ) GLOBAL_UNIT_ASSIGNED_CONTEXT ( ( #4723, #9384, #8501 ) ) REPRESENTATION_CONTEXT ( 'NONE', 'WORKASPACE' ) );
#8045 = FILL_AREA_STYLE ('',( #6089 ) ) ;
#8046 = CARTESIAN_POINT ( 'NONE',  ( 1.649999999999999911, -6.955259219718329996E-16, -0.2000000000000000111 ) ) ;
#8047 = EDGE_CURVE ( 'NONE', #10705, #8572, #1986, .T. ) ;
#8048 = SURFACE_SIDE_STYLE ('',( #1340 ) ) ;
#8049 = DIRECTION ( 'NONE',  ( 0.000000000000000000, 1.398970545142586048E-16, -1.000000000000000000 ) ) ;
#8050 = VERTEX_POINT ( 'NONE', #6815 ) ;
#8051 = UNCERTAINTY_MEASURE_WITH_UNIT (LENGTH_MEASURE( 1.000000000000000082E-05 ), #4898, 'distance_accuracy_value', 'NONE');
#8052 = ORIENTED_EDGE ( 'NONE', *, *, #2144, .F. ) ;
#8053 = VERTEX_POINT ( 'NONE', #5931 ) ;
#8054 = ORIENTED_EDGE ( 'NONE', *, *, #5727, .T. ) ;
#8055 = DIRECTION ( 'NONE',  ( 0.000000000000000000, 0.000000000000000000, -1.000000000000000000 ) ) ;
#8056 = VECTOR ( 'NONE', #10679, 1000.000000000000114 ) ;
#8057 = CARTESIAN_POINT ( 'NONE',  ( 5.349999999999999645, 0.5500000000000000444, -8.500000000000000000 ) ) ;
#8058 = EDGE_LOOP ( 'NONE', ( #390, #10400, #5602, #6814, #2710, #3663, #2322, #6741 ) ) ;
#8059 = DIRECTION ( 'NONE',  ( 0.000000000000000000, -1.000000000000000000, -7.537786532518269223E-15 ) ) ;
#8060 = DIRECTION ( 'NONE',  ( 0.000000000000000000, 0.000000000000000000, 1.000000000000000000 ) ) ;
#8061 = EDGE_CURVE ( 'NONE', #11226, #12013, #8894, .T. ) ;
#8062 = DIRECTION ( 'NONE',  ( 1.000000000000000000, 0.000000000000000000, 0.000000000000000000 ) ) ;
#8063 = UNCERTAINTY_MEASURE_WITH_UNIT (LENGTH_MEASURE( 1.000000000000000082E-05 ), #3973, 'distance_accuracy_value', 'NONE');
#8064 = ORIENTED_EDGE ( 'NONE', *, *, #7858, .F. ) ;
#8065 = MECHANICAL_DESIGN_GEOMETRIC_PRESENTATION_REPRESENTATION (  '', ( #247 ), #11874 ) ;
#8066 = ORIENTED_EDGE ( 'NONE', *, *, #6150, .T. ) ;
#8067 = DIRECTION ( 'NONE',  ( 0.000000000000000000, 0.000000000000000000, -1.000000000000000000 ) ) ;
#8068 = VECTOR ( 'NONE', #11516, 1000.000000000000000 ) ;
#8069 = PLANE ( 'NONE',  #5017 ) ;
#8070 = SURFACE_SIDE_STYLE ('',( #8885 ) ) ;
#8071 = CARTESIAN_POINT ( 'NONE',  ( -10.14999999999999858, 8.599999999999999645, -4.599999999999999645 ) ) ;
#8072 = CARTESIAN_POINT ( 'NONE',  ( -7.850000000000148859, 14.90000000000000036, -6.099999999999890399 ) ) ;
#8073 = EDGE_CURVE ( 'NONE', #3105, #10162, #2920, .T. ) ;
#8074 = MECHANICAL_DESIGN_GEOMETRIC_PRESENTATION_REPRESENTATION (  '', ( #8272 ), #60 ) ;
#8075 = LINE ( 'NONE', #8821, #9918 ) ;
#8076 = AXIS2_PLACEMENT_3D ( 'NONE', #6603, #10425, #6795 ) ;
#8077 = MECHANICAL_DESIGN_GEOMETRIC_PRESENTATION_REPRESENTATION (  '', ( #6269 ), #3053 ) ;
#8078 = MANIFOLD_SOLID_BREP ( 'NONE', #7578 ) ;
#8079 = UNCERTAINTY_MEASURE_WITH_UNIT (LENGTH_MEASURE( 1.000000000000000082E-05 ), #4723, 'distance_accuracy_value', 'NONE');
#8080 = ORIENTED_EDGE ( 'NONE', *, *, #10178, .T. ) ;
#8081 = DIRECTION ( 'NONE',  ( 0.000000000000000000, 0.000000000000000000, -1.000000000000000000 ) ) ;
#8082 = PRESENTATION_STYLE_ASSIGNMENT (( #11784 ) ) ;
#8083 =( GEOMETRIC_REPRESENTATION_CONTEXT ( 3 ) GLOBAL_UNCERTAINTY_ASSIGNED_CONTEXT ( ( #2857 ) ) GLOBAL_UNIT_ASSIGNED_CONTEXT ( ( #6252, #1377, #11850 ) ) REPRESENTATION_CONTEXT ( 'NONE', 'WORKASPACE' ) );
#8084 = AXIS2_PLACEMENT_3D ( 'NONE', #5282, #7999, #2403 ) ;
#8085 = DIRECTION ( 'NONE',  ( 0.000000000000000000, 0.000000000000000000, -1.000000000000000000 ) ) ;
#8086 = CARTESIAN_POINT ( 'NONE',  ( -3.815147174716999601, 6.105240135171010607, 6.799999999999999822 ) ) ;
#8087 = CARTESIAN_POINT ( 'NONE',  ( 0.000000000000000000, 10.00000000000000000, -3.200000000000084999 ) ) ;
#8088 = CARTESIAN_POINT ( 'NONE',  ( -0.6999999999999999556, -3.473890113076134811E-15, -0.2000000000000000111 ) ) ;
#8089 = ADVANCED_FACE ( 'NONE', ( #8824 ), #7706, .F. ) ;
#8090 = EDGE_CURVE ( 'NONE', #1094, #1458, #10891, .T. ) ;
#8091 = CARTESIAN_POINT ( 'NONE',  ( -0.7000000000000879963, 17.89999999999999858, -11.24999999999986144 ) ) ;
#8092 = CARTESIAN_POINT ( 'NONE',  ( -10.14999999999999858, -1.271193934346141848E-28, -0.1999999999999285127 ) ) ;
#8093 = CARTESIAN_POINT ( 'NONE',  ( 0.4500000000000219935, 7.279422863406019850, 6.799999999999999822 ) ) ;
#8094 = ORIENTED_EDGE ( 'NONE', *, *, #7391, .F. ) ;
#8095 = EDGE_LOOP ( 'NONE', ( #10944, #11939, #10223, #4043 ) ) ;
#8096 = STYLED_ITEM ( 'NONE', ( #7763 ), #8089 ) ;
#8097 = PLANE ( 'NONE',  #669 ) ;
#8098 = ORIENTED_EDGE ( 'NONE', *, *, #718, .F. ) ;
#8099 = PLANE ( 'NONE',  #4097 ) ;
#8100 =( LENGTH_UNIT ( ) NAMED_UNIT ( * ) SI_UNIT ( .MILLI., .METRE. ) );
#8101 = DIRECTION ( 'NONE',  ( 1.000000000000000000, 0.000000000000000000, 0.000000000000000000 ) ) ;
#8102 = CARTESIAN_POINT ( 'NONE',  ( 0.4499999999998859912, -1.116781983786343900E-14, 6.799999999999999822 ) ) ;
#8103 = LINE ( 'NONE', #9163, #3878 ) ;
#8104 = FILL_AREA_STYLE ('',( #4262 ) ) ;
#8105 = EDGE_CURVE ( 'NONE', #6596, #3994, #7432, .T. ) ;
#8106 = STYLED_ITEM ( 'NONE', ( #9113 ), #8373 ) ;
#8107 = CARTESIAN_POINT ( 'NONE',  ( 7.349999999999999645, 2.700000000000000178, 7.500000000000000000 ) ) ;
#8108 =( GEOMETRIC_REPRESENTATION_CONTEXT ( 3 ) GLOBAL_UNCERTAINTY_ASSIGNED_CONTEXT ( ( #8408 ) ) GLOBAL_UNIT_ASSIGNED_CONTEXT ( ( #7129, #10942, #9184 ) ) REPRESENTATION_CONTEXT ( 'NONE', 'WORKASPACE' ) );
#8109 =( LENGTH_UNIT ( ) NAMED_UNIT ( * ) SI_UNIT ( .MILLI., .METRE. ) );
#8110 = SURFACE_STYLE_USAGE ( .BOTH. , #2339 ) ;
#8111 = EDGE_LOOP ( 'NONE', ( #10012, #8289, #3445, #7294 ) ) ;
#8112 = VERTEX_POINT ( 'NONE', #9244 ) ;
#8113 = ORIENTED_EDGE ( 'NONE', *, *, #5091, .T. ) ;
#8114 = VERTEX_POINT ( 'NONE', #6355 ) ;
#8115 = DIRECTION ( 'NONE',  ( 9.925400323074660971E-15, -1.000000000000000000, -8.054073281320982040E-15 ) ) ;
#8116 = ADVANCED_FACE ( 'NONE', ( #11240 ), #7955, .T. ) ;
#8117 = DIRECTION ( 'NONE',  ( 1.000000000000000000, 1.031457201932155075E-14, 0.000000000000000000 ) ) ;
#8118 = ORIENTED_EDGE ( 'NONE', *, *, #1087, .T. ) ;
#8119 =( NAMED_UNIT ( * ) SI_UNIT ( $, .STERADIAN. ) SOLID_ANGLE_UNIT ( ) );
#8120 = FACE_OUTER_BOUND ( 'NONE', #9929, .T. ) ;
#8121 = DIRECTION ( 'NONE',  ( 1.000000000000000000, 1.997746756166205058E-29, -6.888726000062280717E-15 ) ) ;
#8122 = VECTOR ( 'NONE', #6278, 1000.000000000000000 ) ;
#8123 = VERTEX_POINT ( 'NONE', #1312 ) ;
#8124 = AXIS2_PLACEMENT_3D ( 'NONE', #7346, #6938, #7071 ) ;
#8125 = ADVANCED_FACE ( 'NONE', ( #9305, #11780 ), #8021, .F. ) ;
#8126 = ORIENTED_EDGE ( 'NONE', *, *, #704, .F. ) ;
#8127 = CARTESIAN_POINT ( 'NONE',  ( -3.000000000000000000, 1.699999999999999956, 5.150000000000000355 ) ) ;
#8128 = COLOUR_RGB ( '',0.2509803921568627416, 0.2509803921568627416, 0.2509803921568627416 ) ;
#8129 = DIRECTION ( 'NONE',  ( 0.000000000000000000, 0.000000000000000000, -1.000000000000000000 ) ) ;
#8130 =( NAMED_UNIT ( * ) PLANE_ANGLE_UNIT ( ) SI_UNIT ( $, .RADIAN. ) );
#8131 =( LENGTH_UNIT ( ) NAMED_UNIT ( * ) SI_UNIT ( .MILLI., .METRE. ) );
#8132 = SURFACE_STYLE_USAGE ( .BOTH. , #8070 ) ;
#8133 = CARTESIAN_POINT ( 'NONE',  ( 10.11464466094068015, 21.39999999999999858, 7.250000000000000000 ) ) ;
#8134 = EDGE_CURVE ( 'NONE', #3059, #934, #11844, .T. ) ;
#8135 = FACE_OUTER_BOUND ( 'NONE', #4077, .T. ) ;
#8136 = CARTESIAN_POINT ( 'NONE',  ( -1.576611713483625055, 12.39811920918740107, -1.199999999999999956 ) ) ;
#8137 = DIRECTION ( 'NONE',  ( 0.000000000000000000, 0.000000000000000000, -1.000000000000000000 ) ) ;
#8138 = PLANE ( 'NONE',  #4696 ) ;
#8139 = COLOUR_RGB ( '',0.2509803921568627416, 0.2509803921568627416, 0.2509803921568627416 ) ;
#8140 = AXIS2_PLACEMENT_3D ( 'NONE', #6566, #2983, #8769 ) ;
#8141 = EDGE_CURVE ( 'NONE', #10086, #1845, #3230, .T. ) ;
#8142 = EDGE_LOOP ( 'NONE', ( #10971, #9273, #1771, #7812 ) ) ;
#8143 = FACE_OUTER_BOUND ( 'NONE', #11496, .T. ) ;
#8144 = CARTESIAN_POINT ( 'NONE',  ( -5.349999999999999645, -3.000000000000000000, -5.500000000000000000 ) ) ;
#8145 = DIRECTION ( 'NONE',  ( -1.000000000000000000, 0.000000000000000000, 0.000000000000000000 ) ) ;
#8146 = DIRECTION ( 'NONE',  ( 7.394617854722919993E-29, -7.434529182757750325E-15, 1.000000000000000000 ) ) ;
#8147 = DIRECTION ( 'NONE',  ( 0.000000000000000000, 0.000000000000000000, -1.000000000000000000 ) ) ;
#8148 = VECTOR ( 'NONE', #5135, 1000.000000000000000 ) ;
#8149 = LINE ( 'NONE', #4366, #12225 ) ;
#8150 = UNCERTAINTY_MEASURE_WITH_UNIT (LENGTH_MEASURE( 1.000000000000000082E-05 ), #3371, 'distance_accuracy_value', 'NONE');
#8151 = LINE ( 'NONE', #4246, #12373 ) ;
#8152 = CARTESIAN_POINT ( 'NONE',  ( 3.589859732951959703, 6.217819449518479757, -1.199999999999999956 ) ) ;
#8153 = DIRECTION ( 'NONE',  ( 0.000000000000000000, 7.589415207398510528E-15, -1.000000000000000000 ) ) ;
#8154 = ORIENTED_EDGE ( 'NONE', *, *, #3527, .T. ) ;
#8155 = VERTEX_POINT ( 'NONE', #5108 ) ;
#8156 = ORIENTED_EDGE ( 'NONE', *, *, #3526, .T. ) ;
#8157 = EDGE_CURVE ( 'NONE', #11437, #10713, #716, .T. ) ;
#8158 = CARTESIAN_POINT ( 'NONE',  ( -2.149999999999999911, 0.5500000000000000444, -7.000000000000000000 ) ) ;
#8159 = ADVANCED_FACE ( 'NONE', ( #5467 ), #8359, .F. ) ;
#8160 = LINE ( 'NONE', #10030, #1613 ) ;
#8161 = CARTESIAN_POINT ( 'NONE',  ( 0.3499999999999999778, 0.5500000000000000444, -6.000000000000000000 ) ) ;
#8162 = FILL_AREA_STYLE_COLOUR ( '', #5706 ) ;
#8163 = DIRECTION ( 'NONE',  ( -3.718869191154470885E-15, -2.414357261555910084E-44, -1.000000000000000000 ) ) ;
#8164 = CIRCLE ( 'NONE', #2735, 1.099999999999999423 ) ;
#8165 = DIRECTION ( 'NONE',  ( 0.7071067811865721087, 0.000000000000000000, 0.7071067811865230368 ) ) ;
#8166 =( NAMED_UNIT ( * ) SI_UNIT ( $, .STERADIAN. ) SOLID_ANGLE_UNIT ( ) );
#8167 = FILL_AREA_STYLE_COLOUR ( '', #6745 ) ;
#8168 = VECTOR ( 'NONE', #1634, 1000.000000000000000 ) ;
#8169 = CARTESIAN_POINT ( 'NONE',  ( 7.849999999999999645, 14.90000000000000036, -6.099999999999890399 ) ) ;
#8170 =( LENGTH_UNIT ( ) NAMED_UNIT ( * ) SI_UNIT ( .MILLI., .METRE. ) );
#8171 = EDGE_LOOP ( 'NONE', ( #1348, #10601, #4010, #8066 ) ) ;
#8172 = UNCERTAINTY_MEASURE_WITH_UNIT (LENGTH_MEASURE( 1.000000000000000082E-05 ), #6877, 'distance_accuracy_value', 'NONE');
#8174 = ORIENTED_EDGE ( 'NONE', *, *, #3311, .T. ) ;
#8173 = AXIS2_PLACEMENT_3D ( 'NONE', #351, #2301, #5234 ) ;
#8175 = VERTEX_POINT ( 'NONE', #7084 ) ;
#8176 = ORIENTED_EDGE ( 'NONE', *, *, #1638, .F. ) ;
#8177 = CARTESIAN_POINT ( 'NONE',  ( 7.200000000000000178, 10.00000000000000000, -3.200000000000084999 ) ) ;
#8178 = EDGE_CURVE ( 'NONE', #4615, #2164, #2309, .T. ) ;
#8179 = COLOUR_RGB ( '',0.2509803921568627416, 0.2509803921568627416, 0.2509803921568627416 ) ;
#8180 = DIRECTION ( 'NONE',  ( 1.000000000000000000, 0.000000000000000000, 0.000000000000000000 ) ) ;
#8181 = VERTEX_POINT ( 'NONE', #1592 ) ;
#8182 = AXIS2_PLACEMENT_3D ( 'NONE', #11168, #7611, #1762 ) ;
#8183 = DIRECTION ( 'NONE',  ( 0.000000000000000000, -1.000000000000000000, -7.930164461608261228E-15 ) ) ;
#8184 = SURFACE_STYLE_USAGE ( .BOTH. , #10114 ) ;
#8185 = PRESENTATION_LAYER_ASSIGNMENT (  '', '', ( #11363 ) ) ;
#8186 = DIRECTION ( 'NONE',  ( -9.925400323074660971E-15, 1.000000000000000000, 7.589415207398510528E-15 ) ) ;
#8187 = ORIENTED_EDGE ( 'NONE', *, *, #10834, .T. ) ;
#8188 = ORIENTED_EDGE ( 'NONE', *, *, #11765, .F. ) ;
#8189 = EDGE_LOOP ( 'NONE', ( #7991, #4627, #2834, #8301 ) ) ;
#8190 = DIRECTION ( 'NONE',  ( -1.117507638097058054E-14, 1.000000000000000000, 0.000000000000000000 ) ) ;
#8191 = LINE ( 'NONE', #11068, #3494 ) ;
#8192 = UNCERTAINTY_MEASURE_WITH_UNIT (LENGTH_MEASURE( 1.000000000000000082E-05 ), #2980, 'distance_accuracy_value', 'NONE');
#8193 = CIRCLE ( 'NONE', #6176, 0.5000000000000004441 ) ;
#8194 =( LENGTH_UNIT ( ) NAMED_UNIT ( * ) SI_UNIT ( .MILLI., .METRE. ) );
#8195 = DIRECTION ( 'NONE',  ( 0.000000000000000000, 0.000000000000000000, -1.000000000000000000 ) ) ;
#8196 = CARTESIAN_POINT ( 'NONE',  ( 10.10244762281251951, 21.21563342331495150, 7.500000000000000000 ) ) ;
#8197 = DIRECTION ( 'NONE',  ( 7.532798415146101022E-29, -7.589415207398510528E-15, 1.000000000000000000 ) ) ;
#8198 = CARTESIAN_POINT ( 'NONE',  ( -10.05000000000000071, -1.224646799160395975E-17, 7.299999999999999822 ) ) ;
#8199 = SURFACE_SIDE_STYLE ('',( #4229 ) ) ;
#8200 = DIRECTION ( 'NONE',  ( 9.912705577010326536E-16, -1.000000000000000000, -7.434529182757745592E-15 ) ) ;
#8201 = EDGE_CURVE ( 'NONE', #8650, #1078, #4518, .T. ) ;
#8202 = VECTOR ( 'NONE', #869, 1000.000000000000000 ) ;
#8203 = VECTOR ( 'NONE', #2092, 1000.000000000000000 ) ;
#8204 = ORIENTED_EDGE ( 'NONE', *, *, #6085, .T. ) ;
#8205 = CARTESIAN_POINT ( 'NONE',  ( 10.14999999999999858, 12.77500000000000036, -6.099999999999901057 ) ) ;
#8206 = DIRECTION ( 'NONE',  ( 1.000000000000000000, 0.000000000000000000, 0.000000000000000000 ) ) ;
#8207 = LINE ( 'NONE', #492, #11846 ) ;
#8208 = CARTESIAN_POINT ( 'NONE',  ( 1.696012879608045143, 7.975688402361480911, 6.799999999999999822 ) ) ;
#8209 =( NAMED_UNIT ( * ) SI_UNIT ( $, .STERADIAN. ) SOLID_ANGLE_UNIT ( ) );
#8210 = AXIS2_PLACEMENT_3D ( 'NONE', #12273, #2545, #6553 ) ;
#8211 = DIRECTION ( 'NONE',  ( 0.000000000000000000, -1.000000000000000000, -1.398970545142586048E-16 ) ) ;
#8212 = AXIS2_PLACEMENT_3D ( 'NONE', #681, #11031, #1500 ) ;
#8213 = SURFACE_STYLE_FILL_AREA ( #9269 ) ;
#8214 = FACE_OUTER_BOUND ( 'NONE', #5394, .T. ) ;
#8215 = CARTESIAN_POINT ( 'NONE',  ( -4.646130973617839999, 9.963660026517290547, 6.799999999999999822 ) ) ;
#8216 = EDGE_CURVE ( 'NONE', #9778, #3151, #10238, .T. ) ;
#8217 = VERTEX_POINT ( 'NONE', #428 ) ;
#8218 = ORIENTED_EDGE ( 'NONE', *, *, #11898, .F. ) ;
#8219 = VECTOR ( 'NONE', #2502, 1000.000000000000000 ) ;
#8220 = VECTOR ( 'NONE', #7510, 1000.000000000000000 ) ;
#8221 = LINE ( 'NONE', #3546, #6934 ) ;
#8222 = CYLINDRICAL_SURFACE ( 'NONE', #422, 0.9000000000000000222 ) ;
#8223 = SURFACE_SIDE_STYLE ('',( #3254 ) ) ;
#8224 = PRESENTATION_STYLE_ASSIGNMENT (( #1394 ) ) ;
#8225 = SURFACE_SIDE_STYLE ('',( #5332 ) ) ;
#8226 = EDGE_CURVE ( 'NONE', #12315, #7572, #2244, .T. ) ;
#8227 = EDGE_CURVE ( 'NONE', #3983, #291, #2643, .T. ) ;
#8228 = ORIENTED_EDGE ( 'NONE', *, *, #4531, .F. ) ;
#8229 = VERTEX_POINT ( 'NONE', #3458 ) ;
#8230 = ORIENTED_EDGE ( 'NONE', *, *, #12118, .F. ) ;
#8231 = EDGE_LOOP ( 'NONE', ( #6913, #6912, #645, #7779 ) ) ;
#8232 = SURFACE_SIDE_STYLE ('',( #9053 ) ) ;
#8233 = VECTOR ( 'NONE', #6972, 1000.000000000000000 ) ;
#8234 = ORIENTED_EDGE ( 'NONE', *, *, #9545, .T. ) ;
#8235 = CARTESIAN_POINT ( 'NONE',  ( 0.3499999999999999778, 0.5500000000000000444, -9.000000000000000000 ) ) ;
#8236 = ADVANCED_FACE ( 'NONE', ( #7309 ), #4829, .F. ) ;
#8237 = EDGE_CURVE ( 'NONE', #671, #8036, #5280, .T. ) ;
#8238 = FACE_OUTER_BOUND ( 'NONE', #9749, .T. ) ;
#8239 = CARTESIAN_POINT ( 'NONE',  ( 3.200000000000000178, 2.000000000000000000, 7.299999999999999822 ) ) ;
#8240 = VECTOR ( 'NONE', #4108, 1000.000000000000000 ) ;
#8241 = VECTOR ( 'NONE', #5838, 1000.000000000000000 ) ;
#8242 = ORIENTED_EDGE ( 'NONE', *, *, #7480, .T. ) ;
#8243 = EDGE_LOOP ( 'NONE', ( #5824, #11485 ) ) ;
#8244 = ORIENTED_EDGE ( 'NONE', *, *, #9704, .T. ) ;
#8245 = DIRECTION ( 'NONE',  ( 0.8660254037844387076, -0.4999999999999998890, 0.000000000000000000 ) ) ;
#8246 = FACE_OUTER_BOUND ( 'NONE', #1404, .T. ) ;
#8247 =( NAMED_UNIT ( * ) SI_UNIT ( $, .STERADIAN. ) SOLID_ANGLE_UNIT ( ) );
#8248 = AXIS2_PLACEMENT_3D ( 'NONE', #12138, #10361, #7495 ) ;
#8249 = PLANE ( 'NONE',  #835 ) ;
#8250 = VECTOR ( 'NONE', #1977, 1000.000000000000000 ) ;
#8251 = DIRECTION ( 'NONE',  ( 7.570943305532639295E-31, -3.491481338843135327E-15, -1.000000000000000000 ) ) ;
#8252 =( LENGTH_UNIT ( ) NAMED_UNIT ( * ) SI_UNIT ( .MILLI., .METRE. ) );
#8253 = EDGE_CURVE ( 'NONE', #6264, #2878, #2870, .T. ) ;
#8254 = PLANE ( 'NONE',  #3740 ) ;
#8255 = MECHANICAL_DESIGN_GEOMETRIC_PRESENTATION_REPRESENTATION (  '', ( #6643 ), #11255 ) ;
#8256 = EDGE_CURVE ( 'NONE', #10414, #8114, #9624, .T. ) ;
#8257 = EDGE_LOOP ( 'NONE', ( #12000, #11729, #3340, #9394, #4809, #3473, #9753, #11858, #7680, #7119, #11747, #6891, #4601, #9112, #5276, #7692, #1668, #7326 ) ) ;
#8258 = STYLED_ITEM ( 'NONE', ( #9824 ), #7381 ) ;
#8259 = ORIENTED_EDGE ( 'NONE', *, *, #4676, .T. ) ;
#8260 = DIRECTION ( 'NONE',  ( 1.000000000000000000, 1.298436238251450266E-29, -7.210350529997600296E-15 ) ) ;
#8261 = EDGE_CURVE ( 'NONE', #7674, #9202, #1027, .T. ) ;
#8262 = LINE ( 'NONE', #5485, #10795 ) ;
#8263 = PRESENTATION_LAYER_ASSIGNMENT (  '', '', ( #6651 ) ) ;
#8264 = SURFACE_STYLE_USAGE ( .BOTH. , #10315 ) ;
#8265 = STYLED_ITEM ( 'NONE', ( #11378 ), #7567 ) ;
#8266 = CARTESIAN_POINT ( 'NONE',  ( -7.150000000000000355, -3.000000000000000000, -7.500000000000000000 ) ) ;
#8267 = PRESENTATION_STYLE_ASSIGNMENT (( #617 ) ) ;
#8268 = CARTESIAN_POINT ( 'NONE',  ( -4.649999999999999467, 3.200000000000000178, -8.500000000000000000 ) ) ;
#8269 = ORIENTED_EDGE ( 'NONE', *, *, #11693, .F. ) ;
#8270 = VERTEX_POINT ( 'NONE', #4583 ) ;
#8271 = DIRECTION ( 'NONE',  ( 1.000000000000000000, 0.000000000000000000, 0.000000000000000000 ) ) ;
#8272 = STYLED_ITEM ( 'NONE', ( #8849 ), #5599 ) ;
#8273 = PRESENTATION_LAYER_ASSIGNMENT (  '', '', ( #4046 ) ) ;
#8274 = DIRECTION ( 'NONE',  ( -2.409338161078900167E-16, 1.000000000000000000, 0.000000000000000000 ) ) ;
#8275 = VECTOR ( 'NONE', #7400, 1000.000000000000000 ) ;
#8276 = CIRCLE ( 'NONE', #1992, 8.400000000000000355 ) ;
#8277 = LINE ( 'NONE', #1509, #10220 ) ;
#8278 = EDGE_CURVE ( 'NONE', #4659, #3928, #6078, .T. ) ;
#8279 =( NAMED_UNIT ( * ) PLANE_ANGLE_UNIT ( ) SI_UNIT ( $, .RADIAN. ) );
#8280 =( NAMED_UNIT ( * ) PLANE_ANGLE_UNIT ( ) SI_UNIT ( $, .RADIAN. ) );
#8281 = CARTESIAN_POINT ( 'NONE',  ( -3.000000000000000000, 1.899999999999999911, 5.150000000000000355 ) ) ;
#8282 = CARTESIAN_POINT ( 'NONE',  ( -3.000000000000000000, 1.899999999999999911, 4.899999999999999467 ) ) ;
#8283 =( GEOMETRIC_REPRESENTATION_CONTEXT ( 3 ) GLOBAL_UNCERTAINTY_ASSIGNED_CONTEXT ( ( #8631 ) ) GLOBAL_UNIT_ASSIGNED_CONTEXT ( ( #119, #8831, #2985 ) ) REPRESENTATION_CONTEXT ( 'NONE', 'WORKASPACE' ) );
#8284 = EDGE_CURVE ( 'NONE', #1458, #3786, #9285, .T. ) ;
#8285 = CARTESIAN_POINT ( 'NONE',  ( -7.200000000000000178, 10.00000000000000000, -17.80452084174450178 ) ) ;
#8286 = AXIS2_PLACEMENT_3D ( 'NONE', #2708, #839, #9562 ) ;
#8287 = FACE_OUTER_BOUND ( 'NONE', #288, .T. ) ;
#8288 = ORIENTED_EDGE ( 'NONE', *, *, #2548, .T. ) ;
#8289 = ORIENTED_EDGE ( 'NONE', *, *, #4595, .F. ) ;
#8290 = EDGE_LOOP ( 'NONE', ( #6768, #10737, #8234, #8938 ) ) ;
#8291 = ORIENTED_EDGE ( 'NONE', *, *, #2726, .F. ) ;
#8292 = DIRECTION ( 'NONE',  ( 0.000000000000000000, 0.000000000000000000, 1.000000000000000000 ) ) ;
#8293 = EDGE_CURVE ( 'NONE', #2892, #5761, #5468, .T. ) ;
#8294 = DIRECTION ( 'NONE',  ( 0.000000000000000000, -1.000000000000000000, 1.387778780781445922E-16 ) ) ;
#8295 = ORIENTED_EDGE ( 'NONE', *, *, #12011, .T. ) ;
#8296 = PRESENTATION_LAYER_ASSIGNMENT (  '', '', ( #3865 ) ) ;
#8297 = CARTESIAN_POINT ( 'NONE',  ( -7.850000000000148859, 14.90000000000000036, -9.549747468305820775 ) ) ;
#8298 = PLANE ( 'NONE',  #2156 ) ;
#8299 = CARTESIAN_POINT ( 'NONE',  ( 10.14999999999999858, 0.000000000000000000, -17.80452084174450178 ) ) ;
#8300 = EDGE_LOOP ( 'NONE', ( #5996, #9422, #918, #7942, #8269, #2048 ) ) ;
#8301 = ORIENTED_EDGE ( 'NONE', *, *, #6312, .T. ) ;
#8302 = CARTESIAN_POINT ( 'NONE',  ( -1.300000000000000044, 14.25499782797525938, 24.08550494769779959 ) ) ;
#8303 = ADVANCED_FACE ( 'NONE', ( #3885 ), #9492, .F. ) ;
#8304 = ORIENTED_EDGE ( 'NONE', *, *, #3695, .F. ) ;
#8305 = CARTESIAN_POINT ( 'NONE',  ( 4.336808689942014778E-16, 1.949999999999999956, 7.500000000000000000 ) ) ;
#8306 = EDGE_CURVE ( 'NONE', #7247, #5450, #5147, .T. ) ;
#8307 = LINE ( 'NONE', #7312, #9738 ) ;
#8308 = STYLED_ITEM ( 'NONE', ( #11870 ), #3223 ) ;
#8309 = CIRCLE ( 'NONE', #9722, 0.7999999999999994893 ) ;
#8310 = FACE_OUTER_BOUND ( 'NONE', #5634, .T. ) ;
#8311 =( NAMED_UNIT ( * ) PLANE_ANGLE_UNIT ( ) SI_UNIT ( $, .RADIAN. ) );
#8312 = CARTESIAN_POINT ( 'NONE',  ( 10.05000000000000071, 8.750000000000000000, 7.299999999999999822 ) ) ;
#8313 = SURFACE_STYLE_FILL_AREA ( #1727 ) ;
#8314 = VECTOR ( 'NONE', #3495, 1000.000000000000000 ) ;
#8315 = DIRECTION ( 'NONE',  ( 0.000000000000000000, 0.000000000000000000, 1.000000000000000000 ) ) ;
#8316 = PRESENTATION_LAYER_ASSIGNMENT (  '', '', ( #7919 ) ) ;
#8317 = ORIENTED_EDGE ( 'NONE', *, *, #10358, .T. ) ;
#8318 = VECTOR ( 'NONE', #7396, 1000.000000000000000 ) ;
#8319 = VERTEX_POINT ( 'NONE', #3138 ) ;
#8320 = SURFACE_STYLE_USAGE ( .BOTH. , #1670 ) ;
#8321 = ADVANCED_FACE ( 'NONE', ( #7925 ), #9927, .F. ) ;
#8322 = DIRECTION ( 'NONE',  ( 0.000000000000000000, 0.000000000000000000, -1.000000000000000000 ) ) ;
#8323 = SURFACE_SIDE_STYLE ('',( #4424 ) ) ;
#8324 = DIRECTION ( 'NONE',  ( -1.000000000000000000, 0.000000000000000000, 0.000000000000000000 ) ) ;
#8325 = VECTOR ( 'NONE', #5536, 1000.000000000000000 ) ;
#8326 = DIRECTION ( 'NONE',  ( 0.000000000000000000, 0.000000000000000000, 1.000000000000000000 ) ) ;
#8327 = VECTOR ( 'NONE', #10150, 1000.000000000000000 ) ;
#8328 = CARTESIAN_POINT ( 'NONE',  ( 10.11259517036272015, 21.15244739975969779, 7.297979999999999912 ) ) ;
#8329 = PRESENTATION_STYLE_ASSIGNMENT (( #9392 ) ) ;
#8330 = VERTEX_POINT ( 'NONE', #4138 ) ;
#8331 = ADVANCED_FACE ( 'NONE', ( #6916 ), #6987, .F. ) ;
#8332 = VERTEX_POINT ( 'NONE', #8739 ) ;
#8333 = CARTESIAN_POINT ( 'NONE',  ( -5.505006907668969163, 3.178317220033414880, -1.199999999999999956 ) ) ;
#8334 = CARTESIAN_POINT ( 'NONE',  ( -7.500000000000000000, -0.2298097038857039864, -1.520190296114374950 ) ) ;
#8335 = CARTESIAN_POINT ( 'NONE',  ( 10.14999999999999858, 17.02499999999999858, -6.099999999999869971 ) ) ;
#8336 = DIRECTION ( 'NONE',  ( 0.000000000000000000, 1.000000000000000000, 0.000000000000000000 ) ) ;
#8337 = LINE ( 'NONE', #4616, #8874 ) ;
#8338 = LINE ( 'NONE', #3550, #4896 ) ;
#8339 = CARTESIAN_POINT ( 'NONE',  ( -2.473186941766180258, 12.47655937766027989, 6.799999999999999822 ) ) ;
#8340 = DIRECTION ( 'NONE',  ( 1.000000000000000000, 0.000000000000000000, 0.000000000000000000 ) ) ;
#8341 = PRESENTATION_LAYER_ASSIGNMENT (  '', '', ( #9949 ) ) ;
#8342 = SURFACE_SIDE_STYLE ('',( #2752 ) ) ;
#8343 = ORIENTED_EDGE ( 'NONE', *, *, #4070, .F. ) ;
#8344 = EDGE_CURVE ( 'NONE', #1742, #9382, #9896, .T. ) ;
#8345 = ORIENTED_EDGE ( 'NONE', *, *, #5990, .T. ) ;
#8346 = VERTEX_POINT ( 'NONE', #9752 ) ;
#8347 = ORIENTED_EDGE ( 'NONE', *, *, #10273, .F. ) ;
#8348 = LINE ( 'NONE', #2577, #7677 ) ;
#8349 = VECTOR ( 'NONE', #4683, 1000.000000000000000 ) ;
#8350 = DIRECTION ( 'NONE',  ( 0.000000000000000000, 2.891205793294680298E-16, 1.000000000000000000 ) ) ;
#8351 = SURFACE_STYLE_FILL_AREA ( #9181 ) ;
#8352 = VECTOR ( 'NONE', #8197, 1000.000000000000000 ) ;
#8353 = LINE ( 'NONE', #2890, #7283 ) ;
#8354 = EDGE_CURVE ( 'NONE', #6577, #10782, #10740, .T. ) ;
#8355 = MECHANICAL_DESIGN_GEOMETRIC_PRESENTATION_REPRESENTATION (  '', ( #349 ), #9572 ) ;
#8356 = ORIENTED_EDGE ( 'NONE', *, *, #2537, .T. ) ;
#8357 = ORIENTED_EDGE ( 'NONE', *, *, #6151, .F. ) ;
#8358 = ORIENTED_EDGE ( 'NONE', *, *, #9227, .F. ) ;
#8359 = PLANE ( 'NONE',  #6280 ) ;
#8360 = EDGE_LOOP ( 'NONE', ( #12116, #6464, #11364, #7003 ) ) ;
#8361 = FACE_OUTER_BOUND ( 'NONE', #3509, .T. ) ;
#8362 = LINE ( 'NONE', #12257, #1712 ) ;
#8363 = PRESENTATION_LAYER_ASSIGNMENT (  '', '', ( #7978 ) ) ;
#8364 = DIRECTION ( 'NONE',  ( -1.298436238251450266E-29, 1.000000000000000000, 2.414357261555910084E-44 ) ) ;
#8365 = LINE ( 'NONE', #4348, #8595 ) ;
#8366 = AXIS2_PLACEMENT_3D ( 'NONE', #6996, #5909, #9872 ) ;
#8367 = FACE_OUTER_BOUND ( 'NONE', #4822, .T. ) ;
#8368 = CARTESIAN_POINT ( 'NONE',  ( -2.600000000000000089, -3.500000000000000000, 5.100000000000000533 ) ) ;
#8369 = ADVANCED_FACE ( 'NONE', ( #9866 ), #1160, .T. ) ;
#8370 = CARTESIAN_POINT ( 'NONE',  ( 0.3499999999999999778, -3.000000000000000000, -10.00000000000000000 ) ) ;
#8371 = FILL_AREA_STYLE_COLOUR ( '', #11949 ) ;
#8372 = EDGE_CURVE ( 'NONE', #11956, #5780, #1578, .T. ) ;
#8373 = ADVANCED_FACE ( 'NONE', ( #5277 ), #6288, .F. ) ;
#8374 = DIRECTION ( 'NONE',  ( 0.000000000000000000, 1.000000000000000000, 0.000000000000000000 ) ) ;
#8375 = VECTOR ( 'NONE', #6294, 1000.000000000000000 ) ;
#8376 = ORIENTED_EDGE ( 'NONE', *, *, #10154, .F. ) ;
#8377 = ORIENTED_EDGE ( 'NONE', *, *, #9549, .T. ) ;
#8378 = FACE_OUTER_BOUND ( 'NONE', #6226, .T. ) ;
#8379 = CARTESIAN_POINT ( 'NONE',  ( -4.649999999999999467, -3.000000000000000000, -5.500000000000000000 ) ) ;
#8380 = LINE ( 'NONE', #4665, #4317 ) ;
#8381 = FILL_AREA_STYLE_COLOUR ( '', #848 ) ;
#8382 = CARTESIAN_POINT ( 'NONE',  ( 0.4499999999999864664, 8.400000000000000355, 6.799999999999999822 ) ) ;
#8383 = COLOUR_RGB ( '',0.2509803921568627416, 0.2509803921568627416, 0.2509803921568627416 ) ;
#8384 = LINE ( 'NONE', #1856, #6352 ) ;
#8385 =( GEOMETRIC_REPRESENTATION_CONTEXT ( 3 ) GLOBAL_UNCERTAINTY_ASSIGNED_CONTEXT ( ( #6284 ) ) GLOBAL_UNIT_ASSIGNED_CONTEXT ( ( #1021, #2887, #3074 ) ) REPRESENTATION_CONTEXT ( 'NONE', 'WORKASPACE' ) );
#8386 = CARTESIAN_POINT ( 'NONE',  ( 10.14797999999999867, 21.16464466094064889, 7.250000000000000000 ) ) ;
#8387 = PRESENTATION_STYLE_ASSIGNMENT (( #4545 ) ) ;
#8388 = DIRECTION ( 'NONE',  ( 2.409338161078775428E-16, 1.000000000000000000, 0.000000000000000000 ) ) ;
#8389 = ADVANCED_FACE ( 'NONE', ( #11113 ), #1644, .T. ) ;
#8390 = ORIENTED_EDGE ( 'NONE', *, *, #11450, .T. ) ;
#8391 = VERTEX_POINT ( 'NONE', #6401 ) ;
#8392 = DIRECTION ( 'NONE',  ( 0.000000000000000000, 1.000000000000000000, 0.000000000000000000 ) ) ;
#8393 = VECTOR ( 'NONE', #3533, 1000.000000000000000 ) ;
#8394 = CARTESIAN_POINT ( 'NONE',  ( 10.34999999999999964, 21.16219703812815212, 7.315633423314990225 ) ) ;
#8395 = PLANE ( 'NONE',  #7884 ) ;
#8396 = CARTESIAN_POINT ( 'NONE',  ( 2.000000000000000000, 1.899999999999999911, 5.500000000000000000 ) ) ;
#8397 = CARTESIAN_POINT ( 'NONE',  ( 10.14999999999999858, 21.16464466094074837, -0.1999999999998185174 ) ) ;
#8398 = VECTOR ( 'NONE', #7215, 1000.000000000000000 ) ;
#8399 = LINE ( 'NONE', #2687, #11555 ) ;
#8400 =( GEOMETRIC_REPRESENTATION_CONTEXT ( 3 ) GLOBAL_UNCERTAINTY_ASSIGNED_CONTEXT ( ( #6747 ) ) GLOBAL_UNIT_ASSIGNED_CONTEXT ( ( #9166, #10677, #9913 ) ) REPRESENTATION_CONTEXT ( 'NONE', 'WORKASPACE' ) );
#8401 = LINE ( 'NONE', #4500, #684 ) ;
#8402 = VERTEX_POINT ( 'NONE', #5452 ) ;
#8403 = AXIS2_PLACEMENT_3D ( 'NONE', #9444, #7635, #7573 ) ;
#8404 = ORIENTED_EDGE ( 'NONE', *, *, #1969, .T. ) ;
#8405 = EDGE_LOOP ( 'NONE', ( #1162, #590, #3574, #7554 ) ) ;
#8406 = VERTEX_POINT ( 'NONE', #1405 ) ;
#8407 = DIRECTION ( 'NONE',  ( -0.8660254037844387076, 0.4999999999999998890, 0.000000000000000000 ) ) ;
#8408 = UNCERTAINTY_MEASURE_WITH_UNIT (LENGTH_MEASURE( 1.000000000000000082E-05 ), #7129, 'distance_accuracy_value', 'NONE');
#8409 = VECTOR ( 'NONE', #10640, 1000.000000000000000 ) ;
#8410 = EDGE_CURVE ( 'NONE', #10687, #6442, #9232, .T. ) ;
#8411 = AXIS2_PLACEMENT_3D ( 'NONE', #11124, #2529, #1775 ) ;
#8412 = FILL_AREA_STYLE_COLOUR ( '', #11276 ) ;
#8413 = DIRECTION ( 'NONE',  ( 0.9063077870366498257, -0.4226182617406998854, 0.000000000000000000 ) ) ;
#8414 =( NAMED_UNIT ( * ) PLANE_ANGLE_UNIT ( ) SI_UNIT ( $, .RADIAN. ) );
#8415 = DIRECTION ( 'NONE',  ( 0.000000000000000000, 0.000000000000000000, 1.000000000000000000 ) ) ;
#8416 = ORIENTED_EDGE ( 'NONE', *, *, #10432, .T. ) ;
#8417 = EDGE_LOOP ( 'NONE', ( #6282, #7192, #8244, #12003 ) ) ;
#8418 = VECTOR ( 'NONE', #8911, 1000.000000000000000 ) ;
#8419 = VERTEX_POINT ( 'NONE', #703 ) ;
#8420 =( NAMED_UNIT ( * ) SI_UNIT ( $, .STERADIAN. ) SOLID_ANGLE_UNIT ( ) );
#8421 = FACE_OUTER_BOUND ( 'NONE', #11558, .T. ) ;
#8422 = ORIENTED_EDGE ( 'NONE', *, *, #301, .F. ) ;
#8423 = CARTESIAN_POINT ( 'NONE',  ( -3.000000000000000000, 1.649999999999999911, 4.899999999999999467 ) ) ;
#8424 = DIRECTION ( 'NONE',  ( 1.000000000000000000, 0.000000000000000000, 0.000000000000000000 ) ) ;
#8425 =( NAMED_UNIT ( * ) SI_UNIT ( $, .STERADIAN. ) SOLID_ANGLE_UNIT ( ) );
#8426 = EDGE_CURVE ( 'NONE', #10466, #10736, #10046, .T. ) ;
#8427 = CARTESIAN_POINT ( 'NONE',  ( -0.5610239286132310266, 12.87169557080111915, 6.799999999999999822 ) ) ;
#8428 = SURFACE_STYLE_FILL_AREA ( #10185 ) ;
#8429 = CARTESIAN_POINT ( 'NONE',  ( 2.366431913239629647, 3.200000000000000178, -3.900000000000090061 ) ) ;
#8430 = CARTESIAN_POINT ( 'NONE',  ( -0.7660316784771360465, -0.3572064380632170022, -1.199999999999999956 ) ) ;
#8431 = COLOUR_RGB ( '',0.2509803921568627416, 0.2509803921568627416, 0.2509803921568627416 ) ;
#8432 = PLANE ( 'NONE',  #6122 ) ;
#8433 = DIRECTION ( 'NONE',  ( -0.5773502691896315042, 0.5773502691896200689, 0.5773502691896258421 ) ) ;
#8434 = ORIENTED_EDGE ( 'NONE', *, *, #243, .T. ) ;
#8435 = AXIS2_PLACEMENT_3D ( 'NONE', #2778, #4651, #2839 ) ;
#8436 = VERTEX_POINT ( 'NONE', #8177 ) ;
#8437 =( NAMED_UNIT ( * ) SI_UNIT ( $, .STERADIAN. ) SOLID_ANGLE_UNIT ( ) );
#8438 = SURFACE_STYLE_FILL_AREA ( #858 ) ;
#8439 = FACE_OUTER_BOUND ( 'NONE', #10781, .T. ) ;
#8440 = EDGE_CURVE ( 'NONE', #4212, #8844, #3562, .T. ) ;
#8441 = CARTESIAN_POINT ( 'NONE',  ( -0.3499999999999999778, 0.5500000000000000444, -9.500000000000000000 ) ) ;
#8442 =( LENGTH_UNIT ( ) NAMED_UNIT ( * ) SI_UNIT ( .MILLI., .METRE. ) );
#8443 =( NAMED_UNIT ( * ) SI_UNIT ( $, .STERADIAN. ) SOLID_ANGLE_UNIT ( ) );
#8444 = DIRECTION ( 'NONE',  ( 7.870573118402810728E-29, -7.930164461608261228E-15, 1.000000000000000000 ) ) ;
#8445 = STYLED_ITEM ( 'NONE', ( #8784 ), #10478 ) ;
#8446 = DIRECTION ( 'NONE',  ( 1.000000000000000000, 0.000000000000000000, 0.000000000000000000 ) ) ;
#8447 = AXIS2_PLACEMENT_3D ( 'NONE', #4033, #3034, #2855 ) ;
#8448 = ORIENTED_EDGE ( 'NONE', *, *, #11003, .T. ) ;
#8449 = DIRECTION ( 'NONE',  ( 0.000000000000000000, -1.000000000000000000, -7.589415207398510528E-15 ) ) ;
#8450 = EDGE_LOOP ( 'NONE', ( #6574, #609, #2773, #10844 ) ) ;
#8451 = DIRECTION ( 'NONE',  ( 0.000000000000000000, 1.000000000000000000, 7.589415207398510528E-15 ) ) ;
#8452 = AXIS2_PLACEMENT_3D ( 'NONE', #6854, #7740, #328 ) ;
#8453 = DIRECTION ( 'NONE',  ( 1.000000000000000000, 2.409338161078900167E-16, 0.000000000000000000 ) ) ;
#8454 = EDGE_CURVE ( 'NONE', #6549, #209, #11946, .T. ) ;
#8455 = CARTESIAN_POINT ( 'NONE',  ( -3.500000000000000000, 2.000000000000000000, 7.500000000000000000 ) ) ;
#8456 = DIRECTION ( 'NONE',  ( 1.000000000000000000, 0.000000000000000000, 0.000000000000000000 ) ) ;
#8457 = ADVANCED_FACE ( 'NONE', ( #1464 ), #6343, .T. ) ;
#8458 = MECHANICAL_DESIGN_GEOMETRIC_PRESENTATION_REPRESENTATION (  '', ( #8265 ), #4638 ) ;
#8459 = CARTESIAN_POINT ( 'NONE',  ( 6.251007244774290150, 15.61114145480044968, 5.700000000000000178 ) ) ;
#8460 = LINE ( 'NONE', #8646, #8349 ) ;
#8461 = DIRECTION ( 'NONE',  ( -0.4999999999999827915, 0.8660254037844485886, 0.000000000000000000 ) ) ;
#8462 = CIRCLE ( 'NONE', #1066, 1.749999999999999778 ) ;
#8463 = PLANE ( 'NONE',  #6488 ) ;
#8464 = VERTEX_POINT ( 'NONE', #7419 ) ;
#8465 = STYLED_ITEM ( 'NONE', ( #6776 ), #7770 ) ;
#8466 = ORIENTED_EDGE ( 'NONE', *, *, #2371, .F. ) ;
#8467 = ORIENTED_EDGE ( 'NONE', *, *, #10194, .F. ) ;
#8468 = EDGE_LOOP ( 'NONE', ( #3951, #2392, #10224, #3058 ) ) ;
#8469 = FILL_AREA_STYLE ('',( #1941 ) ) ;
#8470 = ORIENTED_EDGE ( 'NONE', *, *, #4644, .F. ) ;
#8471 = EDGE_CURVE ( 'NONE', #1937, #10717, #4272, .T. ) ;
#8472 = CARTESIAN_POINT ( 'NONE',  ( 2.850000000000000089, 0.5500000000000000444, -8.000000000000000000 ) ) ;
#8473 = COLOUR_RGB ( '',0.2509803921568627416, 0.2509803921568627416, 0.2509803921568627416 ) ;
#8474 = CARTESIAN_POINT ( 'NONE',  ( 2.755890891981089956E-14, 6.500000000000000000, -1.199999999999999956 ) ) ;
#8475 = VERTEX_POINT ( 'NONE', #10164 ) ;
#8476 = ORIENTED_EDGE ( 'NONE', *, *, #10536, .T. ) ;
#8477 = EDGE_CURVE ( 'NONE', #7118, #5364, #10109, .T. ) ;
#8478 = EDGE_LOOP ( 'NONE', ( #11662, #4311, #6044, #3966 ) ) ;
#8479 = DIRECTION ( 'NONE',  ( 0.000000000000000000, 0.000000000000000000, 1.000000000000000000 ) ) ;
#8480 = PRESENTATION_LAYER_ASSIGNMENT (  '', '', ( #11902 ) ) ;
#8481 = LINE ( 'NONE', #2772, #8866 ) ;
#8482 = ORIENTED_EDGE ( 'NONE', *, *, #4228, .F. ) ;
#8483 =( NAMED_UNIT ( * ) PLANE_ANGLE_UNIT ( ) SI_UNIT ( $, .RADIAN. ) );
#8484 =( LENGTH_UNIT ( ) NAMED_UNIT ( * ) SI_UNIT ( .MILLI., .METRE. ) );
#8485 = FACE_OUTER_BOUND ( 'NONE', #670, .T. ) ;
#8486 = CARTESIAN_POINT ( 'NONE',  ( -3.254858606419989808, 7.075688402361460128, -1.199999999999999956 ) ) ;
#8487 = PLANE ( 'NONE',  #1943 ) ;
#8488 = CARTESIAN_POINT ( 'NONE',  ( -10.11464466094063930, 21.19999999999999929, 5.750000000000110134 ) ) ;
#8489 = UNCERTAINTY_MEASURE_WITH_UNIT (LENGTH_MEASURE( 1.000000000000000082E-05 ), #6702, 'distance_accuracy_value', 'NONE');
#8490 = MECHANICAL_DESIGN_GEOMETRIC_PRESENTATION_REPRESENTATION (  '', ( #8106 ), #9103 ) ;
#8491 = COLOUR_RGB ( '',0.2509803921568627416, 0.2509803921568627416, 0.2509803921568627416 ) ;
#8492 = DIRECTION ( 'NONE',  ( -1.613993070193039797E-16, -0.7071067811865531239, -0.7071067811865420216 ) ) ;
#8493 =( LENGTH_UNIT ( ) NAMED_UNIT ( * ) SI_UNIT ( .MILLI., .METRE. ) );
#8494 = EDGE_CURVE ( 'NONE', #8270, #2146, #490, .T. ) ;
#8495 = VERTEX_POINT ( 'NONE', #12370 ) ;
#8496 = VECTOR ( 'NONE', #3258, 1000.000000000000000 ) ;
#8497 = CIRCLE ( 'NONE', #8910, 0.8999999999999889200 ) ;
#8498 = VERTEX_POINT ( 'NONE', #5763 ) ;
#8499 = PLANE ( 'NONE',  #8403 ) ;
#8500 = ADVANCED_FACE ( 'NONE', ( #9548 ), #10279, .T. ) ;
#8501 =( NAMED_UNIT ( * ) SI_UNIT ( $, .STERADIAN. ) SOLID_ANGLE_UNIT ( ) );
#8502 = CARTESIAN_POINT ( 'NONE',  ( -2.149999999999999911, 0.5500000000000000444, -4.500000000000000000 ) ) ;
#8503 = FACE_OUTER_BOUND ( 'NONE', #5407, .T. ) ;
#8504 = CARTESIAN_POINT ( 'NONE',  ( 10.34999999999999964, 21.16464466094064889, 7.299999999999999822 ) ) ;
#8505 =( GEOMETRIC_REPRESENTATION_CONTEXT ( 3 ) GLOBAL_UNCERTAINTY_ASSIGNED_CONTEXT ( ( #9987 ) ) GLOBAL_UNIT_ASSIGNED_CONTEXT ( ( #1918, #4610, #8506 ) ) REPRESENTATION_CONTEXT ( 'NONE', 'WORKASPACE' ) );
#8506 =( NAMED_UNIT ( * ) SI_UNIT ( $, .STERADIAN. ) SOLID_ANGLE_UNIT ( ) );
#8507 = DIRECTION ( 'NONE',  ( 1.000000000000000000, 0.000000000000000000, 0.000000000000000000 ) ) ;
#8508 = VERTEX_POINT ( 'NONE', #9 ) ;
#8509 = ADVANCED_FACE ( 'NONE', ( #1701 ), #2820, .F. ) ;
#8510 = VECTOR ( 'NONE', #8461, 1000.000000000000114 ) ;
#8511 = CARTESIAN_POINT ( 'NONE',  ( 1.587836625789089906, 10.39672597473573923, -1.199999999999999956 ) ) ;
#8512 = ORIENTED_EDGE ( 'NONE', *, *, #4491, .F. ) ;
#8513 = AXIS2_PLACEMENT_3D ( 'NONE', #10825, #425, #11840 ) ;
#8514 = CARTESIAN_POINT ( 'NONE',  ( -10.34999999999999964, 21.16464466094069863, 5.700000000000000178 ) ) ;
#8515 = FACE_OUTER_BOUND ( 'NONE', #4688, .T. ) ;
#8516 = DIRECTION ( 'NONE',  ( 9.925400323074660971E-15, -1.000000000000000000, 0.000000000000000000 ) ) ;
#8517 = CARTESIAN_POINT ( 'NONE',  ( -1.300000000000000044, 14.25499782797525938, -3.200000000000084999 ) ) ;
#8518 =( GEOMETRIC_REPRESENTATION_CONTEXT ( 3 ) GLOBAL_UNCERTAINTY_ASSIGNED_CONTEXT ( ( #10024 ) ) GLOBAL_UNIT_ASSIGNED_CONTEXT ( ( #9162, #8280, #10849 ) ) REPRESENTATION_CONTEXT ( 'NONE', 'WORKASPACE' ) );
#8519 = SURFACE_STYLE_FILL_AREA ( #5562 ) ;
#8520 = MECHANICAL_DESIGN_GEOMETRIC_PRESENTATION_REPRESENTATION (  '', ( #4701 ), #2503 ) ;
#8521 = CARTESIAN_POINT ( 'NONE',  ( -5.899999999999999467, 10.00000000000000000, -3.200000000000084999 ) ) ;
#8522 = LINE ( 'NONE', #5873, #8915 ) ;
#8523 = AXIS2_PLACEMENT_3D ( 'NONE', #10617, #2031, #6997 ) ;
#8524 = CARTESIAN_POINT ( 'NONE',  ( 7.849999999999999645, 3.200000000000000178, -4.500000000000000000 ) ) ;
#8525 = EDGE_LOOP ( 'NONE', ( #4811, #11272, #8620, #6679 ) ) ;
#8526 = MECHANICAL_DESIGN_GEOMETRIC_PRESENTATION_REPRESENTATION (  '', ( #319 ), #8108 ) ;
#8527 = EDGE_CURVE ( 'NONE', #7035, #11020, #9411, .T. ) ;
#8528 = EDGE_CURVE ( 'NONE', #7676, #5364, #4812, .T. ) ;
#8529 = VERTEX_POINT ( 'NONE', #11292 ) ;
#8530 = ORIENTED_EDGE ( 'NONE', *, *, #2524, .T. ) ;
#8531 =( GEOMETRIC_REPRESENTATION_CONTEXT ( 3 ) GLOBAL_UNCERTAINTY_ASSIGNED_CONTEXT ( ( #4251 ) ) GLOBAL_UNIT_ASSIGNED_CONTEXT ( ( #1993, #4175, #8209 ) ) REPRESENTATION_CONTEXT ( 'NONE', 'WORKASPACE' ) );
#8532 = PRESENTATION_LAYER_ASSIGNMENT (  '', '', ( #7145 ) ) ;
#8533 = ORIENTED_EDGE ( 'NONE', *, *, #5809, .F. ) ;
#8534 =( NAMED_UNIT ( * ) SI_UNIT ( $, .STERADIAN. ) SOLID_ANGLE_UNIT ( ) );
#8535 = LINE ( 'NONE', #1879, #6265 ) ;
#8536 =( LENGTH_UNIT ( ) NAMED_UNIT ( * ) SI_UNIT ( .MILLI., .METRE. ) );
#8537 = DIRECTION ( 'NONE',  ( 0.000000000000000000, -1.000000000000000000, -3.835990623682899812E-15 ) ) ;
#8538 = CARTESIAN_POINT ( 'NONE',  ( 10.14999999999999858, 21.10000000000000142, 7.200000000000000178 ) ) ;
#8539 = CARTESIAN_POINT ( 'NONE',  ( 3.000000000000000000, -2.401009032218154537, 4.899999999999999467 ) ) ;
#8540 = ORIENTED_EDGE ( 'NONE', *, *, #3289, .T. ) ;
#8541 = ADVANCED_FACE ( 'NONE', ( #951 ), #5696, .F. ) ;
#8542 = ORIENTED_EDGE ( 'NONE', *, *, #7688, .T. ) ;
#8543 = VERTEX_POINT ( 'NONE', #4570 ) ;
#8544 = VERTEX_POINT ( 'NONE', #6580 ) ;
#8545 = COLOUR_RGB ( '',0.2509803921568627416, 0.2509803921568627416, 0.2509803921568627416 ) ;
#8546 = CARTESIAN_POINT ( 'NONE',  ( -10.09999999999999964, 8.900000000000000355, 7.250000000000000000 ) ) ;
#8547 = VERTEX_POINT ( 'NONE', #1877 ) ;
#8548 = CARTESIAN_POINT ( 'NONE',  ( 10.05000000000000071, -1.224646799147346027E-17, 7.500000000000000000 ) ) ;
#8549 = DIRECTION ( 'NONE',  ( 0.000000000000000000, 0.000000000000000000, -1.000000000000000000 ) ) ;
#8550 = CARTESIAN_POINT ( 'NONE',  ( 3.000000000000000000, 1.649999999999999911, 5.150000000000000355 ) ) ;
#8551 = FILL_AREA_STYLE_COLOUR ( '', #605 ) ;
#8552 = LINE ( 'NONE', #6602, #12250 ) ;
#8553 = SURFACE_SIDE_STYLE ('',( #4715 ) ) ;
#8554 = FACE_OUTER_BOUND ( 'NONE', #10945, .T. ) ;
#8555 =( GEOMETRIC_REPRESENTATION_CONTEXT ( 3 ) GLOBAL_UNCERTAINTY_ASSIGNED_CONTEXT ( ( #6155 ) ) GLOBAL_UNIT_ASSIGNED_CONTEXT ( ( #11089, #2606, #6320 ) ) REPRESENTATION_CONTEXT ( 'NONE', 'WORKASPACE' ) );
#8556 = CARTESIAN_POINT ( 'NONE',  ( 2.850000000000000089, 3.200000000000000178, -4.500000000000000000 ) ) ;
#8557 = DIRECTION ( 'NONE',  ( 9.925400323074660971E-15, -1.000000000000000000, -7.589415207398510528E-15 ) ) ;
#8558 = ORIENTED_EDGE ( 'NONE', *, *, #7809, .F. ) ;
#8559 = VECTOR ( 'NONE', #471, 1000.000000000000000 ) ;
#8560 = EDGE_LOOP ( 'NONE', ( #2452, #4992, #4406, #10998 ) ) ;
#8561 = PRESENTATION_LAYER_ASSIGNMENT (  '', '', ( #565 ) ) ;
#8562 = CARTESIAN_POINT ( 'NONE',  ( 5.031806216528360132, 8.790776580121079320, -1.199999999999999956 ) ) ;
#8563 = DIRECTION ( 'NONE',  ( -1.000000000000000000, 0.000000000000000000, 0.000000000000000000 ) ) ;
#8564 = AXIS2_PLACEMENT_3D ( 'NONE', #5574, #9413, #829 ) ;
#8565 = LINE ( 'NONE', #48, #9670 ) ;
#8566 = SURFACE_STYLE_FILL_AREA ( #11265 ) ;
#8567 = EDGE_CURVE ( 'NONE', #11965, #9365, #7607, .T. ) ;
#8568 = CARTESIAN_POINT ( 'NONE',  ( 10.14999999999999858, 8.599999999999999645, -4.599999999999999645 ) ) ;
#8569 = CIRCLE ( 'NONE', #10374, 7.100000000000000533 ) ;
#8570 = ORIENTED_EDGE ( 'NONE', *, *, #6085, .F. ) ;
#8571 = SURFACE_STYLE_FILL_AREA ( #2801 ) ;
#8572 = VERTEX_POINT ( 'NONE', #1015 ) ;
#8573 =( NAMED_UNIT ( * ) PLANE_ANGLE_UNIT ( ) SI_UNIT ( $, .RADIAN. ) );
#8574 = AXIS2_PLACEMENT_3D ( 'NONE', #8169, #2567, #6457 ) ;
#8575 =( LENGTH_UNIT ( ) NAMED_UNIT ( * ) SI_UNIT ( .MILLI., .METRE. ) );
#8576 = DIRECTION ( 'NONE',  ( 2.168404344971010101E-16, -1.000000000000000000, 0.000000000000000000 ) ) ;
#8577 = CARTESIAN_POINT ( 'NONE',  ( -10.14999999999999858, 8.900000000000000355, 7.250000000000000000 ) ) ;
#8578 = ADVANCED_FACE ( 'NONE', ( #10532 ), #3686, .T. ) ;
#8579 = PRESENTATION_STYLE_ASSIGNMENT (( #9539 ) ) ;
#8580 = PLANE ( 'NONE',  #2101 ) ;
#8581 = CARTESIAN_POINT ( 'NONE',  ( 1.689859732951970006, 2.926922915137600167, 6.799999999999999822 ) ) ;
#8582 = UNCERTAINTY_MEASURE_WITH_UNIT (LENGTH_MEASURE( 1.000000000000000082E-05 ), #6995, 'distance_accuracy_value', 'NONE');
#8583 = EDGE_LOOP ( 'NONE', ( #10290, #635, #11957, #8993 ) ) ;
#8584 = STYLED_ITEM ( 'NONE', ( #5174 ), #12406 ) ;
#8585 = ORIENTED_EDGE ( 'NONE', *, *, #6755, .T. ) ;
#8586 = ORIENTED_EDGE ( 'NONE', *, *, #9786, .F. ) ;
#8587 = ORIENTED_EDGE ( 'NONE', *, *, #3526, .F. ) ;
#8588 = CARTESIAN_POINT ( 'NONE',  ( 4.336808689942014778E-16, 1.949999999999999956, 7.250000000000000000 ) ) ;
#8589 = VECTOR ( 'NONE', #3024, 1000.000000000000114 ) ;
#8590 = FILL_AREA_STYLE_COLOUR ( '', #8473 ) ;
#8591 = CARTESIAN_POINT ( 'NONE',  ( 10.11464466094068015, 21.14999999999999858, 7.299999999999999822 ) ) ;
#8592 = DIRECTION ( 'NONE',  ( 0.000000000000000000, 0.000000000000000000, 1.000000000000000000 ) ) ;
#8593 = ADVANCED_FACE ( 'NONE', ( #2758 ), #10406, .T. ) ;
#8594 = EDGE_CURVE ( 'NONE', #8229, #7845, #4939, .T. ) ;
#8595 = VECTOR ( 'NONE', #11313, 1000.000000000000000 ) ;
#8596 = DIRECTION ( 'NONE',  ( 1.298436238251450266E-29, -1.000000000000000000, -2.414357261555910084E-44 ) ) ;
#8597 = COLOUR_RGB ( '',0.2509803921568627416, 0.2509803921568627416, 0.2509803921568627416 ) ;
#8598 = CARTESIAN_POINT ( 'NONE',  ( 5.349999999999999645, -3.000000000000000000, -5.000000000000000000 ) ) ;
#8599 = LINE ( 'NONE', #8539, #8879 ) ;
#8600 = VERTEX_POINT ( 'NONE', #8909 ) ;
#8601 = EDGE_LOOP ( 'NONE', ( #6522, #7337, #9924, #3510 ) ) ;
#8602 = VERTEX_POINT ( 'NONE', #4188 ) ;
#8603 = EDGE_LOOP ( 'NONE', ( #9923, #4579, #1373, #5790 ) ) ;
#8604 = CARTESIAN_POINT ( 'NONE',  ( -9.925400323074739226E-14, 10.00000000000000000, -4.599999999999999645 ) ) ;
#8605 = STYLED_ITEM ( 'NONE', ( #12168 ), #6798 ) ;
#8606 = LINE ( 'NONE', #6480, #4113 ) ;
#8607 = PRESENTATION_LAYER_ASSIGNMENT (  '', '', ( #5204 ) ) ;
#8608 = EDGE_LOOP ( 'NONE', ( #1157, #2064, #5060, #6710 ) ) ;
#8609 = CARTESIAN_POINT ( 'NONE',  ( 3.000000000000000000, 1.949999999999999956, 7.250000000000000000 ) ) ;
#8610 = DIRECTION ( 'NONE',  ( 0.4999999999999998890, 0.8660254037844387076, 0.000000000000000000 ) ) ;
#8611 = ADVANCED_FACE ( 'NONE', ( #4062 ), #7846, .T. ) ;
#8612 = DIRECTION ( 'NONE',  ( 0.000000000000000000, 0.000000000000000000, -1.000000000000000000 ) ) ;
#8613 = PRESENTATION_LAYER_ASSIGNMENT (  '', '', ( #1606 ) ) ;
#8614 = EDGE_CURVE ( 'NONE', #3444, #10489, #12060, .T. ) ;
#8615 = LINE ( 'NONE', #8680, #11567 ) ;
#8616 = SURFACE_STYLE_USAGE ( .BOTH. , #3896 ) ;
#8617 = FILL_AREA_STYLE ('',( #3897 ) ) ;
#8618 = SURFACE_SIDE_STYLE ('',( #8684 ) ) ;
#8619 = EDGE_LOOP ( 'NONE', ( #8786, #9443, #5226, #2321, #2948, #6506 ) ) ;
#8620 = ORIENTED_EDGE ( 'NONE', *, *, #10738, .T. ) ;
#8621 = SURFACE_STYLE_FILL_AREA ( #158 ) ;
#8622 = AXIS2_PLACEMENT_3D ( 'NONE', #11661, #9663, #1079 ) ;
#8623 = FACE_OUTER_BOUND ( 'NONE', #6007, .T. ) ;
#8624 = FILL_AREA_STYLE ('',( #4785 ) ) ;
#8625 = COLOUR_RGB ( '',0.2509803921568627416, 0.2509803921568627416, 0.2509803921568627416 ) ;
#8626 = DIRECTION ( 'NONE',  ( -1.000000000000000000, 0.000000000000000000, 0.000000000000000000 ) ) ;
#8627 = EDGE_CURVE ( 'NONE', #12369, #2895, #3064, .T. ) ;
#8628 = DIRECTION ( 'NONE',  ( -1.000000000000000000, -4.962700161537330485E-15, 0.000000000000000000 ) ) ;
#8629 = SURFACE_SIDE_STYLE ('',( #11461 ) ) ;
#8630 = PRESENTATION_STYLE_ASSIGNMENT (( #5878 ) ) ;
#8631 = UNCERTAINTY_MEASURE_WITH_UNIT (LENGTH_MEASURE( 1.000000000000000082E-05 ), #119, 'distance_accuracy_value', 'NONE');
#8632 =( NAMED_UNIT ( * ) PLANE_ANGLE_UNIT ( ) SI_UNIT ( $, .RADIAN. ) );
#8633 = FILL_AREA_STYLE ('',( #9586 ) ) ;
#8634 = ORIENTED_EDGE ( 'NONE', *, *, #10892, .T. ) ;
#8635 = VECTOR ( 'NONE', #7329, 1000.000000000000114 ) ;
#8636 = VECTOR ( 'NONE', #8943, 1000.000000000000000 ) ;
#8637 =( NAMED_UNIT ( * ) SI_UNIT ( $, .STERADIAN. ) SOLID_ANGLE_UNIT ( ) );
#8638 = EDGE_CURVE ( 'NONE', #5, #4659, #6897, .T. ) ;
#8639 = VERTEX_POINT ( 'NONE', #2132 ) ;
#8640 = PLANE ( 'NONE',  #2717 ) ;
#8641 = PLANE ( 'NONE',  #9841 ) ;
#8642 = DIRECTION ( 'NONE',  ( 9.925400323074660971E-15, -1.000000000000000000, 0.000000000000000000 ) ) ;
#8643 = VECTOR ( 'NONE', #11440, 1000.000000000000000 ) ;
#8644 = AXIS2_PLACEMENT_3D ( 'NONE', #12044, #686, #4435 ) ;
#8645 = STYLED_ITEM ( 'NONE', ( #7816 ), #2519 ) ;
#8646 = CARTESIAN_POINT ( 'NONE',  ( -2.603424410659469945, 9.923149613122019375, -1.199999999999999956 ) ) ;
#8647 = FACE_OUTER_BOUND ( 'NONE', #2738, .T. ) ;
#8648 = ORIENTED_EDGE ( 'NONE', *, *, #6448, .F. ) ;
#8649 = EDGE_LOOP ( 'NONE', ( #519, #6533, #3134, #8390, #12029, #7310, #3802, #2934, #3201 ) ) ;
#8650 = VERTEX_POINT ( 'NONE', #11800 ) ;
#8651 = CIRCLE ( 'NONE', #4444, 8.400000000000000355 ) ;
#8652 = ADVANCED_FACE ( 'NONE', ( #5949 ), #4993, .F. ) ;
#8653 = PRESENTATION_LAYER_ASSIGNMENT (  '', '', ( #9059 ) ) ;
#8654 = VERTEX_POINT ( 'NONE', #6014 ) ;
#8655 = DIRECTION ( 'NONE',  ( 5.782411586589360400E-15, -1.000000000000000000, 0.000000000000000000 ) ) ;
#8656 = SURFACE_STYLE_USAGE ( .BOTH. , #1016 ) ;
#8657 = DIRECTION ( 'NONE',  ( 0.000000000000000000, -1.000000000000000000, -1.398970545142586048E-16 ) ) ;
#8658 = EDGE_CURVE ( 'NONE', #9681, #3249, #9849, .T. ) ;
#8659 = SURFACE_STYLE_FILL_AREA ( #9485 ) ;
#8660 = VECTOR ( 'NONE', #3067, 1000.000000000000000 ) ;
#8661 = CARTESIAN_POINT ( 'NONE',  ( 3.815147174717020029, 6.105240135171019489, -1.199999999999999956 ) ) ;
#8662 = PRESENTATION_LAYER_ASSIGNMENT (  '', '', ( #1460 ) ) ;
#8663 = DIRECTION ( 'NONE',  ( 1.509360965741520140E-14, -1.000000000000000000, 0.000000000000000000 ) ) ;
#8664 = DIRECTION ( 'NONE',  ( 0.000000000000000000, 7.589415207398510528E-15, -1.000000000000000000 ) ) ;
#8665 = ORIENTED_EDGE ( 'NONE', *, *, #10555, .T. ) ;
#8666 = ORIENTED_EDGE ( 'NONE', *, *, #11448, .T. ) ;
#8667 = VERTEX_POINT ( 'NONE', #6141 ) ;
#8668 = EDGE_CURVE ( 'NONE', #7921, #10250, #3427, .T. ) ;
#8669 = VERTEX_POINT ( 'NONE', #8158 ) ;
#8670 = DIRECTION ( 'NONE',  ( 7.379264459120340088E-29, -7.434529182757739281E-15, 1.000000000000000000 ) ) ;
#8671 = PRESENTATION_LAYER_ASSIGNMENT (  '', '', ( #9884 ) ) ;
#8672 = VECTOR ( 'NONE', #1226, 1000.000000000000000 ) ;
#8673 = DIRECTION ( 'NONE',  ( 1.000000000000000000, 0.000000000000000000, 0.000000000000000000 ) ) ;
#8674 = ORIENTED_EDGE ( 'NONE', *, *, #5506, .F. ) ;
#8675 = VECTOR ( 'NONE', #10, 1000.000000000000000 ) ;
#8676 = DIRECTION ( 'NONE',  ( 0.000000000000000000, 0.000000000000000000, -1.000000000000000000 ) ) ;
#8677 = DIRECTION ( 'NONE',  ( -0.3420201433256691015, -0.9396926207859082059, 2.590942143123521280E-31 ) ) ;
#8678 = CARTESIAN_POINT ( 'NONE',  ( 0.3499999999999999778, -3.000000000000000000, -10.50000000000000000 ) ) ;
#8679 = SURFACE_SIDE_STYLE ('',( #975 ) ) ;
#8680 = CARTESIAN_POINT ( 'NONE',  ( -1.915147174717005019, 9.396136669551880871, -1.199999999999999956 ) ) ;
#8681 = FILL_AREA_STYLE_COLOUR ( '', #8985 ) ;
#8682 = VECTOR ( 'NONE', #4423, 1000.000000000000000 ) ;
#8683 = DIRECTION ( 'NONE',  ( 1.000000000000000000, 0.000000000000000000, 0.000000000000000000 ) ) ;
#8684 = SURFACE_STYLE_FILL_AREA ( #7690 ) ;
#8685 = ADVANCED_FACE ( 'NONE', ( #11862 ), #623, .F. ) ;
#8686 = EDGE_CURVE ( 'NONE', #3184, #3399, #10911, .T. ) ;
#8687 = ORIENTED_EDGE ( 'NONE', *, *, #152, .T. ) ;
#8688 = VERTEX_POINT ( 'NONE', #10146 ) ;
#8689 = SURFACE_SIDE_STYLE ('',( #10688 ) ) ;
#8690 = DIRECTION ( 'NONE',  ( 0.000000000000000000, 0.000000000000000000, 1.000000000000000000 ) ) ;
#8691 = DIRECTION ( 'NONE',  ( 1.000000000000000000, 0.000000000000000000, 0.000000000000000000 ) ) ;
#8692 = FILL_AREA_STYLE ('',( #2041 ) ) ;
#8693 = AXIS2_PLACEMENT_3D ( 'NONE', #6160, #9177, #3447 ) ;
#8694 = AXIS2_PLACEMENT_3D ( 'NONE', #757, #7600, #1751 ) ;
#8695 = DIRECTION ( 'NONE',  ( 7.532798415146101022E-29, -7.589415207398510528E-15, 1.000000000000000000 ) ) ;
#8696 = FILL_AREA_STYLE ('',( #987 ) ) ;
#8697 = CARTESIAN_POINT ( 'NONE',  ( -4.646130973617689897, 9.963660026517349166, -1.199999999999999956 ) ) ;
#8698 = AXIS2_PLACEMENT_3D ( 'NONE', #5343, #2465, #6296 ) ;
#8699 =( NAMED_UNIT ( * ) PLANE_ANGLE_UNIT ( ) SI_UNIT ( $, .RADIAN. ) );
#8700 =( NAMED_UNIT ( * ) PLANE_ANGLE_UNIT ( ) SI_UNIT ( $, .RADIAN. ) );
#8701 = LINE ( 'NONE', #3603, #4772 ) ;
#8702 = VERTEX_POINT ( 'NONE', #9098 ) ;
#8703 = ADVANCED_FACE ( 'NONE', ( #9969 ), #8037, .T. ) ;
#8704 = PRESENTATION_STYLE_ASSIGNMENT (( #4858 ) ) ;
#8705 = ORIENTED_EDGE ( 'NONE', *, *, #5419, .F. ) ;
#8706 = FACE_OUTER_BOUND ( 'NONE', #1124, .T. ) ;
#8707 = LINE ( 'NONE', #3046, #3707 ) ;
#8708 = SURFACE_STYLE_FILL_AREA ( #5746 ) ;
#8709 = CARTESIAN_POINT ( 'NONE',  ( -2.475435743013954859, 7.525688402361390139, -1.199999999999999956 ) ) ;
#8710 = FILL_AREA_STYLE_COLOUR ( '', #11211 ) ;
#8711 = AXIS2_PLACEMENT_3D ( 'NONE', #381, #10850, #11867 ) ;
#8712 = LINE ( 'NONE', #10710, #956 ) ;
#8713 = SURFACE_STYLE_USAGE ( .BOTH. , #4803 ) ;
#8714 = COLOUR_RGB ( '',0.2509803921568627416, 0.2509803921568627416, 0.2509803921568627416 ) ;
#8715 = FILL_AREA_STYLE ('',( #10779 ) ) ;
#8716 = VERTEX_POINT ( 'NONE', #4373 ) ;
#8717 = ORIENTED_EDGE ( 'NONE', *, *, #3240, .T. ) ;
#8718 = SURFACE_STYLE_FILL_AREA ( #9605 ) ;
#8719 = EDGE_LOOP ( 'NONE', ( #5289, #1025, #9558, #8666 ) ) ;
#8720 =( GEOMETRIC_REPRESENTATION_CONTEXT ( 3 ) GLOBAL_UNCERTAINTY_ASSIGNED_CONTEXT ( ( #7997 ) ) GLOBAL_UNIT_ASSIGNED_CONTEXT ( ( #8754, #416, #9705 ) ) REPRESENTATION_CONTEXT ( 'NONE', 'WORKASPACE' ) );
#8721 = ORIENTED_EDGE ( 'NONE', *, *, #112, .F. ) ;
#8722 = STYLED_ITEM ( 'NONE', ( #6886 ), #2175 ) ;
#8723 = SURFACE_SIDE_STYLE ('',( #5884 ) ) ;
#8724 = PRESENTATION_LAYER_ASSIGNMENT (  '', '', ( #6323 ) ) ;
#8725 = LINE ( 'NONE', #131, #701 ) ;
#8726 = CARTESIAN_POINT ( 'NONE',  ( -2.850000000000000089, -3.000000000000000000, -8.000000000000000000 ) ) ;
#8727 = CARTESIAN_POINT ( 'NONE',  ( -5.899999999999999467, 10.00000000000000000, 24.08550494769779959 ) ) ;
#8728 = PRESENTATION_LAYER_ASSIGNMENT (  '', '', ( #9930 ) ) ;
#8729 = DIRECTION ( 'NONE',  ( 0.7071067811865444641, 5.796643634766315334E-15, -0.7071067811865505703 ) ) ;
#8730 = EDGE_CURVE ( 'NONE', #1247, #441, #4255, .T. ) ;
#8731 = DIRECTION ( 'NONE',  ( -0.9063077870366489375, 0.4226182617407014397, 0.000000000000000000 ) ) ;
#8732 = CIRCLE ( 'NONE', #4710, 5.899999999999999467 ) ;
#8733 = CARTESIAN_POINT ( 'NONE',  ( 7.200000000000000178, 10.00000000000000000, -17.80452084174450178 ) ) ;
#8734 = VERTEX_POINT ( 'NONE', #9158 ) ;
#8735 = PRESENTATION_LAYER_ASSIGNMENT (  '', '', ( #2120 ) ) ;
#8736 = ORIENTED_EDGE ( 'NONE', *, *, #4376, .T. ) ;
#8737 = ORIENTED_EDGE ( 'NONE', *, *, #8226, .F. ) ;
#8738 = ORIENTED_EDGE ( 'NONE', *, *, #5091, .F. ) ;
#8739 = CARTESIAN_POINT ( 'NONE',  ( -10.14999999999999858, -1.007428132792079774E-13, 7.200000000000000178 ) ) ;
#8740 = DIRECTION ( 'NONE',  ( 0.000000000000000000, -1.000000000000000000, 0.000000000000000000 ) ) ;
#8741 = EDGE_LOOP ( 'NONE', ( #1113, #9213, #7604, #6040 ) ) ;
#8742 = FILL_AREA_STYLE_COLOUR ( '', #2255 ) ;
#8743 = DIRECTION ( 'NONE',  ( 0.000000000000000000, 0.000000000000000000, 1.000000000000000000 ) ) ;
#8744 = DIRECTION ( 'NONE',  ( 1.000000000000000000, 0.000000000000000000, 0.000000000000000000 ) ) ;
#8745 = CARTESIAN_POINT ( 'NONE',  ( -7.150000000000000355, 0.5500000000000000444, -8.000000000000000000 ) ) ;
#8746 = EDGE_CURVE ( 'NONE', #12367, #10736, #9038, .T. ) ;
#8747 = CARTESIAN_POINT ( 'NONE',  ( 2.755890891981089956E-14, 6.500000000000000000, 6.799999999999999822 ) ) ;
#8748 = DIRECTION ( 'NONE',  ( -1.298436238251450266E-29, 1.000000000000000000, 2.414357261555910084E-44 ) ) ;
#8749 = DIRECTION ( 'NONE',  ( 0.000000000000000000, 0.000000000000000000, 1.000000000000000000 ) ) ;
#8750 = VECTOR ( 'NONE', #10427, 1000.000000000000000 ) ;
#8751 = ORIENTED_EDGE ( 'NONE', *, *, #3433, .T. ) ;
#8752 = ORIENTED_EDGE ( 'NONE', *, *, #8090, .F. ) ;
#8753 =( NAMED_UNIT ( * ) SI_UNIT ( $, .STERADIAN. ) SOLID_ANGLE_UNIT ( ) );
#8754 =( LENGTH_UNIT ( ) NAMED_UNIT ( * ) SI_UNIT ( .MILLI., .METRE. ) );
#8755 = CARTESIAN_POINT ( 'NONE',  ( 3.000000000000000000, 1.649999999999999911, 5.150000000000000355 ) ) ;
#8756 = CARTESIAN_POINT ( 'NONE',  ( -4.857225732735069962E-14, 8.400000000000000355, -1.199999999999999956 ) ) ;
#8757 = LINE ( 'NONE', #6684, #11457 ) ;
#8758 = AXIS2_PLACEMENT_3D ( 'NONE', #11724, #9723, #2192 ) ;
#8759 =( NAMED_UNIT ( * ) PLANE_ANGLE_UNIT ( ) SI_UNIT ( $, .RADIAN. ) );
#8760 = ADVANCED_FACE ( 'NONE', ( #6207 ), #7280, .F. ) ;
#8761 = EDGE_CURVE ( 'NONE', #7233, #2470, #3370, .T. ) ;
#8762 = DIRECTION ( 'NONE',  ( 1.000000000000000000, 0.000000000000000000, 0.000000000000000000 ) ) ;
#8763 = DIRECTION ( 'NONE',  ( 0.000000000000000000, 0.000000000000000000, 1.000000000000000000 ) ) ;
#8764 = ORIENTED_EDGE ( 'NONE', *, *, #12131, .T. ) ;
#8765 = CARTESIAN_POINT ( 'NONE',  ( 3.200000000000000178, 1.900000000000074962, 2.399999999999914646 ) ) ;
#8766 = PRESENTATION_LAYER_ASSIGNMENT (  '', '', ( #10969 ) ) ;
#8767 = VERTEX_POINT ( 'NONE', #4315 ) ;
#8768 = DIRECTION ( 'NONE',  ( 0.000000000000000000, 0.000000000000000000, -1.000000000000000000 ) ) ;
#8769 = DIRECTION ( 'NONE',  ( 0.000000000000000000, 0.000000000000000000, -1.000000000000000000 ) ) ;
#8770 = CARTESIAN_POINT ( 'NONE',  ( -10.14999999999999858, 21.16464466094064889, 7.250000000000000000 ) ) ;
#8771 = LINE ( 'NONE', #3985, #4657 ) ;
#8772 = CYLINDRICAL_SURFACE ( 'NONE', #5314, 0.9000000000000000222 ) ;
#8773 = VECTOR ( 'NONE', #9870, 1000.000000000000000 ) ;
#8774 = CARTESIAN_POINT ( 'NONE',  ( 7.500000000000000000, -0.2298097038856294905, 1.120190296114373929 ) ) ;
#8775 = EDGE_CURVE ( 'NONE', #8123, #1714, #2557, .T. ) ;
#8776 = FACE_OUTER_BOUND ( 'NONE', #8405, .T. ) ;
#8777 = AXIS2_PLACEMENT_3D ( 'NONE', #1729, #5722, #5664 ) ;
#8778 = FACE_OUTER_BOUND ( 'NONE', #11286, .T. ) ;
#8779 = DIRECTION ( 'NONE',  ( 0.000000000000000000, 0.000000000000000000, -1.000000000000000000 ) ) ;
#8780 = ORIENTED_EDGE ( 'NONE', *, *, #3100, .F. ) ;
#8781 = ORIENTED_EDGE ( 'NONE', *, *, #9450, .T. ) ;
#8783 = ORIENTED_EDGE ( 'NONE', *, *, #2161, .F. ) ;
#8782 = STYLED_ITEM ( 'NONE', ( #1212 ), #4124 ) ;
#8784 = PRESENTATION_STYLE_ASSIGNMENT (( #1262 ) ) ;
#8785 = VERTEX_POINT ( 'NONE', #6387 ) ;
#8786 = ORIENTED_EDGE ( 'NONE', *, *, #9685, .T. ) ;
#8787 = LINE ( 'NONE', #7847, #8675 ) ;
#8788 = DIRECTION ( 'NONE',  ( 3.942553354492745404E-15, 2.414357261555910084E-44, 1.000000000000000000 ) ) ;
#8789 = DIRECTION ( 'NONE',  ( 0.000000000000000000, 0.000000000000000000, 1.000000000000000000 ) ) ;
#8790 = FILL_AREA_STYLE_COLOUR ( '', #9309 ) ;
#8791 = EDGE_CURVE ( 'NONE', #8050, #3179, #2497, .T. ) ;
#8792 = LINE ( 'NONE', #4129, #6536 ) ;
#8793 = DIRECTION ( 'NONE',  ( 0.000000000000000000, 0.000000000000000000, 1.000000000000000000 ) ) ;
#8794 = SURFACE_SIDE_STYLE ('',( #4949 ) ) ;
#8795 = AXIS2_PLACEMENT_3D ( 'NONE', #5705, #10732, #7791 ) ;
#8796 = SURFACE_SIDE_STYLE ('',( #4951 ) ) ;
#8797 = VERTEX_POINT ( 'NONE', #5434 ) ;
#8798 = EDGE_CURVE ( 'NONE', #1029, #9966, #11213, .T. ) ;
#8799 = PRESENTATION_LAYER_ASSIGNMENT (  '', '', ( #11189 ) ) ;
#8800 = ORIENTED_EDGE ( 'NONE', *, *, #8892, .T. ) ;
#8801 = VERTEX_POINT ( 'NONE', #5744 ) ;
#8802 = ORIENTED_EDGE ( 'NONE', *, *, #11467, .T. ) ;
#8803 = SURFACE_SIDE_STYLE ('',( #10864 ) ) ;
#8804 = EDGE_CURVE ( 'NONE', #3693, #174, #6629, .T. ) ;
#8805 = DIRECTION ( 'NONE',  ( 0.000000000000000000, 0.000000000000000000, -1.000000000000000000 ) ) ;
#8806 = ORIENTED_EDGE ( 'NONE', *, *, #2295, .F. ) ;
#8807 = DIRECTION ( 'NONE',  ( 0.000000000000000000, 0.000000000000000000, -1.000000000000000000 ) ) ;
#8808 = DIRECTION ( 'NONE',  ( -4.962700161537330485E-15, 1.000000000000000000, 0.000000000000000000 ) ) ;
#8809 = VECTOR ( 'NONE', #11975, 1000.000000000000000 ) ;
#8810 = CARTESIAN_POINT ( 'NONE',  ( 5.349999999999999645, -3.000000000000000000, -5.500000000000000000 ) ) ;
#8811 = CARTESIAN_POINT ( 'NONE',  ( -2.000000000000000000, 1.899999999999999911, 5.500000000000000000 ) ) ;
#8812 =( GEOMETRIC_REPRESENTATION_CONTEXT ( 3 ) GLOBAL_UNCERTAINTY_ASSIGNED_CONTEXT ( ( #12411 ) ) GLOBAL_UNIT_ASSIGNED_CONTEXT ( ( #8194, #8311, #8247 ) ) REPRESENTATION_CONTEXT ( 'NONE', 'WORKASPACE' ) );
#8813 = PRESENTATION_LAYER_ASSIGNMENT (  '', '', ( #7810 ) ) ;
#8814 = ORIENTED_EDGE ( 'NONE', *, *, #11374, .F. ) ;
#8815 = EDGE_CURVE ( 'NONE', #8572, #4461, #7401, .T. ) ;
#8816 = ORIENTED_EDGE ( 'NONE', *, *, #8253, .F. ) ;
#8817 =( NAMED_UNIT ( * ) PLANE_ANGLE_UNIT ( ) SI_UNIT ( $, .RADIAN. ) );
#8818 = LINE ( 'NONE', #5921, #4439 ) ;
#8819 = EDGE_CURVE ( 'NONE', #1524, #5876, #10327, .T. ) ;
#8820 = LINE ( 'NONE', #11517, #4134 ) ;
#8821 = CARTESIAN_POINT ( 'NONE',  ( -3.199999999999885159, -11.55226042087230098, -6.252260420872049806 ) ) ;
#8822 = ORIENTED_EDGE ( 'NONE', *, *, #6563, .F. ) ;
#8823 = UNCERTAINTY_MEASURE_WITH_UNIT (LENGTH_MEASURE( 1.000000000000000082E-05 ), #6869, 'distance_accuracy_value', 'NONE');
#8824 = FACE_OUTER_BOUND ( 'NONE', #9940, .T. ) ;
#8825 = EDGE_CURVE ( 'NONE', #3561, #5146, #12228, .T. ) ;
#8826 = MECHANICAL_DESIGN_GEOMETRIC_PRESENTATION_REPRESENTATION (  '', ( #6411 ), #3798 ) ;
#8827 = EDGE_LOOP ( 'NONE', ( #10780, #4393, #4989, #7155 ) ) ;
#8828 = CARTESIAN_POINT ( 'NONE',  ( 5.505006907668989591, 3.178317220033294976, 6.799999999999999822 ) ) ;
#8829 = CARTESIAN_POINT ( 'NONE',  ( 1.576611713483630162, 12.39811920918740107, 6.799999999999999822 ) ) ;
#8830 = CARTESIAN_POINT ( 'NONE',  ( -3.200000000000000178, 4.640969560236579934E-14, 2.399999999999914646 ) ) ;
#8831 =( NAMED_UNIT ( * ) PLANE_ANGLE_UNIT ( ) SI_UNIT ( $, .RADIAN. ) );
#8832 = LINE ( 'NONE', #183, #9625 ) ;
#8833 = ADVANCED_FACE ( 'NONE', ( #11277 ), #748, .F. ) ;
#8834 =( LENGTH_UNIT ( ) NAMED_UNIT ( * ) SI_UNIT ( .MILLI., .METRE. ) );
#8835 = DIRECTION ( 'NONE',  ( 0.000000000000000000, -1.000000000000000000, 0.000000000000000000 ) ) ;
#8836 = VECTOR ( 'NONE', #4422, 1000.000000000000000 ) ;
#8837 = CARTESIAN_POINT ( 'NONE',  ( 10.14999999999999858, 1.677444870637950048E-15, -4.500000000000000000 ) ) ;
#8838 = EDGE_LOOP ( 'NONE', ( #3446, #11731, #2525, #3882 ) ) ;
#8839 = ORIENTED_EDGE ( 'NONE', *, *, #5211, .F. ) ;
#8840 = ORIENTED_EDGE ( 'NONE', *, *, #6526, .T. ) ;
#8841 = CARTESIAN_POINT ( 'NONE',  ( 1.649999999999999911, 9.819189486661180344E-16, -8.849999999999999645 ) ) ;
#8842 = ORIENTED_EDGE ( 'NONE', *, *, #8494, .F. ) ;
#8843 = ADVANCED_FACE ( 'NONE', ( #2681 ), #4492, .T. ) ;
#8844 = VERTEX_POINT ( 'NONE', #3669 ) ;
#8845 = CARTESIAN_POINT ( 'NONE',  ( 5.349999999999999645, 3.200000000000000178, -8.500000000000000000 ) ) ;
#8846 = ADVANCED_FACE ( 'NONE', ( #7525 ), #11717, .F. ) ;
#8847 = CARTESIAN_POINT ( 'NONE',  ( 1.445610957098677922E-15, 10.59999999999999964, -1.199999999999999956 ) ) ;
#8848 = CARTESIAN_POINT ( 'NONE',  ( 10.14999999999999858, 1.677444870637950048E-15, -2.699999999999950440 ) ) ;
#8849 = PRESENTATION_STYLE_ASSIGNMENT (( #4001 ) ) ;
#8850 = STYLED_ITEM ( 'NONE', ( #10690 ), #9993 ) ;
#8851 = FACE_OUTER_BOUND ( 'NONE', #367, .T. ) ;
#8852 = CARTESIAN_POINT ( 'NONE',  ( 1.445610957098677922E-15, 10.59999999999999964, -1.199999999999999956 ) ) ;
#8853 = AXIS2_PLACEMENT_3D ( 'NONE', #10591, #9668, #249 ) ;
#8854 = CIRCLE ( 'NONE', #643, 5.899999999999999467 ) ;
#8855 = PRESENTATION_STYLE_ASSIGNMENT (( #3193 ) ) ;
#8856 = LINE ( 'NONE', #3877, #3558 ) ;
#8857 = SURFACE_STYLE_FILL_AREA ( #6024 ) ;
#8858 = ORIENTED_EDGE ( 'NONE', *, *, #7017, .F. ) ;
#8859 = VECTOR ( 'NONE', #223, 1000.000000000000227 ) ;
#8860 = ORIENTED_EDGE ( 'NONE', *, *, #1465, .F. ) ;
#8861 = ORIENTED_EDGE ( 'NONE', *, *, #2125, .F. ) ;
#8862 = VERTEX_POINT ( 'NONE', #9651 ) ;
#8863 = EDGE_CURVE ( 'NONE', #5059, #5364, #2922, .T. ) ;
#8864 = DIRECTION ( 'NONE',  ( 1.000000000000000000, 0.000000000000000000, 0.000000000000000000 ) ) ;
#8865 = ORIENTED_EDGE ( 'NONE', *, *, #2549, .T. ) ;
#8866 = VECTOR ( 'NONE', #2896, 1000.000000000000000 ) ;
#8867 = PLANE ( 'NONE',  #9455 ) ;
#8868 = SURFACE_STYLE_USAGE ( .BOTH. , #7124 ) ;
#8869 = DIRECTION ( 'NONE',  ( 4.576446191908509745E-58, -1.000000000000000000, 6.595354036659290295E-44 ) ) ;
#8870 = LINE ( 'NONE', #5085, #5748 ) ;
#8871 = LINE ( 'NONE', #3020, #10174 ) ;
#8872 = LINE ( 'NONE', #5087, #3111 ) ;
#8873 = EDGE_CURVE ( 'NONE', #4074, #11697, #7958, .T. ) ;
#8874 = VECTOR ( 'NONE', #1567, 1000.000000000000000 ) ;
#8875 = AXIS2_PLACEMENT_3D ( 'NONE', #10807, #11690, #1469 ) ;
#8876 = VERTEX_POINT ( 'NONE', #6757 ) ;
#8877 = MECHANICAL_DESIGN_GEOMETRIC_PRESENTATION_REPRESENTATION (  '', ( #8465 ), #10878 ) ;
#8878 = STYLED_ITEM ( 'NONE', ( #9531 ), #8833 ) ;
#8879 = VECTOR ( 'NONE', #18, 1000.000000000000000 ) ;
#8880 = ORIENTED_EDGE ( 'NONE', *, *, #10205, .F. ) ;
#8881 = CYLINDRICAL_SURFACE ( 'NONE', #3993, 0.9000000000000301092 ) ;
#8882 = PRESENTATION_STYLE_ASSIGNMENT (( #5025 ) ) ;
#8883 = DIRECTION ( 'NONE',  ( 1.000000000000000000, 0.000000000000000000, 0.000000000000000000 ) ) ;
#8884 = CARTESIAN_POINT ( 'NONE',  ( 0.6999999999999999556, 3.473890113076134811E-15, -0.2000000000000000111 ) ) ;
#8885 = SURFACE_STYLE_FILL_AREA ( #2415 ) ;
#8886 = STYLED_ITEM ( 'NONE', ( #3735 ), #5865 ) ;
#8887 = LINE ( 'NONE', #282, #11257 ) ;
#8888 = CARTESIAN_POINT ( 'NONE',  ( -0.4500000000000309863, 9.820577136594000223, 6.799999999999999822 ) ) ;
#8889 =( GEOMETRIC_REPRESENTATION_CONTEXT ( 3 ) GLOBAL_UNCERTAINTY_ASSIGNED_CONTEXT ( ( #8192 ) ) GLOBAL_UNIT_ASSIGNED_CONTEXT ( ( #2980, #5864, #3981 ) ) REPRESENTATION_CONTEXT ( 'NONE', 'WORKASPACE' ) );
#8890 = CARTESIAN_POINT ( 'NONE',  ( 4.725584044262990169, 2.728317220033425361, 6.799999999999999822 ) ) ;
#8891 = LINE ( 'NONE', #10698, #5903 ) ;
#8892 = EDGE_CURVE ( 'NONE', #6963, #2947, #3045, .T. ) ;
#8893 = ORIENTED_EDGE ( 'NONE', *, *, #2742, .F. ) ;
#8894 = LINE ( 'NONE', #8765, #3060 ) ;
#8895 = ORIENTED_EDGE ( 'NONE', *, *, #7533, .T. ) ;
#8896 = FILL_AREA_STYLE ('',( #7708 ) ) ;
#8897 = CARTESIAN_POINT ( 'NONE',  ( 0.3499999999999999778, 0.5500000000000000444, -9.500000000000000000 ) ) ;
#8898 = PRESENTATION_STYLE_ASSIGNMENT (( #11474 ) ) ;
#8899 = CARTESIAN_POINT ( 'NONE',  ( -4.265774538051229747, 9.147983018184300263, -1.199999999999999956 ) ) ;
#8900 = DIRECTION ( 'NONE',  ( -2.409338161078775428E-16, -1.000000000000000000, 8.960013458308850406E-31 ) ) ;
#8901 = EDGE_CURVE ( 'NONE', #11417, #1519, #6062, .T. ) ;
#8902 = DIRECTION ( 'NONE',  ( 0.000000000000000000, 2.414357261555910084E-44, -1.000000000000000000 ) ) ;
#8903 = ORIENTED_EDGE ( 'NONE', *, *, #4581, .T. ) ;
#8904 = EDGE_LOOP ( 'NONE', ( #5512, #8806, #12115, #6467 ) ) ;
#8905 = ORIENTED_EDGE ( 'NONE', *, *, #7014, .T. ) ;
#8906 = CARTESIAN_POINT ( 'NONE',  ( 3.000000000000000000, 1.899999999999999911, 5.100000000000000533 ) ) ;
#8907 = EDGE_LOOP ( 'NONE', ( #4392, #3621, #12178, #6644 ) ) ;
#8908 = ORIENTED_EDGE ( 'NONE', *, *, #1770, .F. ) ;
#8909 = CARTESIAN_POINT ( 'NONE',  ( 2.983780846226099737, 10.73882662145499900, 6.799999999999999822 ) ) ;
#8910 = AXIS2_PLACEMENT_3D ( 'NONE', #8339, #6511, #3673 ) ;
#8911 = DIRECTION ( 'NONE',  ( -1.000000000000000000, 0.000000000000000000, 0.000000000000000000 ) ) ;
#8912 = CARTESIAN_POINT ( 'NONE',  ( -0.3499999999999999778, -3.000000000000000000, -10.50000000000000000 ) ) ;
#8913 = DIRECTION ( 'NONE',  ( 0.000000000000000000, 0.000000000000000000, 1.000000000000000000 ) ) ;
#8914 = SURFACE_SIDE_STYLE ('',( #4380 ) ) ;
#8915 = VECTOR ( 'NONE', #1808, 1000.000000000000000 ) ;
#8916 = EDGE_CURVE ( 'NONE', #11540, #3638, #5045, .T. ) ;
#8917 = DIRECTION ( 'NONE',  ( -1.000000000000000000, 0.000000000000000000, 0.000000000000000000 ) ) ;
#8918 = EDGE_CURVE ( 'NONE', #932, #8529, #10830, .T. ) ;
#8919 = EDGE_CURVE ( 'NONE', #10090, #1874, #6669, .T. ) ;
#8920 = PLANE ( 'NONE',  #4459 ) ;
#8921 = ORIENTED_EDGE ( 'NONE', *, *, #2416, .T. ) ;
#8922 = EDGE_LOOP ( 'NONE', ( #7828, #1719, #4387, #8705 ) ) ;
#8923 = ORIENTED_EDGE ( 'NONE', *, *, #2081, .T. ) ;
#8924 = VECTOR ( 'NONE', #9190, 1000.000000000000114 ) ;
#8925 = VERTEX_POINT ( 'NONE', #6882 ) ;
#8926 = DIRECTION ( 'NONE',  ( 0.000000000000000000, 0.000000000000000000, 1.000000000000000000 ) ) ;
#8927 = ORIENTED_EDGE ( 'NONE', *, *, #1911, .F. ) ;
#8928 = CIRCLE ( 'NONE', #6921, 0.9250000000000004885 ) ;
#8929 = FACE_OUTER_BOUND ( 'NONE', #1656, .T. ) ;
#8930 = EDGE_CURVE ( 'NONE', #3084, #7840, #8276, .T. ) ;
#8931 = FACE_OUTER_BOUND ( 'NONE', #7456, .T. ) ;
#8932 = VECTOR ( 'NONE', #11342, 1000.000000000000000 ) ;
#8933 = CARTESIAN_POINT ( 'NONE',  ( -2.850000000000000089, 0.5500000000000000444, -7.000000000000000000 ) ) ;
#8934 = CIRCLE ( 'NONE', #4506, 0.8999999999999998002 ) ;
#8935 = ADVANCED_FACE ( 'NONE', ( #6952 ), #10706, .F. ) ;
#8936 = CARTESIAN_POINT ( 'NONE',  ( 0.6999999999999839684, 3.200000000000000178, -8.699999999999999289 ) ) ;
#8937 = DIRECTION ( 'NONE',  ( 0.000000000000000000, 1.000000000000000000, 0.000000000000000000 ) ) ;
#8938 = ORIENTED_EDGE ( 'NONE', *, *, #9875, .T. ) ;
#8939 = VECTOR ( 'NONE', #5651, 1000.000000000000000 ) ;
#8940 = ORIENTED_EDGE ( 'NONE', *, *, #7947, .F. ) ;
#8941 = SURFACE_STYLE_FILL_AREA ( #9008 ) ;
#8942 = CARTESIAN_POINT ( 'NONE',  ( -2.000000000000000000, -2.401009032218150097, 4.899999999999999467 ) ) ;
#8943 = DIRECTION ( 'NONE',  ( -1.000000000000000000, 6.993105179147580152E-30, -3.169856808907805493E-15 ) ) ;
#8944 =( NAMED_UNIT ( * ) PLANE_ANGLE_UNIT ( ) SI_UNIT ( $, .RADIAN. ) );
#8945 = FACE_OUTER_BOUND ( 'NONE', #8907, .T. ) ;
#8946 =( NAMED_UNIT ( * ) PLANE_ANGLE_UNIT ( ) SI_UNIT ( $, .RADIAN. ) );
#8947 = CARTESIAN_POINT ( 'NONE',  ( 2.475435743014049894, 6.625688402361410212, -1.199999999999999956 ) ) ;
#8948 = VECTOR ( 'NONE', #4474, 1000.000000000000000 ) ;
#8949 = CARTESIAN_POINT ( 'NONE',  ( 2.000000000000000000, -2.401009032218150097, 4.899999999999999467 ) ) ;
#8950 =( LENGTH_UNIT ( ) NAMED_UNIT ( * ) SI_UNIT ( .MILLI., .METRE. ) );
#8951 = UNCERTAINTY_MEASURE_WITH_UNIT (LENGTH_MEASURE( 1.000000000000000082E-05 ), #12353, 'distance_accuracy_value', 'NONE');
#8952 = DIRECTION ( 'NONE',  ( 8.182657905550979512E-17, -1.000000000000000000, 0.000000000000000000 ) ) ;
#8953 = ORIENTED_EDGE ( 'NONE', *, *, #9822, .F. ) ;
#8954 = SURFACE_STYLE_USAGE ( .BOTH. , #3169 ) ;
#8955 = ADVANCED_FACE ( 'NONE', ( #8706 ), #401, .F. ) ;
#8956 = DIRECTION ( 'NONE',  ( 0.000000000000000000, -7.589415207398510528E-15, 1.000000000000000000 ) ) ;
#8957 = CARTESIAN_POINT ( 'NONE',  ( 1.445610957098677922E-15, 10.59999999999999964, -1.199999999999999956 ) ) ;
#8958 = FILL_AREA_STYLE_COLOUR ( '', #7202 ) ;
#8959 = FILL_AREA_STYLE_COLOUR ( '', #8545 ) ;
#8960 = VECTOR ( 'NONE', #7819, 1000.000000000000000 ) ;
#8961 = FACE_OUTER_BOUND ( 'NONE', #10039, .T. ) ;
#8962 = VECTOR ( 'NONE', #3852, 1000.000000000000000 ) ;
#8963 = LINE ( 'NONE', #4249, #6188 ) ;
#8964 = ORIENTED_EDGE ( 'NONE', *, *, #9494, .T. ) ;
#8965 = VERTEX_POINT ( 'NONE', #2049 ) ;
#8966 = ORIENTED_EDGE ( 'NONE', *, *, #9063, .T. ) ;
#8967 = LINE ( 'NONE', #2325, #864 ) ;
#8968 = ORIENTED_EDGE ( 'NONE', *, *, #7347, .F. ) ;
#8969 = ORIENTED_EDGE ( 'NONE', *, *, #2481, .F. ) ;
#8970 = SURFACE_STYLE_USAGE ( .BOTH. , #6836 ) ;
#8971 = SURFACE_STYLE_USAGE ( .BOTH. , #7105 ) ;
#8972 = DIRECTION ( 'NONE',  ( 0.000000000000000000, 1.000000000000000000, 0.000000000000000000 ) ) ;
#8973 = ADVANCED_FACE ( 'NONE', ( #5867 ), #9717, .F. ) ;
#8974 = FILL_AREA_STYLE ('',( #11987 ) ) ;
#8975 = SURFACE_SIDE_STYLE ('',( #3373 ) ) ;
#8976 = FACE_OUTER_BOUND ( 'NONE', #1755, .T. ) ;
#8977 = EDGE_CURVE ( 'NONE', #12384, #3012, #6397, .T. ) ;
#8978 =( GEOMETRIC_REPRESENTATION_CONTEXT ( 3 ) GLOBAL_UNCERTAINTY_ASSIGNED_CONTEXT ( ( #9048 ) ) GLOBAL_UNIT_ASSIGNED_CONTEXT ( ( #7504, #3835, #10747 ) ) REPRESENTATION_CONTEXT ( 'NONE', 'WORKASPACE' ) );
#8979 = PLANE ( 'NONE',  #9909 ) ;
#8980 = LINE ( 'NONE', #198, #2723 ) ;
#8981 = DIRECTION ( 'NONE',  ( 0.000000000000000000, 0.000000000000000000, -1.000000000000000000 ) ) ;
#8982 = CARTESIAN_POINT ( 'NONE',  ( -2.850000000000000089, 0.5500000000000000444, -4.500000000000000000 ) ) ;
#8983 = VECTOR ( 'NONE', #7470, 1000.000000000000000 ) ;
#8984 = ORIENTED_EDGE ( 'NONE', *, *, #3396, .F. ) ;
#8985 = COLOUR_RGB ( '',0.2509803921568627416, 0.2509803921568627416, 0.2509803921568627416 ) ;
#8986 = EDGE_LOOP ( 'NONE', ( #10163, #4580, #567, #12209, #8839, #536, #8764, #12099, #11110, #6076, #1518, #6095, #5092, #262, #5225, #6299, #11404, #187 ) ) ;
#8987 = ORIENTED_EDGE ( 'NONE', *, *, #5974, .T. ) ;
#8988 = VERTEX_POINT ( 'NONE', #556 ) ;
#8989 = FILL_AREA_STYLE ('',( #141 ) ) ;
#8990 = EDGE_CURVE ( 'NONE', #9335, #7605, #9085, .T. ) ;
#8991 = PLANE ( 'NONE',  #9665 ) ;
#8993 = ORIENTED_EDGE ( 'NONE', *, *, #2363, .T. ) ;
#8992 = UNCERTAINTY_MEASURE_WITH_UNIT (LENGTH_MEASURE( 1.000000000000000082E-05 ), #2207, 'distance_accuracy_value', 'NONE');
#8994 = CYLINDRICAL_SURFACE ( 'NONE', #9258, 8.400000000000000355 ) ;
#8995 = DIRECTION ( 'NONE',  ( 1.000000000000000000, 0.000000000000000000, 0.000000000000000000 ) ) ;
#8996 = PRESENTATION_LAYER_ASSIGNMENT (  '', '', ( #11802 ) ) ;
#8997 = CARTESIAN_POINT ( 'NONE',  ( 0.4499999999998859912, -1.116781983786343900E-14, -1.199999999999999956 ) ) ;
#8998 = SURFACE_STYLE_USAGE ( .BOTH. , #5154 ) ;
#8999 =( NAMED_UNIT ( * ) SI_UNIT ( $, .STERADIAN. ) SOLID_ANGLE_UNIT ( ) );
#9000 = DIRECTION ( 'NONE',  ( 0.000000000000000000, 0.000000000000000000, -1.000000000000000000 ) ) ;
#9001 = ORIENTED_EDGE ( 'NONE', *, *, #5958, .T. ) ;
#9002 = MECHANICAL_DESIGN_GEOMETRIC_PRESENTATION_REPRESENTATION (  '', ( #1200 ), #6792 ) ;
#9003 =( GEOMETRIC_REPRESENTATION_CONTEXT ( 3 ) GLOBAL_UNCERTAINTY_ASSIGNED_CONTEXT ( ( #1273 ) ) GLOBAL_UNIT_ASSIGNED_CONTEXT ( ( #8950, #4165, #2976 ) ) REPRESENTATION_CONTEXT ( 'NONE', 'WORKASPACE' ) );
#9004 = ADVANCED_FACE ( 'NONE', ( #11081 ), #5307, .F. ) ;
#9005 = ORIENTED_EDGE ( 'NONE', *, *, #5665, .F. ) ;
#9006 = EDGE_CURVE ( 'NONE', #9289, #10590, #4359, .T. ) ;
#9007 = STYLED_ITEM ( 'NONE', ( #8387 ), #1895 ) ;
#9008 = FILL_AREA_STYLE ('',( #11895 ) ) ;
#9009 = CARTESIAN_POINT ( 'NONE',  ( 10.11464466094068015, 21.19999999999999929, 7.299999999999999822 ) ) ;
#9010 = CARTESIAN_POINT ( 'NONE',  ( 10.14999999999999858, 21.16464466094064889, 7.250000000000000000 ) ) ;
#9011 = DIRECTION ( 'NONE',  ( 1.000000000000000000, 0.000000000000000000, 0.000000000000000000 ) ) ;
#9012 = SURFACE_STYLE_FILL_AREA ( #352 ) ;
#9013 = AXIS2_PLACEMENT_3D ( 'NONE', #12049, #9102, #5263 ) ;
#9014 = DIRECTION ( 'NONE',  ( 0.000000000000000000, 0.000000000000000000, -1.000000000000000000 ) ) ;
#9015 = DIRECTION ( 'NONE',  ( -3.718869191154470885E-15, 0.000000000000000000, -1.000000000000000000 ) ) ;
#9016 = STYLED_ITEM ( 'NONE', ( #11021 ), #9020 ) ;
#9017 = DIRECTION ( 'NONE',  ( 0.000000000000000000, 0.000000000000000000, 1.000000000000000000 ) ) ;
#9018 = ORIENTED_EDGE ( 'NONE', *, *, #515, .F. ) ;
#9019 = CARTESIAN_POINT ( 'NONE',  ( 8.550000000000000711, 17.89999999999999858, -10.99999999999986144 ) ) ;
#9020 = ADVANCED_FACE ( 'NONE', ( #8143 ), #4236, .T. ) ;
#9021 = VECTOR ( 'NONE', #4242, 1000.000000000000000 ) ;
#9022 = PLANE ( 'NONE',  #7648 ) ;
#9023 = DIRECTION ( 'NONE',  ( 0.000000000000000000, 0.000000000000000000, -1.000000000000000000 ) ) ;
#9024 = VECTOR ( 'NONE', #11309, 1000.000000000000000 ) ;
#9025 = DIRECTION ( 'NONE',  ( -7.532798415146101022E-29, 7.589415207398510528E-15, -1.000000000000000000 ) ) ;
#9026 = UNCERTAINTY_MEASURE_WITH_UNIT (LENGTH_MEASURE( 1.000000000000000082E-05 ), #2616, 'distance_accuracy_value', 'NONE');
#9027 = VECTOR ( 'NONE', #3213, 1000.000000000000000 ) ;
#9028 = LINE ( 'NONE', #3536, #10156 ) ;
#9029 = CARTESIAN_POINT ( 'NONE',  ( -1.649999999999999911, -1.539499158440714680E-14, -4.500000000000000000 ) ) ;
#9030 = DIRECTION ( 'NONE',  ( 0.000000000000000000, 0.000000000000000000, 1.000000000000000000 ) ) ;
#9031 = ORIENTED_EDGE ( 'NONE', *, *, #6082, .T. ) ;
#9032 = EDGE_CURVE ( 'NONE', #11430, #7572, #11905, .T. ) ;
#9033 = EDGE_LOOP ( 'NONE', ( #9154, #4833 ) ) ;
#9034 = COLOUR_RGB ( '',0.2509803921568627416, 0.2509803921568627416, 0.2509803921568627416 ) ;
#9035 = UNCERTAINTY_MEASURE_WITH_UNIT (LENGTH_MEASURE( 1.000000000000000082E-05 ), #6822, 'distance_accuracy_value', 'NONE');
#9036 = DIRECTION ( 'NONE',  ( 0.000000000000000000, 0.000000000000000000, -1.000000000000000000 ) ) ;
#9037 = ORIENTED_EDGE ( 'NONE', *, *, #3100, .T. ) ;
#9038 = LINE ( 'NONE', #3431, #11456 ) ;
#9039 = DIRECTION ( 'NONE',  ( 0.000000000000000000, 0.000000000000000000, -1.000000000000000000 ) ) ;
#9040 = DIRECTION ( 'NONE',  ( 0.000000000000000000, 0.000000000000000000, 1.000000000000000000 ) ) ;
#9041 = CARTESIAN_POINT ( 'NONE',  ( 10.14999999999999858, 0.000000000000000000, -11.25000000000000000 ) ) ;
#9042 = SURFACE_STYLE_USAGE ( .BOTH. , #7167 ) ;
#9043 = CARTESIAN_POINT ( 'NONE',  ( 0.000000000000000000, 21.39999999999999858, -0.1999999999999170219 ) ) ;
#9044 = CARTESIAN_POINT ( 'NONE',  ( 3.815147174717020029, 6.105240135171019489, 6.799999999999999822 ) ) ;
#9045 = CARTESIAN_POINT ( 'NONE',  ( -1.650000000000039879, 3.200000000000000178, -4.500000000000000000 ) ) ;
#9046 = ORIENTED_EDGE ( 'NONE', *, *, #789, .T. ) ;
#9047 = ADVANCED_FACE ( 'NONE', ( #3232 ), #6190, .F. ) ;
#9048 = UNCERTAINTY_MEASURE_WITH_UNIT (LENGTH_MEASURE( 1.000000000000000082E-05 ), #7504, 'distance_accuracy_value', 'NONE');
#9049 = VERTEX_POINT ( 'NONE', #735 ) ;
#9050 = ORIENTED_EDGE ( 'NONE', *, *, #2524, .F. ) ;
#9051 = AXIS2_PLACEMENT_3D ( 'NONE', #7693, #2912, #1047 ) ;
#9052 = ORIENTED_EDGE ( 'NONE', *, *, #10910, .T. ) ;
#9053 = SURFACE_STYLE_FILL_AREA ( #7356 ) ;
#9054 = PRESENTATION_LAYER_ASSIGNMENT (  '', '', ( #5819 ) ) ;
#9055 = ADVANCED_FACE ( 'NONE', ( #3530 ), #11259, .F. ) ;
#9056 = DIRECTION ( 'NONE',  ( 1.031457201932154128E-14, -1.000000000000000000, 0.000000000000000000 ) ) ;
#9057 = ORIENTED_EDGE ( 'NONE', *, *, #6071, .F. ) ;
#9058 = DIRECTION ( 'NONE',  ( 1.000000000000000000, 0.000000000000000000, 0.000000000000000000 ) ) ;
#9059 = STYLED_ITEM ( 'NONE', ( #10049 ), #10472 ) ;
#9060 = VECTOR ( 'NONE', #2614, 1000.000000000000000 ) ;
#9061 = DIRECTION ( 'NONE',  ( -0.4226182617407014397, 0.9063077870366489375, 0.000000000000000000 ) ) ;
#9062 =( LENGTH_UNIT ( ) NAMED_UNIT ( * ) SI_UNIT ( .MILLI., .METRE. ) );
#9063 = EDGE_CURVE ( 'NONE', #9156, #1910, #3655, .T. ) ;
#9064 = UNCERTAINTY_MEASURE_WITH_UNIT (LENGTH_MEASURE( 1.000000000000000082E-05 ), #4398, 'distance_accuracy_value', 'NONE');
#9065 = ORIENTED_EDGE ( 'NONE', *, *, #8791, .T. ) ;
#9066 = COLOUR_RGB ( '',0.2509803921568627416, 0.2509803921568627416, 0.2509803921568627416 ) ;
#9067 = VERTEX_POINT ( 'NONE', #10376 ) ;
#9068 =( NAMED_UNIT ( * ) PLANE_ANGLE_UNIT ( ) SI_UNIT ( $, .RADIAN. ) );
#9069 = VECTOR ( 'NONE', #10819, 1000.000000000000000 ) ;
#9070 = DIRECTION ( 'NONE',  ( 0.4226182617406990527, 0.9063077870366501587, 0.000000000000000000 ) ) ;
#9071 =( LENGTH_UNIT ( ) NAMED_UNIT ( * ) SI_UNIT ( .MILLI., .METRE. ) );
#9072 = DIRECTION ( 'NONE',  ( 1.000000000000000000, 0.000000000000000000, 0.000000000000000000 ) ) ;
#9073 = PLANE ( 'NONE',  #4245 ) ;
#9074 = CARTESIAN_POINT ( 'NONE',  ( -2.000000000000000000, 1.699999999999999956, 5.150000000000000355 ) ) ;
#9075 = FACE_OUTER_BOUND ( 'NONE', #11750, .T. ) ;
#9076 = ADVANCED_FACE ( 'NONE', ( #6375 ), #8499, .F. ) ;
#9077 = CARTESIAN_POINT ( 'NONE',  ( 4.649999999999999467, -3.000000000000000000, -4.500000000000000000 ) ) ;
#9078 = AXIS2_PLACEMENT_3D ( 'NONE', #6087, #6211, #8040 ) ;
#9079 =( NAMED_UNIT ( * ) PLANE_ANGLE_UNIT ( ) SI_UNIT ( $, .RADIAN. ) );
#9080 = EDGE_CURVE ( 'NONE', #3231, #2259, #4481, .T. ) ;
#9081 = EDGE_CURVE ( 'NONE', #5162, #2694, #5603, .T. ) ;
#9082 = AXIS2_PLACEMENT_3D ( 'NONE', #11621, #6736, #1965 ) ;
#9083 = CIRCLE ( 'NONE', #12086, 0.9000000000000220046 ) ;
#9084 = EDGE_LOOP ( 'NONE', ( #5122, #10176, #6803, #12098, #2216, #3682, #8953, #8098 ) ) ;
#9085 = LINE ( 'NONE', #5365, #4187 ) ;
#9086 = DIRECTION ( 'NONE',  ( -3.718869191154470885E-15, 6.982962677686270655E-15, -1.000000000000000000 ) ) ;
#9087 = LINE ( 'NONE', #11970, #673 ) ;
#9088 = AXIS2_PLACEMENT_3D ( 'NONE', #6138, #9967, #12350 ) ;
#9089 = CYLINDRICAL_SURFACE ( 'NONE', #5541, 0.9000000000000140110 ) ;
#9090 = FACE_OUTER_BOUND ( 'NONE', #7132, .T. ) ;
#9091 = EDGE_CURVE ( 'NONE', #8797, #5615, #857, .T. ) ;
#9092 = PLANE ( 'NONE',  #2191 ) ;
#9093 = ORIENTED_EDGE ( 'NONE', *, *, #2689, .F. ) ;
#9094 = ORIENTED_EDGE ( 'NONE', *, *, #5580, .F. ) ;
#9095 = VECTOR ( 'NONE', #12071, 1000.000000000000000 ) ;
#9096 = LINE ( 'NONE', #6204, #10265 ) ;
#9097 = ORIENTED_EDGE ( 'NONE', *, *, #2388, .F. ) ;
#9098 = CARTESIAN_POINT ( 'NONE',  ( -10.14999999999999858, 8.599999999999999645, -4.599999999999999645 ) ) ;
#9099 = LINE ( 'NONE', #447, #657 ) ;
#9100 = DIRECTION ( 'NONE',  ( -1.000000000000000000, 0.000000000000000000, 0.000000000000000000 ) ) ;
#9101 = FILL_AREA_STYLE_COLOUR ( '', #1699 ) ;
#9102 = DIRECTION ( 'NONE',  ( 0.000000000000000000, 0.000000000000000000, 1.000000000000000000 ) ) ;
#9103 =( GEOMETRIC_REPRESENTATION_CONTEXT ( 3 ) GLOBAL_UNCERTAINTY_ASSIGNED_CONTEXT ( ( #9191 ) ) GLOBAL_UNIT_ASSIGNED_CONTEXT ( ( #4451, #12179, #11165 ) ) REPRESENTATION_CONTEXT ( 'NONE', 'WORKASPACE' ) );
#9104 = PRESENTATION_LAYER_ASSIGNMENT (  '', '', ( #5477 ) ) ;
#9105 = CARTESIAN_POINT ( 'NONE',  ( -8.550000000000199663, 19.50000000000000000, -10.99999999999984013 ) ) ;
#9106 = PRESENTATION_STYLE_ASSIGNMENT (( #6092 ) ) ;
#9107 = CARTESIAN_POINT ( 'NONE',  ( 3.000000000000000000, 1.949999999999999956, 7.500000000000000000 ) ) ;
#9108 = ORIENTED_EDGE ( 'NONE', *, *, #10413, .F. ) ;
#9109 = AXIS2_PLACEMENT_3D ( 'NONE', #6146, #2209, #6020 ) ;
#9110 = VERTEX_POINT ( 'NONE', #1846 ) ;
#9111 = ORIENTED_EDGE ( 'NONE', *, *, #7914, .F. ) ;
#9112 = ORIENTED_EDGE ( 'NONE', *, *, #11756, .F. ) ;
#9113 = PRESENTATION_STYLE_ASSIGNMENT (( #464 ) ) ;
#9114 = CARTESIAN_POINT ( 'NONE',  ( -10.11464466094063930, 21.19999999999999929, 5.750000000000110134 ) ) ;
#9115 = VERTEX_POINT ( 'NONE', #672 ) ;
#9116 = ADVANCED_FACE ( 'NONE', ( #11455 ), #5670, .F. ) ;
#9117 = DIRECTION ( 'NONE',  ( 0.000000000000000000, 0.000000000000000000, 1.000000000000000000 ) ) ;
#9118 = VECTOR ( 'NONE', #1184, 1000.000000000000000 ) ;
#9119 = DIRECTION ( 'NONE',  ( 0.000000000000000000, -7.930164461608261228E-15, 1.000000000000000000 ) ) ;
#9120 = PLANE ( 'NONE',  #11174 ) ;
#9121 = STYLED_ITEM ( 'NONE', ( #8267 ), #4516 ) ;
#9122 = ORIENTED_EDGE ( 'NONE', *, *, #9704, .F. ) ;
#9123 = VERTEX_POINT ( 'NONE', #11629 ) ;
#9124 = AXIS2_PLACEMENT_3D ( 'NONE', #11963, #4477, #8200 ) ;
#9125 = ORIENTED_EDGE ( 'NONE', *, *, #6725, .T. ) ;
#9126 = DIRECTION ( 'NONE',  ( -1.298436238251450266E-29, 1.000000000000000000, 2.414357261555910084E-44 ) ) ;
#9127 = DIRECTION ( 'NONE',  ( 1.000000000000000000, 0.000000000000000000, 0.000000000000000000 ) ) ;
#9128 = CIRCLE ( 'NONE', #6721, 0.7999999999999994893 ) ;
#9129 = SURFACE_SIDE_STYLE ('',( #5297 ) ) ;
#9130 = ADVANCED_FACE ( 'NONE', ( #2851 ), #7880, .F. ) ;
#9131 = FILL_AREA_STYLE ('',( #5231 ) ) ;
#9132 =( GEOMETRIC_REPRESENTATION_CONTEXT ( 3 ) GLOBAL_UNCERTAINTY_ASSIGNED_CONTEXT ( ( #8150 ) ) GLOBAL_UNIT_ASSIGNED_CONTEXT ( ( #3371, #376, #8038 ) ) REPRESENTATION_CONTEXT ( 'NONE', 'WORKASPACE' ) );
#9133 = ADVANCED_FACE ( 'NONE', ( #4094 ), #7943, .T. ) ;
#9134 = DIRECTION ( 'NONE',  ( -1.000000000000000000, 0.000000000000000000, 0.000000000000000000 ) ) ;
#9135 = PLANE ( 'NONE',  #553 ) ;
#9136 = CARTESIAN_POINT ( 'NONE',  ( 10.14999999999999858, 12.77500000000000036, -11.25000000000000000 ) ) ;
#9137 = SURFACE_STYLE_USAGE ( .BOTH. , #8199 ) ;
#9138 = STYLED_ITEM ( 'NONE', ( #1297 ), #989 ) ;
#9139 =( LENGTH_UNIT ( ) NAMED_UNIT ( * ) SI_UNIT ( .MILLI., .METRE. ) );
#9140 = VECTOR ( 'NONE', #7092, 1000.000000000000114 ) ;
#9141 =( GEOMETRIC_REPRESENTATION_CONTEXT ( 3 ) GLOBAL_UNCERTAINTY_ASSIGNED_CONTEXT ( ( #10018 ) ) GLOBAL_UNIT_ASSIGNED_CONTEXT ( ( #4554, #6758, #12354 ) ) REPRESENTATION_CONTEXT ( 'NONE', 'WORKASPACE' ) );
#9142 = VERTEX_POINT ( 'NONE', #5024 ) ;
#9143 = LINE ( 'NONE', #7208, #8836 ) ;
#9144 = CARTESIAN_POINT ( 'NONE',  ( 0.4499999999999855227, 8.699999999999999289, 6.799999999999999822 ) ) ;
#9145 = ADVANCED_FACE ( 'NONE', ( #3904 ), #8881, .F. ) ;
#9146 = CARTESIAN_POINT ( 'NONE',  ( -3.499999638942034696, 10.00158978159489997, 6.799999999999999822 ) ) ;
#9147 = ADVANCED_FACE ( 'NONE', ( #9703 ), #11570, .T. ) ;
#9148 = VECTOR ( 'NONE', #6977, 1000.000000000000000 ) ;
#9149 = CARTESIAN_POINT ( 'NONE',  ( 0.000000000000000000, 10.00000000000000000, 6.000000000000000000 ) ) ;
#9150 = CARTESIAN_POINT ( 'NONE',  ( 7.849999999999999645, 0.5500000000000000444, -7.000000000000000000 ) ) ;
#9151 = CARTESIAN_POINT ( 'NONE',  ( 10.09999999999999964, 21.14999999999999858, 7.297979999999999912 ) ) ;
#9152 =( NAMED_UNIT ( * ) PLANE_ANGLE_UNIT ( ) SI_UNIT ( $, .RADIAN. ) );
#9153 = ORIENTED_EDGE ( 'NONE', *, *, #6193, .F. ) ;
#9154 = ORIENTED_EDGE ( 'NONE', *, *, #5312, .F. ) ;
#9155 = SURFACE_STYLE_FILL_AREA ( #2378 ) ;
#9156 = VERTEX_POINT ( 'NONE', #5291 ) ;
#9157 = AXIS2_PLACEMENT_3D ( 'NONE', #9840, #3117, #8030 ) ;
#9158 = CARTESIAN_POINT ( 'NONE',  ( -4.016218431657985199, 9.264352941734809832, -1.199999999999999956 ) ) ;
#9159 = DIRECTION ( 'NONE',  ( 1.000000000000000000, 0.000000000000000000, 0.000000000000000000 ) ) ;
#9160 = PLANE ( 'NONE',  #10662 ) ;
#9161 = EDGE_CURVE ( 'NONE', #11258, #330, #4285, .T. ) ;
#9162 =( LENGTH_UNIT ( ) NAMED_UNIT ( * ) SI_UNIT ( .MILLI., .METRE. ) );
#9163 = CARTESIAN_POINT ( 'NONE',  ( -2.149999999999999911, 0.5500000000000000444, -8.500000000000000000 ) ) ;
#9164 = ADVANCED_FACE ( 'NONE', ( #3403 ), #2356, .F. ) ;
#9165 = VECTOR ( 'NONE', #6244, 1000.000000000000114 ) ;
#9166 =( LENGTH_UNIT ( ) NAMED_UNIT ( * ) SI_UNIT ( .MILLI., .METRE. ) );
#9167 = CARTESIAN_POINT ( 'NONE',  ( 8.550000000000000711, 17.89999999999999858, -4.599999999999999645 ) ) ;
#9168 = AXIS2_PLACEMENT_3D ( 'NONE', #7897, #4928, #3924 ) ;
#9169 = LINE ( 'NONE', #3440, #11715 ) ;
#9170 = DIRECTION ( 'NONE',  ( -1.000000000000000000, -2.409338161078900167E-16, 0.000000000000000000 ) ) ;
#9171 = VERTEX_POINT ( 'NONE', #9941 ) ;
#9172 = UNCERTAINTY_MEASURE_WITH_UNIT (LENGTH_MEASURE( 1.000000000000000082E-05 ), #1, 'distance_accuracy_value', 'NONE');
#9174 = ORIENTED_EDGE ( 'NONE', *, *, #6289, .T. ) ;
#9173 = COLOUR_RGB ( '',0.2509803921568627416, 0.2509803921568627416, 0.2509803921568627416 ) ;
#9175 = ORIENTED_EDGE ( 'NONE', *, *, #5518, .F. ) ;
#9176 = ORIENTED_EDGE ( 'NONE', *, *, #4340, .T. ) ;
#9177 = DIRECTION ( 'NONE',  ( 0.7071067811865545671, -0.7071067811865405783, 0.000000000000000000 ) ) ;
#9178 = VERTEX_POINT ( 'NONE', #11894 ) ;
#9179 = VECTOR ( 'NONE', #6018, 1000.000000000000000 ) ;
#9180 = ADVANCED_FACE ( 'NONE', ( #1359 ), #2231, .T. ) ;
#9181 = FILL_AREA_STYLE ('',( #7484 ) ) ;
#9182 = CARTESIAN_POINT ( 'NONE',  ( 3.375435743013984968, 7.525688402361390139, -1.199999999999999956 ) ) ;
#9183 = AXIS2_PLACEMENT_3D ( 'NONE', #8936, #11825, #7128 ) ;
#9184 =( NAMED_UNIT ( * ) SI_UNIT ( $, .STERADIAN. ) SOLID_ANGLE_UNIT ( ) );
#9185 = VERTEX_POINT ( 'NONE', #9429 ) ;
#9186 = EDGE_CURVE ( 'NONE', #11107, #6695, #2802, .T. ) ;
#9187 = ORIENTED_EDGE ( 'NONE', *, *, #4532, .F. ) ;
#9188 =( GEOMETRIC_REPRESENTATION_CONTEXT ( 3 ) GLOBAL_UNCERTAINTY_ASSIGNED_CONTEXT ( ( #11481 ) ) GLOBAL_UNIT_ASSIGNED_CONTEXT ( ( #10157, #9284, #12170 ) ) REPRESENTATION_CONTEXT ( 'NONE', 'WORKASPACE' ) );
#9189 = EDGE_LOOP ( 'NONE', ( #5815, #955, #10859, #4587 ) ) ;
#9190 = DIRECTION ( 'NONE',  ( 0.4226182617407010511, 0.9063077870366491595, 0.000000000000000000 ) ) ;
#9191 = UNCERTAINTY_MEASURE_WITH_UNIT (LENGTH_MEASURE( 1.000000000000000082E-05 ), #4451, 'distance_accuracy_value', 'NONE');
#9192 = MECHANICAL_DESIGN_GEOMETRIC_PRESENTATION_REPRESENTATION (  '', ( #2189 ), #12414 ) ;
#9193 = SURFACE_STYLE_USAGE ( .BOTH. , #5095 ) ;
#9194 = PRESENTATION_STYLE_ASSIGNMENT (( #12139 ) ) ;
#9195 = LINE ( 'NONE', #10245, #5847 ) ;
#9196 = DIRECTION ( 'NONE',  ( 0.000000000000000000, 0.000000000000000000, -1.000000000000000000 ) ) ;
#9197 = SURFACE_STYLE_USAGE ( .BOTH. , #11073 ) ;
#9198 = FACE_OUTER_BOUND ( 'NONE', #7602, .T. ) ;
#9199 = SURFACE_SIDE_STYLE ('',( #12027 ) ) ;
#9200 = CIRCLE ( 'NONE', #12006, 0.1500000000000008271 ) ;
#9201 = EDGE_CURVE ( 'NONE', #6984, #291, #4466, .T. ) ;
#9202 = VERTEX_POINT ( 'NONE', #7372 ) ;
#9203 = VECTOR ( 'NONE', #9964, 1000.000000000000000 ) ;
#9204 = ORIENTED_EDGE ( 'NONE', *, *, #3566, .T. ) ;
#9205 = CARTESIAN_POINT ( 'NONE',  ( 0.000000000000000000, 10.00000000000000000, 24.08550494769779959 ) ) ;
#9206 = EDGE_CURVE ( 'NONE', #6408, #9926, #3462, .T. ) ;
#9207 = CARTESIAN_POINT ( 'NONE',  ( -10.34999999999999964, 8.900000000000000355, 5.700000000000000178 ) ) ;
#9208 = DIRECTION ( 'NONE',  ( -1.000000000000000000, 0.000000000000000000, 3.942553354492745404E-15 ) ) ;
#9209 = DIRECTION ( 'NONE',  ( 0.000000000000000000, 3.614007241618349757E-17, -1.000000000000000000 ) ) ;
#9210 = STYLED_ITEM ( 'NONE', ( #10491 ), #6703 ) ;
#9211 = LINE ( 'NONE', #11916, #1170 ) ;
#9212 = SURFACE_SIDE_STYLE ('',( #5426 ) ) ;
#9213 = ORIENTED_EDGE ( 'NONE', *, *, #4042, .F. ) ;
#9214 = ORIENTED_EDGE ( 'NONE', *, *, #2771, .F. ) ;
#9215 = EDGE_CURVE ( 'NONE', #1429, #11437, #7311, .T. ) ;
#9216 = CARTESIAN_POINT ( 'NONE',  ( -0.4500000000001290190, 3.635528095368834755E-15, 6.799999999999999822 ) ) ;
#9217 = AXIS2_PLACEMENT_3D ( 'NONE', #7813, #1114, #5981 ) ;
#9218 = FACE_OUTER_BOUND ( 'NONE', #1418, .T. ) ;
#9219 = EDGE_CURVE ( 'NONE', #5493, #10117, #411, .T. ) ;
#9220 = DIRECTION ( 'NONE',  ( 0.000000000000000000, 0.000000000000000000, 1.000000000000000000 ) ) ;
#9221 = CARTESIAN_POINT ( 'NONE',  ( 7.500000000000000000, 6.500000000000079936, -0.2000000000000000111 ) ) ;
#9222 = DIRECTION ( 'NONE',  ( 0.4226182617407014952, 0.9063077870366490485, 0.000000000000000000 ) ) ;
#9223 = CARTESIAN_POINT ( 'NONE',  ( -0.7660316784771360465, -0.3572064380632170022, 6.799999999999999822 ) ) ;
#9224 = CARTESIAN_POINT ( 'NONE',  ( 10.34999999999999964, 21.16464466094064889, 7.250000000000000000 ) ) ;
#9225 = EDGE_CURVE ( 'NONE', #12015, #9681, #12400, .T. ) ;
#9226 = VERTEX_POINT ( 'NONE', #8423 ) ;
#9227 = EDGE_CURVE ( 'NONE', #1951, #5638, #659, .T. ) ;
#9228 = EDGE_CURVE ( 'NONE', #932, #3828, #1720, .T. ) ;
#9229 = VERTEX_POINT ( 'NONE', #2774 ) ;
#9230 = ORIENTED_EDGE ( 'NONE', *, *, #2701, .F. ) ;
#9231 = ORIENTED_EDGE ( 'NONE', *, *, #6324, .T. ) ;
#9232 = LINE ( 'NONE', #9291, #3081 ) ;
#9233 = MECHANICAL_DESIGN_GEOMETRIC_PRESENTATION_REPRESENTATION (  '', ( #7041 ), #5837 ) ;
#9234 = DIRECTION ( 'NONE',  ( -1.000000000000000000, 0.000000000000000000, 0.000000000000000000 ) ) ;
#9235 = AXIS2_PLACEMENT_3D ( 'NONE', #10212, #10978, #9220 ) ;
#9236 = ORIENTED_EDGE ( 'NONE', *, *, #2588, .T. ) ;
#9237 = LINE ( 'NONE', #12005, #10263 ) ;
#9238 = DIRECTION ( 'NONE',  ( 0.8660254037844387076, -0.4999999999999998890, 0.000000000000000000 ) ) ;
#9239 = SURFACE_STYLE_USAGE ( .BOTH. , #5402 ) ;
#9240 = VECTOR ( 'NONE', #432, 1000.000000000000000 ) ;
#9241 = ADVANCED_FACE ( 'NONE', ( #8361 ), #2647, .T. ) ;
#9242 = ORIENTED_EDGE ( 'NONE', *, *, #6730, .F. ) ;
#9243 = VERTEX_POINT ( 'NONE', #9246 ) ;
#9244 = CARTESIAN_POINT ( 'NONE',  ( 1.300000000000000044, 15.75499782797525050, 6.799999999999999822 ) ) ;
#9245 = ORIENTED_EDGE ( 'NONE', *, *, #11676, .F. ) ;
#9246 = CARTESIAN_POINT ( 'NONE',  ( -2.149999999999999911, -3.000000000000000000, -8.000000000000000000 ) ) ;
#9247 = DIRECTION ( 'NONE',  ( 1.000000000000000000, 0.000000000000000000, 0.000000000000000000 ) ) ;
#9248 = FILL_AREA_STYLE ('',( #5410 ) ) ;
#9249 = STYLED_ITEM ( 'NONE', ( #8010 ), #10088 ) ;
#9250 = FILL_AREA_STYLE ('',( #847 ) ) ;
#9251 =( GEOMETRIC_REPRESENTATION_CONTEXT ( 3 ) GLOBAL_UNCERTAINTY_ASSIGNED_CONTEXT ( ( #6136 ) ) GLOBAL_UNIT_ASSIGNED_CONTEXT ( ( #9448, #9386, #10199 ) ) REPRESENTATION_CONTEXT ( 'NONE', 'WORKASPACE' ) );
#9252 =( NAMED_UNIT ( * ) PLANE_ANGLE_UNIT ( ) SI_UNIT ( $, .RADIAN. ) );
#9253 = SURFACE_STYLE_USAGE ( .BOTH. , #5414 ) ;
#9254 = DIRECTION ( 'NONE',  ( 0.000000000000000000, 0.000000000000000000, -1.000000000000000000 ) ) ;
#9255 = EDGE_CURVE ( 'NONE', #11351, #1358, #3578, .T. ) ;
#9256 = LINE ( 'NONE', #11962, #11988 ) ;
#9257 = PRESENTATION_STYLE_ASSIGNMENT (( #11134 ) ) ;
#9258 = AXIS2_PLACEMENT_3D ( 'NONE', #400, #4213, #8059 ) ;
#9259 = ORIENTED_EDGE ( 'NONE', *, *, #497, .F. ) ;
#9260 = MECHANICAL_DESIGN_GEOMETRIC_PRESENTATION_REPRESENTATION (  '', ( #8258 ), #10449 ) ;
#9261 = ORIENTED_EDGE ( 'NONE', *, *, #2995, .T. ) ;
#9262 = CARTESIAN_POINT ( 'NONE',  ( 7.150000000000000355, 0.5500000000000000444, -4.500000000000000000 ) ) ;
#9263 =( LENGTH_UNIT ( ) NAMED_UNIT ( * ) SI_UNIT ( .MILLI., .METRE. ) );
#9264 = CYLINDRICAL_SURFACE ( 'NONE', #11808, 0.5000000000000004441 ) ;
#9265 = CARTESIAN_POINT ( 'NONE',  ( -4.119968255444899593E-16, 1.899999999999999911, 5.500000000000000000 ) ) ;
#9266 = CIRCLE ( 'NONE', #3837, 0.9000000000000140110 ) ;
#9267 = ADVANCED_FACE ( 'NONE', ( #12136 ), #1831, .T. ) ;
#9268 = MECHANICAL_DESIGN_GEOMETRIC_PRESENTATION_REPRESENTATION (  '', ( #11886 ), #5270 ) ;
#9269 = FILL_AREA_STYLE ('',( #4367 ) ) ;
#9270 = CARTESIAN_POINT ( 'NONE',  ( 10.14461134518050045, 21.15976310729380216, 7.276099332938169795 ) ) ;
#9271 = DIRECTION ( 'NONE',  ( 0.000000000000000000, 0.000000000000000000, -1.000000000000000000 ) ) ;
#9272 = ORIENTED_EDGE ( 'NONE', *, *, #11900, .T. ) ;
#9273 = ORIENTED_EDGE ( 'NONE', *, *, #10070, .F. ) ;
#9274 = VECTOR ( 'NONE', #8060, 1000.000000000000000 ) ;
#9275 = FILL_AREA_STYLE ('',( #444 ) ) ;
#9276 =( NAMED_UNIT ( * ) SI_UNIT ( $, .STERADIAN. ) SOLID_ANGLE_UNIT ( ) );
#9277 = DIRECTION ( 'NONE',  ( -1.000000000000000000, -1.015365341201898201E-14, 0.000000000000000000 ) ) ;
#9278 = CARTESIAN_POINT ( 'NONE',  ( 10.10976310729378014, 21.37305672590244754, 7.380496664690819664 ) ) ;
#9279 = SURFACE_STYLE_USAGE ( .BOTH. , #5440 ) ;
#9280 = DIRECTION ( 'NONE',  ( 1.000000000000000000, 0.000000000000000000, 0.000000000000000000 ) ) ;
#9281 = EDGE_CURVE ( 'NONE', #886, #3387, #9972, .T. ) ;
#9282 = DIRECTION ( 'NONE',  ( 0.8660254037844431485, 0.4999999999999921174, 0.000000000000000000 ) ) ;
#9283 = VECTOR ( 'NONE', #6001, 1000.000000000000000 ) ;
#9284 =( NAMED_UNIT ( * ) PLANE_ANGLE_UNIT ( ) SI_UNIT ( $, .RADIAN. ) );
#9285 = CIRCLE ( 'NONE', #3859, 1.750000000000001554 ) ;
#9286 = PRESENTATION_STYLE_ASSIGNMENT (( #2690 ) ) ;
#9287 = ORIENTED_EDGE ( 'NONE', *, *, #11693, .T. ) ;
#9288 = ORIENTED_EDGE ( 'NONE', *, *, #4300, .T. ) ;
#9289 = VERTEX_POINT ( 'NONE', #1271 ) ;
#9290 = ORIENTED_EDGE ( 'NONE', *, *, #7108, .T. ) ;
#9291 = CARTESIAN_POINT ( 'NONE',  ( -10.15000000000021885, 21.10000000000000142, 7.200000000000000178 ) ) ;
#9292 = UNCERTAINTY_MEASURE_WITH_UNIT (LENGTH_MEASURE( 1.000000000000000082E-05 ), #6517, 'distance_accuracy_value', 'NONE');
#9293 = EDGE_CURVE ( 'NONE', #3249, #521, #10722, .T. ) ;
#9294 = VECTOR ( 'NONE', #4508, 1000.000000000000000 ) ;
#9295 =( GEOMETRIC_REPRESENTATION_CONTEXT ( 3 ) GLOBAL_UNCERTAINTY_ASSIGNED_CONTEXT ( ( #12180 ) ) GLOBAL_UNIT_ASSIGNED_CONTEXT ( ( #8170, #7170, #3442 ) ) REPRESENTATION_CONTEXT ( 'NONE', 'WORKASPACE' ) );
#9296 = ADVANCED_FACE ( 'NONE', ( #5063 ), #5130, .T. ) ;
#9297 = CARTESIAN_POINT ( 'NONE',  ( -2.000000000000000000, 1.699999999999999956, 5.150000000000000355 ) ) ;
#9298 = EDGE_CURVE ( 'NONE', #2409, #2396, #9850, .T. ) ;
#9299 =( LENGTH_UNIT ( ) NAMED_UNIT ( * ) SI_UNIT ( .MILLI., .METRE. ) );
#9300 = FILL_AREA_STYLE ('',( #4698 ) ) ;
#9301 = FILL_AREA_STYLE ('',( #6230 ) ) ;
#9302 = ORIENTED_EDGE ( 'NONE', *, *, #9227, .T. ) ;
#9303 = ORIENTED_EDGE ( 'NONE', *, *, #12171, .T. ) ;
#9304 = ORIENTED_EDGE ( 'NONE', *, *, #9773, .F. ) ;
#9305 = FACE_BOUND ( 'NONE', #12113, .T. ) ;
#9306 = ORIENTED_EDGE ( 'NONE', *, *, #8819, .T. ) ;
#9307 = CARTESIAN_POINT ( 'NONE',  ( -10.09999999999999964, 21.14999999999999858, 7.299999999999999822 ) ) ;
#9308 = CARTESIAN_POINT ( 'NONE',  ( -10.09999999999999964, 8.900000000000000355, 7.250000000000000000 ) ) ;
#9309 = COLOUR_RGB ( '',0.2509803921568627416, 0.2509803921568627416, 0.2509803921568627416 ) ;
#9310 = VECTOR ( 'NONE', #1630, 1000.000000000000000 ) ;
#9311 = CARTESIAN_POINT ( 'NONE',  ( -5.899999999999999467, 10.00000000000000000, 6.799999999999999822 ) ) ;
#9312 = DIRECTION ( 'NONE',  ( 0.000000000000000000, 0.000000000000000000, 1.000000000000000000 ) ) ;
#9313 =( NAMED_UNIT ( * ) SI_UNIT ( $, .STERADIAN. ) SOLID_ANGLE_UNIT ( ) );
#9314 = EDGE_CURVE ( 'NONE', #8965, #4870, #7037, .T. ) ;
#9315 = DIRECTION ( 'NONE',  ( 0.000000000000000000, -1.000000000000000000, 0.000000000000000000 ) ) ;
#9316 = PRESENTATION_LAYER_ASSIGNMENT (  '', '', ( #11515 ) ) ;
#9317 = SURFACE_STYLE_FILL_AREA ( #977 ) ;
#9318 = CYLINDRICAL_SURFACE ( 'NONE', #518, 0.9000000000000000222 ) ;
#9319 = CARTESIAN_POINT ( 'NONE',  ( 2.850000000000000089, -3.000000000000000000, -8.000000000000000000 ) ) ;
#9320 = CONICAL_SURFACE ( 'NONE', #8124, 1.320190296114374107, 0.7853981633974560506 ) ;
#9321 = VERTEX_POINT ( 'NONE', #9797 ) ;
#9322 = VECTOR ( 'NONE', #7494, 1000.000000000000000 ) ;
#9323 = ORIENTED_EDGE ( 'NONE', *, *, #5773, .F. ) ;
#9324 = DIRECTION ( 'NONE',  ( 1.000000000000000000, 0.000000000000000000, 0.000000000000000000 ) ) ;
#9325 = LINE ( 'NONE', #795, #4771 ) ;
#9326 = CARTESIAN_POINT ( 'NONE',  ( -10.14999999999999858, 8.599999999999999645, -4.599999999999999645 ) ) ;
#9327 = LINE ( 'NONE', #741, #10655 ) ;
#9328 = VECTOR ( 'NONE', #8763, 1000.000000000000000 ) ;
#9329 = CARTESIAN_POINT ( 'NONE',  ( -3.200000000000000178, 1.999999999999964917, 7.299999999999999822 ) ) ;
#9330 = LINE ( 'NONE', #2670, #6754 ) ;
#9331 = VECTOR ( 'NONE', #8516, 1000.000000000000000 ) ;
#9332 = CARTESIAN_POINT ( 'NONE',  ( 10.14280904683520212, 21.15976310729380216, 7.275044919887459827 ) ) ;
#9333 = EDGE_CURVE ( 'NONE', #1972, #1490, #4123, .T. ) ;
#9334 = CARTESIAN_POINT ( 'NONE',  ( 7.200000000000000178, 10.00000000000000000, 7.200000000000000178 ) ) ;
#9335 = VERTEX_POINT ( 'NONE', #6143 ) ;
#9336 = ORIENTED_EDGE ( 'NONE', *, *, #7324, .F. ) ;
#9337 = DIRECTION ( 'NONE',  ( 0.000000000000000000, 0.000000000000000000, -1.000000000000000000 ) ) ;
#9338 = EDGE_CURVE ( 'NONE', #1715, #5431, #4770, .T. ) ;
#9339 = CARTESIAN_POINT ( 'NONE',  ( -15.62500000000000000, 15.62500000000000000, 5.700000000000000178 ) ) ;
#9340 = CARTESIAN_POINT ( 'NONE',  ( -4.857225732735069962E-14, 8.400000000000000355, 6.799999999999999822 ) ) ;
#9341 = DIRECTION ( 'NONE',  ( 1.000000000000000000, 0.000000000000000000, 0.000000000000000000 ) ) ;
#9342 = CARTESIAN_POINT ( 'NONE',  ( 0.3499999999999999778, -3.000000000000000000, -9.500000000000000000 ) ) ;
#9343 =( NAMED_UNIT ( * ) SI_UNIT ( $, .STERADIAN. ) SOLID_ANGLE_UNIT ( ) );
#9344 = DIRECTION ( 'NONE',  ( -9.925400323074660971E-15, 1.000000000000000000, 0.000000000000000000 ) ) ;
#9345 = LINE ( 'NONE', #9105, #5935 ) ;
#9346 = PRESENTATION_STYLE_ASSIGNMENT (( #2623 ) ) ;
#9347 = AXIS2_PLACEMENT_3D ( 'NONE', #8072, #5100, #10128 ) ;
#9348 = ORIENTED_EDGE ( 'NONE', *, *, #5419, .T. ) ;
#9349 = VERTEX_POINT ( 'NONE', #11668 ) ;
#9350 = ORIENTED_EDGE ( 'NONE', *, *, #2151, .T. ) ;
#9351 = EDGE_CURVE ( 'NONE', #10074, #1029, #4708, .T. ) ;
#9352 = ORIENTED_EDGE ( 'NONE', *, *, #6653, .F. ) ;
#9353 = CARTESIAN_POINT ( 'NONE',  ( 0.4500000000003699929, 1.430264645903345572E-14, 6.799999999999999822 ) ) ;
#9354 = LINE ( 'NONE', #10407, #7471 ) ;
#9355 = PLANE ( 'NONE',  #8564 ) ;
#9356 = VECTOR ( 'NONE', #9598, 1000.000000000000000 ) ;
#9357 = DIRECTION ( 'NONE',  ( 0.9063077870366582633, 0.4226182617406816222, 0.000000000000000000 ) ) ;
#9358 = PRESENTATION_STYLE_ASSIGNMENT (( #5399 ) ) ;
#9359 = MECHANICAL_DESIGN_GEOMETRIC_PRESENTATION_REPRESENTATION (  '', ( #2357 ), #5940 ) ;
#9360 = CARTESIAN_POINT ( 'NONE',  ( -10.10488155364686058, 21.17504491988744775, 7.292809046835239783 ) ) ;
#9361 = VECTOR ( 'NONE', #9583, 1000.000000000000000 ) ;
#9362 = ORIENTED_EDGE ( 'NONE', *, *, #3753, .T. ) ;
#9363 = ORIENTED_EDGE ( 'NONE', *, *, #7598, .T. ) ;
#9364 = EDGE_CURVE ( 'NONE', #7035, #3063, #2267, .T. ) ;
#9365 = VERTEX_POINT ( 'NONE', #6086 ) ;
#9366 =( LENGTH_UNIT ( ) NAMED_UNIT ( * ) SI_UNIT ( .MILLI., .METRE. ) );
#9367 = ORIENTED_EDGE ( 'NONE', *, *, #1787, .F. ) ;
#9368 = DIRECTION ( 'NONE',  ( 0.000000000000000000, 0.000000000000000000, -1.000000000000000000 ) ) ;
#9369 = CARTESIAN_POINT ( 'NONE',  ( 0.4499999999999864664, 8.400000000000000355, -1.199999999999999956 ) ) ;
#9370 = STYLED_ITEM ( 'NONE', ( #3276 ), #3813 ) ;
#9371 = PLANE ( 'NONE',  #10200 ) ;
#9372 = PLANE ( 'NONE',  #3417 ) ;
#9373 = CIRCLE ( 'NONE', #8366, 5.899999999999999467 ) ;
#9374 = LINE ( 'NONE', #4655, #3143 ) ;
#9375 = CARTESIAN_POINT ( 'NONE',  ( 3.500000000000000000, -7.828123272804480478E-16, 7.500000000000000000 ) ) ;
#9376 = UNCERTAINTY_MEASURE_WITH_UNIT (LENGTH_MEASURE( 1.000000000000000082E-05 ), #10217, 'distance_accuracy_value', 'NONE');
#9377 = SURFACE_STYLE_USAGE ( .BOTH. , #852 ) ;
#9378 = PLANE ( 'NONE',  #12332 ) ;
#9379 = DIRECTION ( 'NONE',  ( 1.000000000000000000, 0.000000000000000000, 0.000000000000000000 ) ) ;
#9380 = ADVANCED_FACE ( 'NONE', ( #7106 ), #9910, .T. ) ;
#9381 = EDGE_CURVE ( 'NONE', #2641, #640, #6666, .T. ) ;
#9382 = VERTEX_POINT ( 'NONE', #4190 ) ;
#9383 = ORIENTED_EDGE ( 'NONE', *, *, #3788, .F. ) ;
#9384 =( NAMED_UNIT ( * ) PLANE_ANGLE_UNIT ( ) SI_UNIT ( $, .RADIAN. ) );
#9385 = CARTESIAN_POINT ( 'NONE',  ( 0.000000000000000000, 10.00000000000000000, 7.299999999999999822 ) ) ;
#9386 =( NAMED_UNIT ( * ) PLANE_ANGLE_UNIT ( ) SI_UNIT ( $, .RADIAN. ) );
#9387 = SURFACE_STYLE_FILL_AREA ( #7513 ) ;
#9388 = VECTOR ( 'NONE', #3238, 1000.000000000000114 ) ;
#9389 = CARTESIAN_POINT ( 'NONE',  ( -7.850000000000129319, 12.77500000000000036, -6.099999999999901057 ) ) ;
#9390 = STYLED_ITEM ( 'NONE', ( #9106 ), #12200 ) ;
#9391 = CARTESIAN_POINT ( 'NONE',  ( 1.968193061355719919, 11.21240298306872063, 6.799999999999999822 ) ) ;
#9392 = SURFACE_STYLE_USAGE ( .BOTH. , #10321 ) ;
#9393 = VECTOR ( 'NONE', #5537, 1000.000000000000000 ) ;
#9394 = ORIENTED_EDGE ( 'NONE', *, *, #3753, .F. ) ;
#9395 = ORIENTED_EDGE ( 'NONE', *, *, #394, .T. ) ;
#9396 = EDGE_CURVE ( 'NONE', #7538, #11821, #4794, .T. ) ;
#9397 = EDGE_LOOP ( 'NONE', ( #9303, #11831, #8895, #7352, #5319, #7539 ) ) ;
#9398 = AXIS2_PLACEMENT_3D ( 'NONE', #5367, #11325, #3477 ) ;
#9399 = FACE_OUTER_BOUND ( 'NONE', #6096, .T. ) ;
#9400 = CARTESIAN_POINT ( 'NONE',  ( 3.000000000000000000, 1.699999999999999956, 5.150000000000000355 ) ) ;
#9401 = CARTESIAN_POINT ( 'NONE',  ( -0.4500000000000279887, 12.50000000000000000, -1.199999999999999956 ) ) ;
#9402 = VECTOR ( 'NONE', #7335, 1000.000000000000000 ) ;
#9403 = DIRECTION ( 'NONE',  ( 7.575408038632519885E-31, 1.825171967322120018E-46, 1.000000000000000000 ) ) ;
#9404 = FACE_OUTER_BOUND ( 'NONE', #190, .T. ) ;
#9405 = EDGE_CURVE ( 'NONE', #9565, #11362, #11438, .T. ) ;
#9406 = ORIENTED_EDGE ( 'NONE', *, *, #4232, .T. ) ;
#9407 = STYLED_ITEM ( 'NONE', ( #4662 ), #9055 ) ;
#9408 = VERTEX_POINT ( 'NONE', #7848 ) ;
#9409 = ORIENTED_EDGE ( 'NONE', *, *, #333, .F. ) ;
#9410 = ORIENTED_EDGE ( 'NONE', *, *, #9225, .F. ) ;
#9411 = LINE ( 'NONE', #2880, #9708 ) ;
#9412 = DIRECTION ( 'NONE',  ( -3.178365879782604653E-14, 1.000000000000000000, 0.000000000000000000 ) ) ;
#9413 = DIRECTION ( 'NONE',  ( 0.5773502691896258421, 0.5773502691896258421, 0.5773502691896258421 ) ) ;
#9414 = AXIS2_PLACEMENT_3D ( 'NONE', #10559, #5730, #6681 ) ;
#9415 = DIRECTION ( 'NONE',  ( 1.000000000000000000, 0.000000000000000000, 0.000000000000000000 ) ) ;
#9416 = VECTOR ( 'NONE', #9379, 1000.000000000000000 ) ;
#9417 = LINE ( 'NONE', #4399, #6979 ) ;
#9418 = EDGE_CURVE ( 'NONE', #1563, #6033, #2331, .T. ) ;
#9419 = DIRECTION ( 'NONE',  ( 0.000000000000000000, 0.000000000000000000, 1.000000000000000000 ) ) ;
#9420 = CARTESIAN_POINT ( 'NONE',  ( 3.369762170048749894, 12.55499954613303970, 6.799999999999999822 ) ) ;
#9421 = VERTEX_POINT ( 'NONE', #5717 ) ;
#9422 = ORIENTED_EDGE ( 'NONE', *, *, #4300, .F. ) ;
#9423 = ADVANCED_FACE ( 'NONE', ( #3066 ), #9566, .F. ) ;
#9424 = VECTOR ( 'NONE', #6568, 1000.000000000000000 ) ;
#9425 = VERTEX_POINT ( 'NONE', #1206 ) ;
#9426 = FILL_AREA_STYLE ('',( #12316 ) ) ;
#9427 = CARTESIAN_POINT ( 'NONE',  ( 6.250000000000000000, 2.700000000000000178, 7.500000000000000000 ) ) ;
#9428 = VERTEX_POINT ( 'NONE', #4995 ) ;
#9429 = CARTESIAN_POINT ( 'NONE',  ( -2.983780846226099737, 10.73882662145499900, 6.799999999999999822 ) ) ;
#9430 = SURFACE_STYLE_FILL_AREA ( #10657 ) ;
#9431 = CARTESIAN_POINT ( 'NONE',  ( -7.500000000000000000, -0.2298097038857039864, -0.2000000000000000111 ) ) ;
#9432 = CARTESIAN_POINT ( 'NONE',  ( -7.849999999999999645, 3.200000000000000178, -4.500000000000000000 ) ) ;
#9433 = FACE_BOUND ( 'NONE', #2626, .T. ) ;
#9434 = DIRECTION ( 'NONE',  ( 0.000000000000000000, 0.000000000000000000, 1.000000000000000000 ) ) ;
#9435 = PRESENTATION_STYLE_ASSIGNMENT (( #5415 ) ) ;
#9436 = EDGE_CURVE ( 'NONE', #2523, #5023, #11737, .T. ) ;
#9437 = FILL_AREA_STYLE ('',( #3773 ) ) ;
#9438 = CIRCLE ( 'NONE', #5011, 0.9000000000000000222 ) ;
#9439 = CARTESIAN_POINT ( 'NONE',  ( -0.4500000000000370370, 11.37942286340599907, 6.799999999999999822 ) ) ;
#9440 = CARTESIAN_POINT ( 'NONE',  ( 1.025354262694691876, 0.4781305450164100024, -1.199999999999999956 ) ) ;
#9441 = ORIENTED_EDGE ( 'NONE', *, *, #4055, .T. ) ;
#9442 = AXIS2_PLACEMENT_3D ( 'NONE', #9638, #7005, #2232 ) ;
#9443 = ORIENTED_EDGE ( 'NONE', *, *, #6688, .F. ) ;
#9444 = CARTESIAN_POINT ( 'NONE',  ( 5.349999999999999645, 0.5500000000000000444, -8.500000000000000000 ) ) ;
#9445 = VECTOR ( 'NONE', #11097, 1000.000000000000000 ) ;
#9446 = COLOUR_RGB ( '',0.2509803921568627416, 0.2509803921568627416, 0.2509803921568627416 ) ;
#9447 = CARTESIAN_POINT ( 'NONE',  ( -2.850000000000000089, -3.000000000000000000, -7.000000000000000000 ) ) ;
#9448 =( LENGTH_UNIT ( ) NAMED_UNIT ( * ) SI_UNIT ( .MILLI., .METRE. ) );
#9449 = CARTESIAN_POINT ( 'NONE',  ( 3.500000000000000000, 2.000000000000000000, 7.299999999999999822 ) ) ;
#9450 = EDGE_CURVE ( 'NONE', #2725, #11956, #11838, .T. ) ;
#9451 = EDGE_CURVE ( 'NONE', #441, #4988, #12042, .T. ) ;
#9452 = CARTESIAN_POINT ( 'NONE',  ( -0.4500000000000000111, -2.176962931357979717E-16, 6.799999999999999822 ) ) ;
#9453 = CARTESIAN_POINT ( 'NONE',  ( 10.05000000000000071, 8.900000000000000355, 7.299999999999999822 ) ) ;
#9454 = PRESENTATION_STYLE_ASSIGNMENT (( #9584 ) ) ;
#9455 = AXIS2_PLACEMENT_3D ( 'NONE', #93, #10743, #4082 ) ;
#9456 = DIRECTION ( 'NONE',  ( -1.000000000000000000, -9.925400323074660971E-15, 0.000000000000000000 ) ) ;
#9457 = CIRCLE ( 'NONE', #6849, 0.2500000000000002220 ) ;
#9458 = VERTEX_POINT ( 'NONE', #625 ) ;
#9459 = DIRECTION ( 'NONE',  ( 0.000000000000000000, 1.000000000000000000, 0.000000000000000000 ) ) ;
#9460 = VERTEX_POINT ( 'NONE', #6209 ) ;
#9461 = FILL_AREA_STYLE_COLOUR ( '', #3820 ) ;
#9462 = AXIS2_PLACEMENT_3D ( 'NONE', #4957, #8805, #207 ) ;
#9463 = CARTESIAN_POINT ( 'NONE',  ( 10.34999999999999964, 21.16464466094064889, 7.250000000000000000 ) ) ;
#9464 = DIRECTION ( 'NONE',  ( -1.000000000000000000, -1.509360965741520140E-14, 0.000000000000000000 ) ) ;
#9465 = PLANE ( 'NONE',  #10123 ) ;
#9466 = CARTESIAN_POINT ( 'NONE',  ( 10.14999999999999858, 21.10000000000000142, -17.80452084174450178 ) ) ;
#9467 = PRESENTATION_LAYER_ASSIGNMENT (  '', '', ( #7468 ) ) ;
#9468 = DIRECTION ( 'NONE',  ( 0.000000000000000000, 0.000000000000000000, 1.000000000000000000 ) ) ;
#9469 = EDGE_CURVE ( 'NONE', #4747, #2892, #8160, .T. ) ;
#9470 = DIRECTION ( 'NONE',  ( -8.758115402030110583E-47, -1.000000000000000000, 1.387778780781445922E-16 ) ) ;
#9471 =( NAMED_UNIT ( * ) PLANE_ANGLE_UNIT ( ) SI_UNIT ( $, .RADIAN. ) );
#9472 = AXIS2_PLACEMENT_3D ( 'NONE', #3128, #2006, #6973 ) ;
#9474 = FACE_OUTER_BOUND ( 'NONE', #8525, .T. ) ;
#9473 = AXIS2_PLACEMENT_3D ( 'NONE', #3629, #1706, #6471 ) ;
#9475 = ORIENTED_EDGE ( 'NONE', *, *, #5614, .F. ) ;
#9476 = VECTOR ( 'NONE', #4672, 1000.000000000000114 ) ;
#9477 = EDGE_LOOP ( 'NONE', ( #6850, #9383, #1476, #10841 ) ) ;
#9478 = ORIENTED_EDGE ( 'NONE', *, *, #12287, .F. ) ;
#9479 = AXIS2_PLACEMENT_3D ( 'NONE', #8474, #12312, #12380 ) ;
#9480 = ORIENTED_EDGE ( 'NONE', *, *, #2363, .F. ) ;
#9481 = SURFACE_STYLE_FILL_AREA ( #5635 ) ;
#9482 = FILL_AREA_STYLE_COLOUR ( '', #456 ) ;
#9483 = ORIENTED_EDGE ( 'NONE', *, *, #10129, .T. ) ;
#9484 =( GEOMETRIC_REPRESENTATION_CONTEXT ( 3 ) GLOBAL_UNCERTAINTY_ASSIGNED_CONTEXT ( ( #9520 ) ) GLOBAL_UNIT_ASSIGNED_CONTEXT ( ( #5437, #8279, #2560 ) ) REPRESENTATION_CONTEXT ( 'NONE', 'WORKASPACE' ) );
#9485 = FILL_AREA_STYLE ('',( #9612 ) ) ;
#9486 = COLOUR_RGB ( '',0.2509803921568627416, 0.2509803921568627416, 0.2509803921568627416 ) ;
#9487 = CARTESIAN_POINT ( 'NONE',  ( -2.000000000000000000, 1.899999999999999911, 4.899999999999999467 ) ) ;
#9488 = ORIENTED_EDGE ( 'NONE', *, *, #8614, .T. ) ;
#9489 = VERTEX_POINT ( 'NONE', #11037 ) ;
#9490 = ORIENTED_EDGE ( 'NONE', *, *, #9405, .T. ) ;
#9491 = ORIENTED_EDGE ( 'NONE', *, *, #801, .T. ) ;
#9492 = CYLINDRICAL_SURFACE ( 'NONE', #10694, 0.9250000000000001554 ) ;
#9493 = COLOUR_RGB ( '',0.2509803921568627416, 0.2509803921568627416, 0.2509803921568627416 ) ;
#9494 = EDGE_CURVE ( 'NONE', #10529, #3854, #7342, .T. ) ;
#9495 = CARTESIAN_POINT ( 'NONE',  ( 5.030347782047409844, 10.78761563116992050, 6.799999999999999822 ) ) ;
#9496 = ORIENTED_EDGE ( 'NONE', *, *, #6563, .T. ) ;
#9497 = CARTESIAN_POINT ( 'NONE',  ( 0.000000000000000000, 21.14999999999999858, 5.500000000000079048 ) ) ;
#9498 = DIRECTION ( 'NONE',  ( 0.000000000000000000, -1.000000000000000000, 0.000000000000000000 ) ) ;
#9499 = PLANE ( 'NONE',  #9013 ) ;
#9500 = LINE ( 'NONE', #3017, #2823 ) ;
#9501 = DIRECTION ( 'NONE',  ( 1.253297255179871903E-29, -1.000000000000000000, -2.103407175254375144E-44 ) ) ;
#9502 = CARTESIAN_POINT ( 'NONE',  ( -10.14797999999999867, 21.16219726118095323, 7.262595170362749819 ) ) ;
#9503 = DIRECTION ( 'NONE',  ( 0.000000000000000000, 0.000000000000000000, 1.000000000000000000 ) ) ;
#9504 = STYLED_ITEM ( 'NONE', ( #3998 ), #8593 ) ;
#9505 = PRESENTATION_LAYER_ASSIGNMENT (  '', '', ( #6890 ) ) ;
#9506 = FACE_OUTER_BOUND ( 'NONE', #8417, .T. ) ;
#9507 =( LENGTH_UNIT ( ) NAMED_UNIT ( * ) SI_UNIT ( .MILLI., .METRE. ) );
#9508 = ORIENTED_EDGE ( 'NONE', *, *, #1125, .T. ) ;
#9509 = CIRCLE ( 'NONE', #2888, 7.200000000000000178 ) ;
#9510 = AXIS2_PLACEMENT_3D ( 'NONE', #8852, #6779, #11670 ) ;
#9511 = EDGE_CURVE ( 'NONE', #2197, #7305, #2617, .T. ) ;
#9512 = ORIENTED_EDGE ( 'NONE', *, *, #11345, .T. ) ;
#9513 = EDGE_CURVE ( 'NONE', #8498, #2147, #3316, .T. ) ;
#9514 = DIRECTION ( 'NONE',  ( -8.182657905550979512E-17, 1.000000000000000000, 0.000000000000000000 ) ) ;
#9515 = DIRECTION ( 'NONE',  ( 0.4226182617407010511, 0.9063077870366492705, 0.000000000000000000 ) ) ;
#9516 =( NAMED_UNIT ( * ) SI_UNIT ( $, .STERADIAN. ) SOLID_ANGLE_UNIT ( ) );
#9517 =( GEOMETRIC_REPRESENTATION_CONTEXT ( 3 ) GLOBAL_UNCERTAINTY_ASSIGNED_CONTEXT ( ( #5691 ) ) GLOBAL_UNIT_ASSIGNED_CONTEXT ( ( #2193, #1258, #6321 ) ) REPRESENTATION_CONTEXT ( 'NONE', 'WORKASPACE' ) );
#9518 = CARTESIAN_POINT ( 'NONE',  ( -2.000000000000000000, -2.401009032218150097, 4.899999999999999467 ) ) ;
#9519 = DIRECTION ( 'NONE',  ( -1.000000000000000000, 0.000000000000000000, 3.718869191154470885E-15 ) ) ;
#9520 = UNCERTAINTY_MEASURE_WITH_UNIT (LENGTH_MEASURE( 1.000000000000000082E-05 ), #5437, 'distance_accuracy_value', 'NONE');
#9521 = FACE_OUTER_BOUND ( 'NONE', #172, .T. ) ;
#9522 = DIRECTION ( 'NONE',  ( 1.000000000000000000, 0.000000000000000000, 0.000000000000000000 ) ) ;
#9523 = AXIS2_PLACEMENT_3D ( 'NONE', #11334, #8444, #4669 ) ;
#9524 = DIRECTION ( 'NONE',  ( 0.000000000000000000, -1.000000000000000000, 0.000000000000000000 ) ) ;
#9525 = SURFACE_SIDE_STYLE ('',( #10323 ) ) ;
#9526 = ORIENTED_EDGE ( 'NONE', *, *, #9436, .T. ) ;
#9527 = PRESENTATION_LAYER_ASSIGNMENT (  '', '', ( #6513 ) ) ;
#9528 = CARTESIAN_POINT ( 'NONE',  ( 3.000000000000000000, 1.649999999999999911, 4.899999999999999467 ) ) ;
#9529 = EDGE_CURVE ( 'NONE', #1577, #4763, #6331, .T. ) ;
#9530 = ORIENTED_EDGE ( 'NONE', *, *, #6813, .T. ) ;
#9531 = PRESENTATION_STYLE_ASSIGNMENT (( #7589 ) ) ;
#9532 = ADVANCED_FACE ( 'NONE', ( #2441 ), #6388, .F. ) ;
#9533 = DIRECTION ( 'NONE',  ( 0.000000000000000000, 1.000000000000000000, 0.000000000000000000 ) ) ;
#9534 = AXIS2_PLACEMENT_3D ( 'NONE', #5032, #169, #3977 ) ;
#9535 = SURFACE_STYLE_FILL_AREA ( #6885 ) ;
#9536 = SURFACE_STYLE_USAGE ( .BOTH. , #6452 ) ;
#9537 = AXIS2_PLACEMENT_3D ( 'NONE', #2987, #11588, #4926 ) ;
#9538 = MECHANICAL_DESIGN_GEOMETRIC_PRESENTATION_REPRESENTATION (  '', ( #10940 ), #5709 ) ;
#9539 = SURFACE_STYLE_USAGE ( .BOTH. , #12360 ) ;
#9540 = DIRECTION ( 'NONE',  ( 0.7071067811865504593, 6.960457745505828573E-15, -0.7071067811865445751 ) ) ;
#9541 = LINE ( 'NONE', #8581, #5678 ) ;
#9542 = ORIENTED_EDGE ( 'NONE', *, *, #10027, .F. ) ;
#9543 = ORIENTED_EDGE ( 'NONE', *, *, #6772, .F. ) ;
#9544 = ORIENTED_EDGE ( 'NONE', *, *, #8761, .T. ) ;
#9545 = EDGE_CURVE ( 'NONE', #1029, #8022, #688, .T. ) ;
#9546 = AXIS2_PLACEMENT_3D ( 'NONE', #7558, #2425, #8206 ) ;
#9547 = ORIENTED_EDGE ( 'NONE', *, *, #3752, .T. ) ;
#9548 = FACE_OUTER_BOUND ( 'NONE', #12242, .T. ) ;
#9549 = EDGE_CURVE ( 'NONE', #10045, #10111, #8277, .T. ) ;
#9550 = FACE_BOUND ( 'NONE', #9033, .T. ) ;
#9551 = PLANE ( 'NONE',  #4045 ) ;
#9552 =( NAMED_UNIT ( * ) PLANE_ANGLE_UNIT ( ) SI_UNIT ( $, .RADIAN. ) );
#9553 = CARTESIAN_POINT ( 'NONE',  ( -5.349999999999999645, 0.5500000000000000444, -8.500000000000000000 ) ) ;
#9554 = MECHANICAL_DESIGN_GEOMETRIC_PRESENTATION_REPRESENTATION (  '', ( #1619 ), #1349 ) ;
#9555 = PLANE ( 'NONE',  #1566 ) ;
#9556 = DIRECTION ( 'NONE',  ( 1.445602896647337931E-16, 1.000000000000000000, 0.000000000000000000 ) ) ;
#9557 = DIRECTION ( 'NONE',  ( 1.000000000000000000, 0.000000000000000000, -3.718869191154470885E-15 ) ) ;
#9558 = ORIENTED_EDGE ( 'NONE', *, *, #6982, .T. ) ;
#9559 = EDGE_LOOP ( 'NONE', ( #841, #5863, #10021, #4313 ) ) ;
#9560 = ORIENTED_EDGE ( 'NONE', *, *, #9836, .T. ) ;
#9561 = ORIENTED_EDGE ( 'NONE', *, *, #7748, .F. ) ;
#9562 = DIRECTION ( 'NONE',  ( 1.000000000000000000, 0.000000000000000000, 0.000000000000000000 ) ) ;
#9563 = MECHANICAL_DESIGN_GEOMETRIC_PRESENTATION_REPRESENTATION (  '', ( #2353 ), #340 ) ;
#9564 = CARTESIAN_POINT ( 'NONE',  ( 3.469446951953614978E-15, 3.200000000000000178, -3.900000000000090061 ) ) ;
#9565 = VERTEX_POINT ( 'NONE', #573 ) ;
#9566 = PLANE ( 'NONE',  #1230 ) ;
#9567 = FILL_AREA_STYLE ('',( #8742 ) ) ;
#9568 = ADVANCED_FACE ( 'NONE', ( #4377 ), #8222, .F. ) ;
#9569 = PRESENTATION_LAYER_ASSIGNMENT (  '', '', ( #4732 ) ) ;
#9570 =( LENGTH_UNIT ( ) NAMED_UNIT ( * ) SI_UNIT ( .MILLI., .METRE. ) );
#9571 =( NAMED_UNIT ( * ) SI_UNIT ( $, .STERADIAN. ) SOLID_ANGLE_UNIT ( ) );
#9572 =( GEOMETRIC_REPRESENTATION_CONTEXT ( 3 ) GLOBAL_UNCERTAINTY_ASSIGNED_CONTEXT ( ( #1517 ) ) GLOBAL_UNIT_ASSIGNED_CONTEXT ( ( #802, #8632, #8443 ) ) REPRESENTATION_CONTEXT ( 'NONE', 'WORKASPACE' ) );
#9573 = DIRECTION ( 'NONE',  ( 1.031457201932154128E-14, -1.000000000000000000, 0.000000000000000000 ) ) ;
#9574 = EDGE_CURVE ( 'NONE', #733, #4206, #424, .T. ) ;
#9575 = PRESENTATION_STYLE_ASSIGNMENT (( #6738 ) ) ;
#9576 = EDGE_LOOP ( 'NONE', ( #2261, #6285, #4267, #11290 ) ) ;
#9577 = AXIS2_PLACEMENT_3D ( 'NONE', #2290, #533, #4278 ) ;
#9578 = ORIENTED_EDGE ( 'NONE', *, *, #7622, .T. ) ;
#9579 = DIRECTION ( 'NONE',  ( -7.210350529997600296E-15, -1.387778780781445922E-16, -1.000000000000000000 ) ) ;
#9580 = FACE_OUTER_BOUND ( 'NONE', #2285, .T. ) ;
#9581 = FACE_BOUND ( 'NONE', #3622, .T. ) ;
#9582 = CARTESIAN_POINT ( 'NONE',  ( 0.000000000000000000, 8.699999999999999289, -1.199999999999999956 ) ) ;
#9583 = DIRECTION ( 'NONE',  ( 0.000000000000000000, 0.000000000000000000, 1.000000000000000000 ) ) ;
#9584 = SURFACE_STYLE_USAGE ( .BOTH. , #1981 ) ;
#9585 = ADVANCED_FACE ( 'NONE', ( #10518 ), #2683, .T. ) ;
#9586 = FILL_AREA_STYLE_COLOUR ( '', #11396 ) ;
#9587 = AXIS2_PLACEMENT_3D ( 'NONE', #8747, #9635, #4023 ) ;
#9588 = VERTEX_POINT ( 'NONE', #1747 ) ;
#9589 =( NAMED_UNIT ( * ) PLANE_ANGLE_UNIT ( ) SI_UNIT ( $, .RADIAN. ) );
#9590 = EDGE_CURVE ( 'NONE', #3249, #2818, #4678, .T. ) ;
#9591 = ORIENTED_EDGE ( 'NONE', *, *, #2847, .F. ) ;
#9592 = DIRECTION ( 'NONE',  ( 0.4226182617407014952, -0.9063077870366490485, 0.000000000000000000 ) ) ;
#9593 = DIRECTION ( 'NONE',  ( 0.000000000000000000, 1.000000000000000000, 0.000000000000000000 ) ) ;
#9594 = FACE_OUTER_BOUND ( 'NONE', #744, .T. ) ;
#9595 = SURFACE_SIDE_STYLE ('',( #8708 ) ) ;
#9596 = VECTOR ( 'NONE', #1994, 1000.000000000000000 ) ;
#9597 = FILL_AREA_STYLE ('',( #5747 ) ) ;
#9598 = DIRECTION ( 'NONE',  ( 9.925400323074660971E-15, -1.000000000000000000, -7.607586193529571284E-15 ) ) ;
#9599 = EDGE_CURVE ( 'NONE', #8319, #3332, #3860, .T. ) ;
#9600 = CARTESIAN_POINT ( 'NONE',  ( 5.410704217613820255, 11.60329263950301915, -1.199999999999999956 ) ) ;
#9601 = UNCERTAINTY_MEASURE_WITH_UNIT (LENGTH_MEASURE( 1.000000000000000082E-05 ), #3925, 'distance_accuracy_value', 'NONE');
#9602 = ORIENTED_EDGE ( 'NONE', *, *, #11374, .T. ) ;
#9603 = CIRCLE ( 'NONE', #2973, 0.9250000000000001554 ) ;
#9604 = ORIENTED_EDGE ( 'NONE', *, *, #6167, .T. ) ;
#9605 = FILL_AREA_STYLE ('',( #4873 ) ) ;
#9606 = ORIENTED_EDGE ( 'NONE', *, *, #11260, .F. ) ;
#9607 = ORIENTED_EDGE ( 'NONE', *, *, #2979, .F. ) ;
#9608 = CARTESIAN_POINT ( 'NONE',  ( 3.589859732951959703, 6.217819449518479757, -1.199999999999999956 ) ) ;
#9609 = AXIS2_PLACEMENT_3D ( 'NONE', #732, #11194, #8374 ) ;
#9610 = DIRECTION ( 'NONE',  ( 0.3420201433256683243, -0.9396926207859085389, -2.590942143123509019E-31 ) ) ;
#9611 = FILL_AREA_STYLE ('',( #7666 ) ) ;
#9612 = FILL_AREA_STYLE_COLOUR ( '', #6899 ) ;
#9613 = COLOUR_RGB ( '',0.2509803921568627416, 0.2509803921568627416, 0.2509803921568627416 ) ;
#9614 = LINE ( 'NONE', #8538, #6769 ) ;
#9615 = ADVANCED_FACE ( 'NONE', ( #9399 ), #10392, .F. ) ;
#9616 = MECHANICAL_DESIGN_GEOMETRIC_PRESENTATION_REPRESENTATION (  '', ( #200 ), #2212 ) ;
#9617 = EDGE_CURVE ( 'NONE', #4671, #3332, #4797, .T. ) ;
#9618 = LINE ( 'NONE', #10664, #2964 ) ;
#9619 = CARTESIAN_POINT ( 'NONE',  ( 3.500000000000000000, 2.000000000000000000, 7.500000000000000000 ) ) ;
#9620 = ORIENTED_EDGE ( 'NONE', *, *, #5757, .F. ) ;
#9621 = EDGE_LOOP ( 'NONE', ( #9037, #2585, #4103, #4345 ) ) ;
#9622 = ORIENTED_EDGE ( 'NONE', *, *, #8410, .T. ) ;
#9623 = EDGE_LOOP ( 'NONE', ( #1641, #12239, #10880, #12041 ) ) ;
#9624 = LINE ( 'NONE', #4767, #4464 ) ;
#9625 = VECTOR ( 'NONE', #11722, 1000.000000000000000 ) ;
#9626 = PLANE ( 'NONE',  #4035 ) ;
#9627 = STYLED_ITEM ( 'NONE', ( #1536 ), #9180 ) ;
#9628 = EDGE_LOOP ( 'NONE', ( #12297, #8908, #6728, #822 ) ) ;
#9629 = FILL_AREA_STYLE ('',( #1962 ) ) ;
#9630 = CARTESIAN_POINT ( 'NONE',  ( 10.11464466094068015, 21.14999999999999858, 7.500000000000000000 ) ) ;
#9631 = DIRECTION ( 'NONE',  ( 1.000000000000000000, 0.000000000000000000, 0.000000000000000000 ) ) ;
#9632 = CARTESIAN_POINT ( 'NONE',  ( -10.16544984694978915, 21.15244077682344326, 7.499999999999999112 ) ) ;
#9633 = DIRECTION ( 'NONE',  ( -1.000000000000000000, 0.000000000000000000, 0.000000000000000000 ) ) ;
#9634 = ADVANCED_FACE ( 'NONE', ( #9594 ), #8641, .T. ) ;
#9635 = DIRECTION ( 'NONE',  ( 0.000000000000000000, 0.000000000000000000, 1.000000000000000000 ) ) ;
#9636 = ORIENTED_EDGE ( 'NONE', *, *, #4140, .T. ) ;
#9637 = ORIENTED_EDGE ( 'NONE', *, *, #5973, .T. ) ;
#9638 = CARTESIAN_POINT ( 'NONE',  ( 2.850000000000000089, -3.000000000000000000, -7.500000000000000000 ) ) ;
#9639 = DIRECTION ( 'NONE',  ( 1.000000000000000000, 5.782411586589360400E-15, 0.000000000000000000 ) ) ;
#9640 = STYLED_ITEM ( 'NONE', ( #11084 ), #9921 ) ;
#9641 = CARTESIAN_POINT ( 'NONE',  ( 3.000000000000000000, 1.699999999999999956, 5.150000000000000355 ) ) ;
#9642 = DIRECTION ( 'NONE',  ( 0.000000000000000000, 0.000000000000000000, 1.000000000000000000 ) ) ;
#9643 = DIRECTION ( 'NONE',  ( -3.718869191154470885E-15, -2.414357261555910084E-44, -1.000000000000000000 ) ) ;
#9644 =( NAMED_UNIT ( * ) SI_UNIT ( $, .STERADIAN. ) SOLID_ANGLE_UNIT ( ) );
#9645 =( NAMED_UNIT ( * ) PLANE_ANGLE_UNIT ( ) SI_UNIT ( $, .RADIAN. ) );
#9646 = EDGE_LOOP ( 'NONE', ( #2868, #4432, #10108, #3900 ) ) ;
#9647 = VECTOR ( 'NONE', #9498, 1000.000000000000000 ) ;
#9648 = STYLED_ITEM ( 'NONE', ( #12020 ), #2613 ) ;
#9649 = DIRECTION ( 'NONE',  ( 1.000000000000000000, 0.000000000000000000, 0.000000000000000000 ) ) ;
#9650 = VERTEX_POINT ( 'NONE', #8830 ) ;
#9651 = CARTESIAN_POINT ( 'NONE',  ( -5.031806216528360132, 8.790776580121079320, -1.199999999999999956 ) ) ;
#9652 = LINE ( 'NONE', #4922, #9934 ) ;
#9653 = DIRECTION ( 'NONE',  ( 0.000000000000000000, 0.000000000000000000, 1.000000000000000000 ) ) ;
#9654 = EDGE_CURVE ( 'NONE', #11226, #7674, #2051, .T. ) ;
#9655 =( NAMED_UNIT ( * ) PLANE_ANGLE_UNIT ( ) SI_UNIT ( $, .RADIAN. ) );
#9656 = STYLED_ITEM ( 'NONE', ( #1101 ), #10401 ) ;
#9657 = PRESENTATION_LAYER_ASSIGNMENT (  '', '', ( #2860 ) ) ;
#9658 = DIRECTION ( 'NONE',  ( 0.4999999999999909517, -0.8660254037844439257, 0.000000000000000000 ) ) ;
#9659 =( NAMED_UNIT ( * ) SI_UNIT ( $, .STERADIAN. ) SOLID_ANGLE_UNIT ( ) );
#9660 = DIRECTION ( 'NONE',  ( 0.000000000000000000, 6.982962677686270655E-15, -1.000000000000000000 ) ) ;
#9661 = ORIENTED_EDGE ( 'NONE', *, *, #6002, .F. ) ;
#9662 = ORIENTED_EDGE ( 'NONE', *, *, #1854, .T. ) ;
#9663 = DIRECTION ( 'NONE',  ( 0.000000000000000000, 0.000000000000000000, 1.000000000000000000 ) ) ;
#9664 = VERTEX_POINT ( 'NONE', #8897 ) ;
#9665 = AXIS2_PLACEMENT_3D ( 'NONE', #397, #11881, #8180 ) ;
#9666 = AXIS2_PLACEMENT_3D ( 'NONE', #11707, #3036, #3910 ) ;
#9667 = ORIENTED_EDGE ( 'NONE', *, *, #1554, .T. ) ;
#9668 = DIRECTION ( 'NONE',  ( 0.000000000000000000, -7.930164461608261228E-15, 1.000000000000000000 ) ) ;
#9669 = DIRECTION ( 'NONE',  ( 1.000000000000000000, 0.000000000000000000, 0.000000000000000000 ) ) ;
#9670 = VECTOR ( 'NONE', #12409, 1000.000000000000000 ) ;
#9671 = ADVANCED_FACE ( 'NONE', ( #1316 ), #6821, .F. ) ;
#9672 = CARTESIAN_POINT ( 'NONE',  ( 0.000000000000000000, 10.00000000000000000, 6.799999999999999822 ) ) ;
#9673 = CARTESIAN_POINT ( 'NONE',  ( 5.412162652094989923, 9.606453588454071379, -1.199999999999999956 ) ) ;
#9674 =( NAMED_UNIT ( * ) PLANE_ANGLE_UNIT ( ) SI_UNIT ( $, .RADIAN. ) );
#9675 = AXIS2_PLACEMENT_3D ( 'NONE', #2882, #7665, #6716 ) ;
#9676 = CARTESIAN_POINT ( 'NONE',  ( -10.14999999999999858, 8.900000000000000355, 7.250000000000000000 ) ) ;
#9677 = AXIS2_PLACEMENT_3D ( 'NONE', #4019, #3089, #3207 ) ;
#9678 =( NAMED_UNIT ( * ) PLANE_ANGLE_UNIT ( ) SI_UNIT ( $, .RADIAN. ) );
#9679 = AXIS2_PLACEMENT_3D ( 'NONE', #11048, #9919, #3262 ) ;
#9680 = VERTEX_POINT ( 'NONE', #5806 ) ;
#9681 = VERTEX_POINT ( 'NONE', #8770 ) ;
#9682 = VERTEX_POINT ( 'NONE', #1067 ) ;
#9683 = VERTEX_POINT ( 'NONE', #293 ) ;
#9684 =( NAMED_UNIT ( * ) PLANE_ANGLE_UNIT ( ) SI_UNIT ( $, .RADIAN. ) );
#9685 = EDGE_CURVE ( 'NONE', #9701, #7032, #3112, .T. ) ;
#9686 = AXIS2_PLACEMENT_3D ( 'NONE', #11216, #9464, #813 ) ;
#9687 = CIRCLE ( 'NONE', #2058, 0.8999999999999998002 ) ;
#9688 = EDGE_CURVE ( 'NONE', #7845, #8053, #11586, .T. ) ;
#9689 = DIRECTION ( 'NONE',  ( -9.843573744019160371E-15, 1.000000000000000000, 0.000000000000000000 ) ) ;
#9690 = VERTEX_POINT ( 'NONE', #3920 ) ;
#9691 = ADVANCED_FACE ( 'NONE', ( #2185 ), #6759, .F. ) ;
#9692 = CIRCLE ( 'NONE', #4648, 1.749999999999999778 ) ;
#9693 = FACE_OUTER_BOUND ( 'NONE', #8032, .T. ) ;
#9694 = LINE ( 'NONE', #10551, #11856 ) ;
#9695 = SURFACE_STYLE_FILL_AREA ( #4895 ) ;
#9696 = CARTESIAN_POINT ( 'NONE',  ( -7.150000000000000355, 0.5500000000000000444, -8.000000000000000000 ) ) ;
#9697 = DIRECTION ( 'NONE',  ( -1.000000000000000000, 0.000000000000000000, 0.000000000000000000 ) ) ;
#9698 = FACE_OUTER_BOUND ( 'NONE', #3871, .T. ) ;
#9699 = COLOUR_RGB ( '',0.2509803921568627416, 0.2509803921568627416, 0.2509803921568627416 ) ;
#9700 = ADVANCED_FACE ( 'NONE', ( #3170 ), #6000, .T. ) ;
#9701 = VERTEX_POINT ( 'NONE', #9834 ) ;
#9702 = ORIENTED_EDGE ( 'NONE', *, *, #10341, .T. ) ;
#9703 = FACE_OUTER_BOUND ( 'NONE', #2963, .T. ) ;
#9704 = EDGE_CURVE ( 'NONE', #12419, #1011, #7831, .T. ) ;
#9705 =( NAMED_UNIT ( * ) SI_UNIT ( $, .STERADIAN. ) SOLID_ANGLE_UNIT ( ) );
#9706 = CARTESIAN_POINT ( 'NONE',  ( 7.849999999999999645, 14.90000000000000036, 5.700000000000000178 ) ) ;
#9707 = CARTESIAN_POINT ( 'NONE',  ( 0.3499999999999999778, 0.5500000000000000444, -9.000000000000000000 ) ) ;
#9708 = VECTOR ( 'NONE', #5516, 1000.000000000000000 ) ;
#9709 = VECTOR ( 'NONE', #11536, 1000.000000000000000 ) ;
#9710 = PRESENTATION_STYLE_ASSIGNMENT (( #1177 ) ) ;
#9711 = SURFACE_STYLE_USAGE ( .BOTH. , #4970 ) ;
#9712 = DIRECTION ( 'NONE',  ( 6.971475708610980243E-15, 6.637659432594290832E-44, 1.000000000000000000 ) ) ;
#9713 = CARTESIAN_POINT ( 'NONE',  ( -10.34999999999999964, -1.297162659111172025E-28, -0.1999999999999270139 ) ) ;
#9714 = STYLED_ITEM ( 'NONE', ( #1276 ), #3282 ) ;
#9715 = ORIENTED_EDGE ( 'NONE', *, *, #10620, .T. ) ;
#9716 = ORIENTED_EDGE ( 'NONE', *, *, #7824, .F. ) ;
#9717 = PLANE ( 'NONE',  #4981 ) ;
#9718 = DIRECTION ( 'NONE',  ( 0.000000000000000000, -7.537786532518270800E-15, 1.000000000000000000 ) ) ;
#9719 = DIRECTION ( 'NONE',  ( 1.000000000000000000, 0.000000000000000000, 0.000000000000000000 ) ) ;
#9720 =( NAMED_UNIT ( * ) PLANE_ANGLE_UNIT ( ) SI_UNIT ( $, .RADIAN. ) );
#9721 = DIRECTION ( 'NONE',  ( 0.000000000000000000, 1.000000000000000000, 0.000000000000000000 ) ) ;
#9722 = AXIS2_PLACEMENT_3D ( 'NONE', #4817, #8789, #7786 ) ;
#9723 = DIRECTION ( 'NONE',  ( 0.000000000000000000, 0.000000000000000000, 1.000000000000000000 ) ) ;
#9724 = SURFACE_STYLE_FILL_AREA ( #6705 ) ;
#9725 = LINE ( 'NONE', #1135, #11400 ) ;
#9726 = ORIENTED_EDGE ( 'NONE', *, *, #5089, .T. ) ;
#9727 = EDGE_CURVE ( 'NONE', #11821, #9115, #10771, .T. ) ;
#9728 = EDGE_LOOP ( 'NONE', ( #2127, #11613, #5693, #5006 ) ) ;
#9729 = EDGE_LOOP ( 'NONE', ( #5652, #3980, #3867, #3077 ) ) ;
#9730 =( LENGTH_UNIT ( ) NAMED_UNIT ( * ) SI_UNIT ( .MILLI., .METRE. ) );
#9731 = ORIENTED_EDGE ( 'NONE', *, *, #348, .T. ) ;
#9732 = AXIS2_PLACEMENT_3D ( 'NONE', #5227, #9070, #8129 ) ;
#9733 = ORIENTED_EDGE ( 'NONE', *, *, #8226, .T. ) ;
#9734 =( NAMED_UNIT ( * ) SI_UNIT ( $, .STERADIAN. ) SOLID_ANGLE_UNIT ( ) );
#9735 =( NAMED_UNIT ( * ) SI_UNIT ( $, .STERADIAN. ) SOLID_ANGLE_UNIT ( ) );
#9736 = VECTOR ( 'NONE', #627, 1000.000000000000000 ) ;
#9737 = DIRECTION ( 'NONE',  ( -1.000000000000000000, 0.000000000000000000, 0.000000000000000000 ) ) ;
#9738 = VECTOR ( 'NONE', #4347, 1000.000000000000000 ) ;
#9739 = DIRECTION ( 'NONE',  ( 1.000000000000000000, 0.000000000000000000, -3.718869191154470885E-15 ) ) ;
#9740 = CARTESIAN_POINT ( 'NONE',  ( 4.649999999999999467, -3.000000000000000000, -5.000000000000000000 ) ) ;
#9741 = PLANE ( 'NONE',  #6104 ) ;
#9742 = CARTESIAN_POINT ( 'NONE',  ( -7.150000000000000355, 0.5500000000000000444, -7.000000000000000000 ) ) ;
#9743 = PLANE ( 'NONE',  #4748 ) ;
#9744 = PLANE ( 'NONE',  #4566 ) ;
#9745 = VECTOR ( 'NONE', #1614, 1000.000000000000000 ) ;
#9746 = LINE ( 'NONE', #10665, #5656 ) ;
#9747 = ORIENTED_EDGE ( 'NONE', *, *, #197, .F. ) ;
#9748 = EDGE_CURVE ( 'NONE', #7189, #1158, #1252, .T. ) ;
#9749 = EDGE_LOOP ( 'NONE', ( #8345, #11009, #3842, #3354 ) ) ;
#9750 = ORIENTED_EDGE ( 'NONE', *, *, #1889, .T. ) ;
#9751 = ORIENTED_EDGE ( 'NONE', *, *, #3209, .F. ) ;
#9752 = CARTESIAN_POINT ( 'NONE',  ( -10.05000000000000071, 8.900000000000000355, 7.500000000000000000 ) ) ;
#9753 = ORIENTED_EDGE ( 'NONE', *, *, #9006, .F. ) ;
#9754 = VECTOR ( 'NONE', #166, 1000.000000000000000 ) ;
#9755 = FACE_OUTER_BOUND ( 'NONE', #3450, .T. ) ;
#9756 =( NAMED_UNIT ( * ) SI_UNIT ( $, .STERADIAN. ) SOLID_ANGLE_UNIT ( ) );
#9757 =( LENGTH_UNIT ( ) NAMED_UNIT ( * ) SI_UNIT ( .MILLI., .METRE. ) );
#9758 = CARTESIAN_POINT ( 'NONE',  ( -10.11464466094063930, 21.39999999999999858, 7.299999999999999822 ) ) ;
#9759 = EDGE_CURVE ( 'NONE', #6549, #5554, #5936, .T. ) ;
#9760 = LINE ( 'NONE', #7808, #11591 ) ;
#9761 = AXIS2_PLACEMENT_3D ( 'NONE', #9167, #5443, #7288 ) ;
#9762 = ORIENTED_EDGE ( 'NONE', *, *, #8746, .T. ) ;
#9763 = ORIENTED_EDGE ( 'NONE', *, *, #917, .F. ) ;
#9764 = SURFACE_STYLE_USAGE ( .BOTH. , #3028 ) ;
#9765 = FACE_OUTER_BOUND ( 'NONE', #596, .T. ) ;
#9766 = FILL_AREA_STYLE_COLOUR ( '', #6633 ) ;
#9767 = DIRECTION ( 'NONE',  ( 0.000000000000000000, 0.000000000000000000, 1.000000000000000000 ) ) ;
#9768 =( LENGTH_UNIT ( ) NAMED_UNIT ( * ) SI_UNIT ( .MILLI., .METRE. ) );
#9769 = COLOUR_RGB ( '',0.2509803921568627416, 0.2509803921568627416, 0.2509803921568627416 ) ;
#9770 = FILL_AREA_STYLE_COLOUR ( '', #3241 ) ;
#9771 = SURFACE_STYLE_FILL_AREA ( #7012 ) ;
#9772 = CARTESIAN_POINT ( 'NONE',  ( -1.734723475976809855E-15, 8.469050932245259320E-16, -2.699999999999950440 ) ) ;
#9773 = EDGE_CURVE ( 'NONE', #241, #9123, #4173, .T. ) ;
#9774 = EDGE_CURVE ( 'NONE', #11528, #8543, #1493, .T. ) ;
#9775 = AXIS2_PLACEMENT_3D ( 'NONE', #6796, #2957, #10682 ) ;
#9776 = ORIENTED_EDGE ( 'NONE', *, *, #1195, .F. ) ;
#9777 = CARTESIAN_POINT ( 'NONE',  ( -10.34999999999999964, 21.39999999999999858, 7.250000000000000000 ) ) ;
#9778 = VERTEX_POINT ( 'NONE', #7089 ) ;
#9779 = DIRECTION ( 'NONE',  ( -1.000000000000000000, 0.000000000000000000, 0.000000000000000000 ) ) ;
#9780 = CARTESIAN_POINT ( 'NONE',  ( -4.646130973617689897, 9.963660026517349166, -1.199999999999999956 ) ) ;
#9781 = LINE ( 'NONE', #4739, #1862 ) ;
#9782 =( GEOMETRIC_REPRESENTATION_CONTEXT ( 3 ) GLOBAL_UNCERTAINTY_ASSIGNED_CONTEXT ( ( #3800 ) ) GLOBAL_UNIT_ASSIGNED_CONTEXT ( ( #1412, #5220, #11298 ) ) REPRESENTATION_CONTEXT ( 'NONE', 'WORKASPACE' ) );
#9783 = CARTESIAN_POINT ( 'NONE',  ( -3.500000000000000000, 2.000000000000000000, 7.500000000000000000 ) ) ;
#9784 = VECTOR ( 'NONE', #284, 1000.000000000000000 ) ;
#9785 = CARTESIAN_POINT ( 'NONE',  ( -10.10976310729376060, 21.19461134518049761, 7.276099332938199993 ) ) ;
#9786 = EDGE_CURVE ( 'NONE', #8181, #9178, #6317, .T. ) ;
#9787 =( NAMED_UNIT ( * ) PLANE_ANGLE_UNIT ( ) SI_UNIT ( $, .RADIAN. ) );
#9788 = EDGE_LOOP ( 'NONE', ( #3683, #5583, #6855, #2493 ) ) ;
#9789 = ORIENTED_EDGE ( 'NONE', *, *, #4143, .T. ) ;
#9791 = ORIENTED_EDGE ( 'NONE', *, *, #3395, .F. ) ;
#9790 = CIRCLE ( 'NONE', #6173, 0.1999999999999996503 ) ;
#9792 = LINE ( 'NONE', #2200, #1057 ) ;
#9793 = ORIENTED_EDGE ( 'NONE', *, *, #1265, .T. ) ;
#9794 = ORIENTED_EDGE ( 'NONE', *, *, #1110, .T. ) ;
#9795 = DIRECTION ( 'NONE',  ( 0.000000000000000000, 0.000000000000000000, 1.000000000000000000 ) ) ;
#9796 = PRESENTATION_LAYER_ASSIGNMENT (  '', '', ( #974 ) ) ;
#9797 = CARTESIAN_POINT ( 'NONE',  ( 1.649999999999999911, 0.000000000000000000, -6.200000000000000178 ) ) ;
#9798 =( NAMED_UNIT ( * ) PLANE_ANGLE_UNIT ( ) SI_UNIT ( $, .RADIAN. ) );
#9799 = EDGE_CURVE ( 'NONE', #10736, #11258, #10133, .T. ) ;
#9800 = PRESENTATION_STYLE_ASSIGNMENT (( #10661 ) ) ;
#9801 = FACE_OUTER_BOUND ( 'NONE', #4955, .T. ) ;
#9802 = STYLED_ITEM ( 'NONE', ( #6783 ), #12177 ) ;
#9803 = ORIENTED_EDGE ( 'NONE', *, *, #1639, .T. ) ;
#9804 = AXIS2_PLACEMENT_3D ( 'NONE', #1667, #7030, #6424 ) ;
#9805 = ORIENTED_EDGE ( 'NONE', *, *, #3311, .F. ) ;
#9806 = ORIENTED_EDGE ( 'NONE', *, *, #8426, .T. ) ;
#9807 = EDGE_LOOP ( 'NONE', ( #1259, #92, #8357, #9242 ) ) ;
#9808 = PRESENTATION_STYLE_ASSIGNMENT (( #5967 ) ) ;
#9809 = ORIENTED_EDGE ( 'NONE', *, *, #2505, .T. ) ;
#9810 = VECTOR ( 'NONE', #8691, 1000.000000000000000 ) ;
#9811 = CARTESIAN_POINT ( 'NONE',  ( 1.445610957098677922E-15, 10.59999999999999964, 6.799999999999999822 ) ) ;
#9812 = EDGE_CURVE ( 'NONE', #7189, #8175, #11909, .T. ) ;
#9813 = PRESENTATION_STYLE_ASSIGNMENT (( #8868 ) ) ;
#9814 = SURFACE_STYLE_FILL_AREA ( #4084 ) ;
#9815 = EDGE_CURVE ( 'NONE', #10529, #9185, #9143, .T. ) ;
#9816 = FILL_AREA_STYLE_COLOUR ( '', #2115 ) ;
#9817 = PRESENTATION_LAYER_ASSIGNMENT (  '', '', ( #9210 ) ) ;
#9818 = ORIENTED_EDGE ( 'NONE', *, *, #11064, .T. ) ;
#9819 = VERTEX_POINT ( 'NONE', #11969 ) ;
#9820 = LINE ( 'NONE', #1235, #2316 ) ;
#9821 = CARTESIAN_POINT ( 'NONE',  ( -10.15000000000021885, 21.10000000000000142, 7.200000000000000178 ) ) ;
#9822 = EDGE_CURVE ( 'NONE', #5630, #1696, #1623, .T. ) ;
#9823 = CARTESIAN_POINT ( 'NONE',  ( 5.031806216528360132, 8.790776580121079320, -1.199999999999999956 ) ) ;
#9824 = PRESENTATION_STYLE_ASSIGNMENT (( #1241 ) ) ;
#9825 =( NAMED_UNIT ( * ) SI_UNIT ( $, .STERADIAN. ) SOLID_ANGLE_UNIT ( ) );
#9826 = LINE ( 'NONE', #224, #9962 ) ;
#9827 = DIRECTION ( 'NONE',  ( 0.000000000000000000, 0.000000000000000000, 1.000000000000000000 ) ) ;
#9828 = DIRECTION ( 'NONE',  ( -0.7071067811865475727, -0.7071067811865475727, 0.000000000000000000 ) ) ;
#9829 = ORIENTED_EDGE ( 'NONE', *, *, #11288, .F. ) ;
#9830 = UNCERTAINTY_MEASURE_WITH_UNIT (LENGTH_MEASURE( 1.000000000000000082E-05 ), #4144, 'distance_accuracy_value', 'NONE');
#9831 = VECTOR ( 'NONE', #5196, 1000.000000000000000 ) ;
#9832 = ORIENTED_EDGE ( 'NONE', *, *, #4153, .F. ) ;
#9833 = PRESENTATION_STYLE_ASSIGNMENT (( #4977 ) ) ;
#9834 = CARTESIAN_POINT ( 'NONE',  ( -2.399999999999999911, -3.500000000000000000, 4.899999999999999467 ) ) ;
#9835 = FACE_OUTER_BOUND ( 'NONE', #8111, .T. ) ;
#9836 = EDGE_CURVE ( 'NONE', #5789, #521, #611, .T. ) ;
#9837 = DIRECTION ( 'NONE',  ( -9.925400323074660971E-15, 1.000000000000000000, 0.000000000000000000 ) ) ;
#9838 = ADVANCED_FACE ( 'NONE', ( #1375 ), #9022, .T. ) ;
#9839 = LINE ( 'NONE', #4051, #2962 ) ;
#9840 = CARTESIAN_POINT ( 'NONE',  ( -2.475435743013954859, 7.525688402361390139, -1.199999999999999956 ) ) ;
#9841 = AXIS2_PLACEMENT_3D ( 'NONE', #7527, #2925, #750 ) ;
#9842 = VECTOR ( 'NONE', #3769, 1000.000000000000000 ) ;
#9843 = PRESENTATION_STYLE_ASSIGNMENT (( #69 ) ) ;
#9844 = ORIENTED_EDGE ( 'NONE', *, *, #9469, .T. ) ;
#9845 = ORIENTED_EDGE ( 'NONE', *, *, #9450, .F. ) ;
#9846 = ORIENTED_EDGE ( 'NONE', *, *, #7017, .T. ) ;
#9847 = ORIENTED_EDGE ( 'NONE', *, *, #5445, .F. ) ;
#9848 = VERTEX_POINT ( 'NONE', #11140 ) ;
#9849 = LINE ( 'NONE', #1267, #3626 ) ;
#9850 = LINE ( 'NONE', #29, #1018 ) ;
#9851 = DIRECTION ( 'NONE',  ( -0.9063077870366489375, 0.4226182617407014397, 0.000000000000000000 ) ) ;
#9852 =( GEOMETRIC_REPRESENTATION_CONTEXT ( 3 ) GLOBAL_UNCERTAINTY_ASSIGNED_CONTEXT ( ( #10702 ) ) GLOBAL_UNIT_ASSIGNED_CONTEXT ( ( #5026, #7753, #3843 ) ) REPRESENTATION_CONTEXT ( 'NONE', 'WORKASPACE' ) );
#9853 = DIRECTION ( 'NONE',  ( 0.000000000000000000, 0.000000000000000000, -1.000000000000000000 ) ) ;
#9854 = ADVANCED_FACE ( 'NONE', ( #6192 ), #10014, .T. ) ;
#9855 =( GEOMETRIC_REPRESENTATION_CONTEXT ( 3 ) GLOBAL_UNCERTAINTY_ASSIGNED_CONTEXT ( ( #5036 ) ) GLOBAL_UNIT_ASSIGNED_CONTEXT ( ( #2066, #9907, #9734 ) ) REPRESENTATION_CONTEXT ( 'NONE', 'WORKASPACE' ) );
#9856 = VECTOR ( 'NONE', #106, 1000.000000000000000 ) ;
#9857 = CARTESIAN_POINT ( 'NONE',  ( 0.3499999999999999778, 3.200000000000000178, -9.000000000000000000 ) ) ;
#9858 = DIRECTION ( 'NONE',  ( 1.000000000000000000, 0.000000000000000000, 0.000000000000000000 ) ) ;
#9859 = FACE_OUTER_BOUND ( 'NONE', #9905, .T. ) ;
#9860 = ORIENTED_EDGE ( 'NONE', *, *, #4562, .F. ) ;
#9861 = CIRCLE ( 'NONE', #5825, 0.9000000000000000222 ) ;
#9862 = VECTOR ( 'NONE', #3346, 1000.000000000000000 ) ;
#9863 = ORIENTED_EDGE ( 'NONE', *, *, #6060, .F. ) ;
#9864 = ORIENTED_EDGE ( 'NONE', *, *, #7896, .T. ) ;
#9865 = ORIENTED_EDGE ( 'NONE', *, *, #721, .T. ) ;
#9866 = FACE_OUTER_BOUND ( 'NONE', #1608, .T. ) ;
#9867 = ORIENTED_EDGE ( 'NONE', *, *, #7928, .T. ) ;
#9868 = CARTESIAN_POINT ( 'NONE',  ( -2.149999999999999911, 0.5500000000000000444, -7.000000000000000000 ) ) ;
#9869 = LINE ( 'NONE', #3206, #7678 ) ;
#9870 = DIRECTION ( 'NONE',  ( 0.000000000000000000, 0.000000000000000000, -1.000000000000000000 ) ) ;
#9871 = EDGE_CURVE ( 'NONE', #5789, #3105, #4362, .T. ) ;
#9872 = DIRECTION ( 'NONE',  ( 1.000000000000000000, 0.000000000000000000, 0.000000000000000000 ) ) ;
#9873 = DIRECTION ( 'NONE',  ( -1.000000000000000000, 0.000000000000000000, 0.000000000000000000 ) ) ;
#9874 = CIRCLE ( 'NONE', #9472, 0.2500000000000002220 ) ;
#9875 = EDGE_CURVE ( 'NONE', #8022, #1951, #3476, .T. ) ;
#9876 = VERTEX_POINT ( 'NONE', #5181 ) ;
#9877 = CIRCLE ( 'NONE', #3261, 0.7999999999999994893 ) ;
#9878 = AXIS2_PLACEMENT_3D ( 'NONE', #570, #6266, #11151 ) ;
#9879 = VERTEX_POINT ( 'NONE', #4238 ) ;
#9880 = SURFACE_SIDE_STYLE ('',( #8941 ) ) ;
#9881 = DIRECTION ( 'NONE',  ( 0.000000000000000000, 1.000000000000000000, 7.434529182757737703E-15 ) ) ;
#9882 = DIRECTION ( 'NONE',  ( 0.000000000000000000, 1.000000000000000000, 0.000000000000000000 ) ) ;
#9883 =( LENGTH_UNIT ( ) NAMED_UNIT ( * ) SI_UNIT ( .MILLI., .METRE. ) );
#9884 = STYLED_ITEM ( 'NONE', ( #938 ), #6003 ) ;
#9885 = CARTESIAN_POINT ( 'NONE',  ( 3.035724311311020163, 5.655240135171029969, -1.199999999999999956 ) ) ;
#9886 = CARTESIAN_POINT ( 'NONE',  ( 6.250000000000000000, 2.700000000000000178, 7.299999999999999822 ) ) ;
#9887 = CARTESIAN_POINT ( 'NONE',  ( -5.349999999999999645, 3.200000000000000178, -8.500000000000000000 ) ) ;
#9888 = AXIS2_PLACEMENT_3D ( 'NONE', #10353, #969, #11435 ) ;
#9889 = DIRECTION ( 'NONE',  ( 0.000000000000000000, 1.000000000000000000, 2.168404344971020208E-16 ) ) ;
#9890 = DIRECTION ( 'NONE',  ( 1.000000000000000000, 2.168404344971010101E-16, -7.575408038632519885E-31 ) ) ;
#9891 =( NAMED_UNIT ( * ) SI_UNIT ( $, .STERADIAN. ) SOLID_ANGLE_UNIT ( ) );
#9892 = EDGE_CURVE ( 'NONE', #4462, #3498, #8207, .T. ) ;
#9893 = ORIENTED_EDGE ( 'NONE', *, *, #571, .F. ) ;
#9894 =( NAMED_UNIT ( * ) PLANE_ANGLE_UNIT ( ) SI_UNIT ( $, .RADIAN. ) );
#9895 = DIRECTION ( 'NONE',  ( 0.000000000000000000, 1.000000000000000000, 1.301042606982603842E-16 ) ) ;
#9896 = CIRCLE ( 'NONE', #10895, 0.8999999999999998002 ) ;
#9897 = CARTESIAN_POINT ( 'NONE',  ( 7.849999999999999645, 17.02499999999999858, -6.099999999999869971 ) ) ;
#9898 = CARTESIAN_POINT ( 'NONE',  ( 10.14999999999999858, 8.599999999999999645, -4.599999999999999645 ) ) ;
#9899 = FACE_OUTER_BOUND ( 'NONE', #10121, .T. ) ;
#9900 = CARTESIAN_POINT ( 'NONE',  ( -1.956968149050240413, 13.21379621752035938, -1.199999999999999956 ) ) ;
#9901 = ORIENTED_EDGE ( 'NONE', *, *, #10932, .F. ) ;
#9902 = EDGE_CURVE ( 'NONE', #1972, #3199, #2544, .T. ) ;
#9903 = ORIENTED_EDGE ( 'NONE', *, *, #5214, .T. ) ;
#9904 = DIRECTION ( 'NONE',  ( -3.718869191154470885E-15, -2.414357261555910084E-44, -1.000000000000000000 ) ) ;
#9905 = EDGE_LOOP ( 'NONE', ( #1263, #8347, #6481, #11195 ) ) ;
#9906 = ORIENTED_EDGE ( 'NONE', *, *, #8930, .T. ) ;
#9907 =( NAMED_UNIT ( * ) PLANE_ANGLE_UNIT ( ) SI_UNIT ( $, .RADIAN. ) );
#9908 = PLANE ( 'NONE',  #3694 ) ;
#9909 = AXIS2_PLACEMENT_3D ( 'NONE', #9857, #3130, #4194 ) ;
#9910 = PLANE ( 'NONE',  #5216 ) ;
#9911 = CARTESIAN_POINT ( 'NONE',  ( 3.375435743013984968, 7.525688402361390139, 6.799999999999999822 ) ) ;
#9912 = CARTESIAN_POINT ( 'NONE',  ( 0.3499999999999999778, -3.000000000000000000, -10.00000000000000000 ) ) ;
#9913 =( NAMED_UNIT ( * ) SI_UNIT ( $, .STERADIAN. ) SOLID_ANGLE_UNIT ( ) );
#9914 = VECTOR ( 'NONE', #3242, 999.9999999999998863 ) ;
#9915 = LINE ( 'NONE', #9742, #5136 ) ;
#9916 = CARTESIAN_POINT ( 'NONE',  ( 8.550000000000000711, 17.89999999999999858, -4.599999999999999645 ) ) ;
#9917 = CARTESIAN_POINT ( 'NONE',  ( 4.649999999999999467, -3.000000000000000000, -5.000000000000000000 ) ) ;
#9918 = VECTOR ( 'NONE', #6055, 999.9999999999998863 ) ;
#9919 = DIRECTION ( 'NONE',  ( 0.000000000000000000, 0.000000000000000000, -1.000000000000000000 ) ) ;
#9920 = EDGE_LOOP ( 'NONE', ( #11538, #4295 ) ) ;
#9921 = ADVANCED_FACE ( 'NONE', ( #12031 ), #10197, .F. ) ;
#9922 = EDGE_CURVE ( 'NONE', #8175, #8965, #11198, .T. ) ;
#9923 = ORIENTED_EDGE ( 'NONE', *, *, #5301, .T. ) ;
#9924 = ORIENTED_EDGE ( 'NONE', *, *, #8278, .F. ) ;
#9925 = AXIS2_PLACEMENT_3D ( 'NONE', #9308, #1596, #5409 ) ;
#9926 = VERTEX_POINT ( 'NONE', #10378 ) ;
#9927 = PLANE ( 'NONE',  #90 ) ;
#9928 = DIRECTION ( 'NONE',  ( 0.9063077870366492705, -0.4226182617407010511, 0.000000000000000000 ) ) ;
#9929 = EDGE_LOOP ( 'NONE', ( #9094, #7049, #5337, #7927 ) ) ;
#9930 = STYLED_ITEM ( 'NONE', ( #9257 ), #806 ) ;
#9931 = FACE_OUTER_BOUND ( 'NONE', #1700, .T. ) ;
#9932 = COLOUR_RGB ( '',0.2509803921568627416, 0.2509803921568627416, 0.2509803921568627416 ) ;
#9933 = FILL_AREA_STYLE ('',( #6107 ) ) ;
#9934 = VECTOR ( 'NONE', #2050, 1000.000000000000000 ) ;
#9935 = DIRECTION ( 'NONE',  ( 0.000000000000000000, 0.000000000000000000, 1.000000000000000000 ) ) ;
#9936 =( LENGTH_UNIT ( ) NAMED_UNIT ( * ) SI_UNIT ( .MILLI., .METRE. ) );
#9937 = ADVANCED_FACE ( 'NONE', ( #12337 ), #11261, .F. ) ;
#9938 = UNCERTAINTY_MEASURE_WITH_UNIT (LENGTH_MEASURE( 1.000000000000000082E-05 ), #5473, 'distance_accuracy_value', 'NONE');
#9939 = ORIENTED_EDGE ( 'NONE', *, *, #9871, .F. ) ;
#9940 = EDGE_LOOP ( 'NONE', ( #10994, #11919, #2407, #3992, #11816, #2629 ) ) ;
#9941 = CARTESIAN_POINT ( 'NONE',  ( 4.649999999999999467, 3.200000000000000178, -4.500000000000000000 ) ) ;
#9942 = CARTESIAN_POINT ( 'NONE',  ( -4.265774538051229747, 9.147983018184300263, -1.199999999999999956 ) ) ;
#9943 = CARTESIAN_POINT ( 'NONE',  ( -10.15000000000021885, 21.10000000000000142, -17.80452084174450178 ) ) ;
#9944 = FILL_AREA_STYLE_COLOUR ( '', #3021 ) ;
#9945 = CARTESIAN_POINT ( 'NONE',  ( 10.10976310729378014, 21.37305672590244754, 7.380496664690819664 ) ) ;
#9946 = CARTESIAN_POINT ( 'NONE',  ( 0.3499999999999999778, -3.000000000000000000, -5.500000000000000000 ) ) ;
#9947 = EDGE_CURVE ( 'NONE', #8402, #3634, #4783, .T. ) ;
#9948 = PLANE ( 'NONE',  #8777 ) ;
#9949 = STYLED_ITEM ( 'NONE', ( #9435 ), #10835 ) ;
#9950 = DIRECTION ( 'NONE',  ( 1.000000000000000000, 1.253297255179871903E-29, -6.971475708610980243E-15 ) ) ;
#9951 = UNCERTAINTY_MEASURE_WITH_UNIT (LENGTH_MEASURE( 1.000000000000000082E-05 ), #343, 'distance_accuracy_value', 'NONE');
#9952 = DIRECTION ( 'NONE',  ( 0.000000000000000000, 1.301042606982603842E-16, -1.000000000000000000 ) ) ;
#9953 = ORIENTED_EDGE ( 'NONE', *, *, #12397, .T. ) ;
#9954 =( LENGTH_UNIT ( ) NAMED_UNIT ( * ) SI_UNIT ( .MILLI., .METRE. ) );
#9955 =( LENGTH_UNIT ( ) NAMED_UNIT ( * ) SI_UNIT ( .MILLI., .METRE. ) );
#9956 = DIRECTION ( 'NONE',  ( -3.718869191154470885E-15, -2.430783809261810365E-44, -1.000000000000000000 ) ) ;
#9957 = DIRECTION ( 'NONE',  ( 0.000000000000000000, 0.000000000000000000, 1.000000000000000000 ) ) ;
#9958 = CARTESIAN_POINT ( 'NONE',  ( -7.849999999999999645, 3.200000000000000178, -4.500000000000000000 ) ) ;
#9959 = EDGE_CURVE ( 'NONE', #3947, #5432, #7440, .T. ) ;
#9960 = VECTOR ( 'NONE', #12410, 1000.000000000000000 ) ;
#9961 = DIRECTION ( 'NONE',  ( -3.898255002195069934E-16, 1.000000000000000000, 0.000000000000000000 ) ) ;
#9962 = VECTOR ( 'NONE', #3102, 1000.000000000000000 ) ;
#9963 = EDGE_CURVE ( 'NONE', #4517, #10414, #7837, .T. ) ;
#9964 = DIRECTION ( 'NONE',  ( 0.000000000000000000, -1.000000000000000000, 0.000000000000000000 ) ) ;
#9965 = ORIENTED_EDGE ( 'NONE', *, *, #4960, .F. ) ;
#9966 = VERTEX_POINT ( 'NONE', #7637 ) ;
#9967 = DIRECTION ( 'NONE',  ( 0.000000000000000000, -1.000000000000000000, 0.000000000000000000 ) ) ;
#9968 = VERTEX_POINT ( 'NONE', #12150 ) ;
#9969 = FACE_OUTER_BOUND ( 'NONE', #7634, .T. ) ;
#9970 = PRESENTATION_STYLE_ASSIGNMENT (( #8971 ) ) ;
#9971 =( GEOMETRIC_REPRESENTATION_CONTEXT ( 3 ) GLOBAL_UNCERTAINTY_ASSIGNED_CONTEXT ( ( #944 ) ) GLOBAL_UNIT_ASSIGNED_CONTEXT ( ( #9570, #3019, #2158 ) ) REPRESENTATION_CONTEXT ( 'NONE', 'WORKASPACE' ) );
#9972 = LINE ( 'NONE', #6016, #2008 ) ;
#9973 = CARTESIAN_POINT ( 'NONE',  ( 10.11464466094068015, 20.40000000000000213, 5.500000000000070166 ) ) ;
#9974 = FACE_OUTER_BOUND ( 'NONE', #2283, .T. ) ;
#9975 = CARTESIAN_POINT ( 'NONE',  ( 4.004993519352499476, 11.26574617618645924, -1.199999999999999956 ) ) ;
#9976 = STYLED_ITEM ( 'NONE', ( #788 ), #11794 ) ;
#9977 = FACE_OUTER_BOUND ( 'NONE', #70, .T. ) ;
#9978 = ADVANCED_FACE ( 'NONE', ( #8378 ), #5604, .F. ) ;
#9979 = SURFACE_STYLE_FILL_AREA ( #8045 ) ;
#9980 = STYLED_ITEM ( 'NONE', ( #11422 ), #11 ) ;
#9981 = CARTESIAN_POINT ( 'NONE',  ( -5.349999999999999645, 0.5500000000000000444, -8.500000000000000000 ) ) ;
#9982 = SURFACE_SIDE_STYLE ('',( #5137 ) ) ;
#9983 = ORIENTED_EDGE ( 'NONE', *, *, #1854, .F. ) ;
#9984 = ORIENTED_EDGE ( 'NONE', *, *, #5429, .F. ) ;
#9985 = ORIENTED_EDGE ( 'NONE', *, *, #8627, .F. ) ;
#9986 = ORIENTED_EDGE ( 'NONE', *, *, #2496, .F. ) ;
#9988 = ORIENTED_EDGE ( 'NONE', *, *, #9989, .T. ) ;
#9987 = UNCERTAINTY_MEASURE_WITH_UNIT (LENGTH_MEASURE( 1.000000000000000082E-05 ), #1918, 'distance_accuracy_value', 'NONE');
#9989 = EDGE_CURVE ( 'NONE', #8785, #11687, #11572, .T. ) ;
#9990 = DIRECTION ( 'NONE',  ( 0.000000000000000000, -1.000000000000000000, -7.589415207398510528E-15 ) ) ;
#9991 = EDGE_CURVE ( 'NONE', #2470, #7879, #3155, .T. ) ;
#9992 = CARTESIAN_POINT ( 'NONE',  ( 0.000000000000000000, 10.00000000000000000, -17.80452084174450178 ) ) ;
#9993 = ADVANCED_FACE ( 'NONE', ( #160 ), #1236, .F. ) ;
#9994 = MECHANICAL_DESIGN_GEOMETRIC_PRESENTATION_REPRESENTATION (  '', ( #9802 ), #11002 ) ;
#9995 = FACE_OUTER_BOUND ( 'NONE', #11799, .T. ) ;
#9996 = AXIS2_PLACEMENT_3D ( 'NONE', #2788, #8557, #11449 ) ;
#9997 = SURFACE_SIDE_STYLE ('',( #6168 ) ) ;
#9998 = PLANE ( 'NONE',  #4478 ) ;
#9999 = ORIENTED_EDGE ( 'NONE', *, *, #11924, .T. ) ;
#10000 = ORIENTED_EDGE ( 'NONE', *, *, #8306, .F. ) ;
#10001 = MECHANICAL_DESIGN_GEOMETRIC_PRESENTATION_REPRESENTATION (  '', ( #9007 ), #193 ) ;
#10002 = DIRECTION ( 'NONE',  ( 1.000000000000000000, 0.000000000000000000, 0.000000000000000000 ) ) ;
#10003 = CARTESIAN_POINT ( 'NONE',  ( 1.649999999999999911, 3.200000000000000178, -4.500000000000000000 ) ) ;
#10004 = CARTESIAN_POINT ( 'NONE',  ( 0.000000000000000000, 10.00000000000000000, 7.299999999999999822 ) ) ;
#10005 = PLANE ( 'NONE',  #3220 ) ;
#10006 = EDGE_CURVE ( 'NONE', #6830, #5241, #7445, .T. ) ;
#10007 = CARTESIAN_POINT ( 'NONE',  ( 5.349999999999999645, 3.200000000000000178, -4.500000000000000000 ) ) ;
#10008 = CARTESIAN_POINT ( 'NONE',  ( 5.030347782047409844, 10.78761563116992050, -1.199999999999999956 ) ) ;
#10009 = VECTOR ( 'NONE', #10918, 1000.000000000000000 ) ;
#10010 =( NAMED_UNIT ( * ) PLANE_ANGLE_UNIT ( ) SI_UNIT ( $, .RADIAN. ) );
#10011 = FILL_AREA_STYLE ('',( #8371 ) ) ;
#10012 = ORIENTED_EDGE ( 'NONE', *, *, #11064, .F. ) ;
#10013 = STYLED_ITEM ( 'NONE', ( #10331 ), #6816 ) ;
#10014 = PLANE ( 'NONE',  #3413 ) ;
#10015 = AXIS2_PLACEMENT_3D ( 'NONE', #7069, #415, #8067 ) ;
#10016 = LINE ( 'NONE', #10135, #9140 ) ;
#10017 = DIRECTION ( 'NONE',  ( 1.000000000000000000, 0.000000000000000000, 0.000000000000000000 ) ) ;
#10018 = UNCERTAINTY_MEASURE_WITH_UNIT (LENGTH_MEASURE( 1.000000000000000082E-05 ), #4554, 'distance_accuracy_value', 'NONE');
#10019 = LINE ( 'NONE', #6258, #514 ) ;
#10020 = FACE_OUTER_BOUND ( 'NONE', #11764, .T. ) ;
#10021 = ORIENTED_EDGE ( 'NONE', *, *, #5897, .F. ) ;
#10022 = ORIENTED_EDGE ( 'NONE', *, *, #6884, .T. ) ;
#10023 = VECTOR ( 'NONE', #9039, 1000.000000000000000 ) ;
#10024 = UNCERTAINTY_MEASURE_WITH_UNIT (LENGTH_MEASURE( 1.000000000000000082E-05 ), #9162, 'distance_accuracy_value', 'NONE');
#10025 = CARTESIAN_POINT ( 'NONE',  ( 10.34999999999999964, 8.900000000000000355, 7.500000000000000000 ) ) ;
#10026 = ORIENTED_EDGE ( 'NONE', *, *, #9799, .F. ) ;
#10027 = EDGE_CURVE ( 'NONE', #5615, #8332, #2099, .T. ) ;
#10028 = CARTESIAN_POINT ( 'NONE',  ( 7.849999999999999645, -3.000000000000000000, -7.000000000000000000 ) ) ;
#10029 = DIRECTION ( 'NONE',  ( 0.000000000000000000, 7.589415207398510528E-15, -1.000000000000000000 ) ) ;
#10030 = CARTESIAN_POINT ( 'NONE',  ( -7.786542750846689565, 13.15115089915395963, 0.5500000000000100364 ) ) ;
#10031 = CARTESIAN_POINT ( 'NONE',  ( 1.587836625789089906, 10.39672597473573923, -1.199999999999999956 ) ) ;
#10032 = LINE ( 'NONE', #5383, #2330 ) ;
#10033 = LINE ( 'NONE', #2386, #10914 ) ;
#10034 = DIRECTION ( 'NONE',  ( 0.000000000000000000, 3.614007241618349757E-17, -1.000000000000000000 ) ) ;
#10035 = MECHANICAL_DESIGN_GEOMETRIC_PRESENTATION_REPRESENTATION (  '', ( #2422 ), #4021 ) ;
#10036 = LINE ( 'NONE', #6275, #953 ) ;
#10037 = LINE ( 'NONE', #8282, #12162 ) ;
#10038 = FACE_OUTER_BOUND ( 'NONE', #3777, .T. ) ;
#10039 = EDGE_LOOP ( 'NONE', ( #9363, #891, #2179, #7957 ) ) ;
#10040 = UNCERTAINTY_MEASURE_WITH_UNIT (LENGTH_MEASURE( 1.000000000000000082E-05 ), #12110, 'distance_accuracy_value', 'NONE');
#10041 = ORIENTED_EDGE ( 'NONE', *, *, #6071, .T. ) ;
#10042 = ORIENTED_EDGE ( 'NONE', *, *, #2588, .F. ) ;
#10043 = ADVANCED_FACE ( 'NONE', ( #219 ), #1976, .T. ) ;
#10044 = VECTOR ( 'NONE', #6599, 1000.000000000000000 ) ;
#10045 = VERTEX_POINT ( 'NONE', #6870 ) ;
#10046 = LINE ( 'NONE', #641, #9294 ) ;
#10047 = LINE ( 'NONE', #5149, #2635 ) ;
#10048 = EDGE_LOOP ( 'NONE', ( #10403, #4958, #5422, #3760 ) ) ;
#10049 = PRESENTATION_STYLE_ASSIGNMENT (( #332 ) ) ;
#10050 = SURFACE_STYLE_FILL_AREA ( #5970 ) ;
#10051 = CONICAL_SURFACE ( 'NONE', #10642, 1.320190296114374107, 0.7853981633974560506 ) ;
#10052 = AXIS2_PLACEMENT_3D ( 'NONE', #6874, #9642, #7818 ) ;
#10053 = CARTESIAN_POINT ( 'NONE',  ( 2.677937912262149833, 1.248742956551454064, -1.199999999999999956 ) ) ;
#10054 = ORIENTED_EDGE ( 'NONE', *, *, #2990, .T. ) ;
#10055 = ADVANCED_FACE ( 'NONE', ( #2166 ), #7944, .T. ) ;
#10056 = ADVANCED_FACE ( 'NONE', ( #6939 ), #11769, .T. ) ;
#10057 = ORIENTED_EDGE ( 'NONE', *, *, #2262, .F. ) ;
#10058 = PRESENTATION_LAYER_ASSIGNMENT (  '', '', ( #3039 ) ) ;
#10059 = ORIENTED_EDGE ( 'NONE', *, *, #5958, .F. ) ;
#10060 = FILL_AREA_STYLE_COLOUR ( '', #8027 ) ;
#10061 = COLOUR_RGB ( '',0.6666666666666666297, 0.6980392156862744724, 0.7686274509803920907 ) ;
#10062 = DIRECTION ( 'NONE',  ( 0.000000000000000000, 0.000000000000000000, 1.000000000000000000 ) ) ;
#10063 = CARTESIAN_POINT ( 'NONE',  ( 1.135724311311050005, 8.946136669551908227, 6.799999999999999822 ) ) ;
#10064 = DIRECTION ( 'NONE',  ( -1.000000000000000000, 1.176436426395249749E-16, 0.000000000000000000 ) ) ;
#10065 = FILL_AREA_STYLE ('',( #1425 ) ) ;
#10066 = CARTESIAN_POINT ( 'NONE',  ( -2.149999999999999911, -3.000000000000000000, -7.500000000000000000 ) ) ;
#10067 = CYLINDRICAL_SURFACE ( 'NONE', #9347, 2.124999999999998224 ) ;
#10068 = PRESENTATION_STYLE_ASSIGNMENT (( #9137 ) ) ;
#10069 = AXIS2_PLACEMENT_3D ( 'NONE', #2442, #4191, #11864 ) ;
#10070 = EDGE_CURVE ( 'NONE', #477, #11733, #104, .T. ) ;
#10071 = AXIS2_PLACEMENT_3D ( 'NONE', #5579, #3817, #11361 ) ;
#10072 = ADVANCED_FACE ( 'NONE', ( #8623 ), #45, .T. ) ;
#10073 = EDGE_CURVE ( 'NONE', #5554, #2148, #479, .T. ) ;
#10074 = VERTEX_POINT ( 'NONE', #11127 ) ;
#10075 = PRESENTATION_STYLE_ASSIGNMENT (( #1550 ) ) ;
#10076 = CARTESIAN_POINT ( 'NONE',  ( 10.09999999999999964, 21.14999999999999858, 7.299999999999999822 ) ) ;
#10077 = AXIS2_PLACEMENT_3D ( 'NONE', #5500, #9341, #4679 ) ;
#10078 = SURFACE_STYLE_USAGE ( .BOTH. , #7266 ) ;
#10079 = DIRECTION ( 'NONE',  ( 1.000000000000000000, 0.000000000000000000, 0.000000000000000000 ) ) ;
#10080 = CARTESIAN_POINT ( 'NONE',  ( -10.05000000000022098, 21.14999999999999858, 7.250000000000000000 ) ) ;
#10081 = MECHANICAL_DESIGN_GEOMETRIC_PRESENTATION_REPRESENTATION (  '', ( #11902 ), #10089 ) ;
#10082 = CARTESIAN_POINT ( 'NONE',  ( -2.600000000000000089, -3.500000000000000000, 4.899999999999999467 ) ) ;
#10083 = SURFACE_SIDE_STYLE ('',( #6257 ) ) ;
#10084 = DIRECTION ( 'NONE',  ( 0.000000000000000000, -1.000000000000000000, 0.000000000000000000 ) ) ;
#10085 = DIRECTION ( 'NONE',  ( 1.000000000000000000, 0.000000000000000000, 0.000000000000000000 ) ) ;
#10086 = VERTEX_POINT ( 'NONE', #10183 ) ;
#10087 = ORIENTED_EDGE ( 'NONE', *, *, #2323, .F. ) ;
#10088 = ADVANCED_FACE ( 'NONE', ( #2532 ), #8069, .F. ) ;
#10089 =( GEOMETRIC_REPRESENTATION_CONTEXT ( 3 ) GLOBAL_UNCERTAINTY_ASSIGNED_CONTEXT ( ( #2531 ) ) GLOBAL_UNIT_ASSIGNED_CONTEXT ( ( #3106, #9589, #8637 ) ) REPRESENTATION_CONTEXT ( 'NONE', 'WORKASPACE' ) );
#10090 = VERTEX_POINT ( 'NONE', #345 ) ;
#10091 = DIRECTION ( 'NONE',  ( -4.057832692343404916E-16, -1.000000000000000000, -7.589415207398510528E-15 ) ) ;
#10092 = DIRECTION ( 'NONE',  ( 1.523968001115905067E-29, 1.000000000000000000, 7.589415207398510528E-15 ) ) ;
#10093 = FACE_OUTER_BOUND ( 'NONE', #6135, .T. ) ;
#10094 = CARTESIAN_POINT ( 'NONE',  ( 10.11464466094068015, 21.39999999999999858, 5.750000000000070166 ) ) ;
#10095 = FACE_OUTER_BOUND ( 'NONE', #4396, .T. ) ;
#10096 = FILL_AREA_STYLE_COLOUR ( '', #11412 ) ;
#10097 = DIRECTION ( 'NONE',  ( 1.000000000000000000, 8.182657905550979512E-17, 0.000000000000000000 ) ) ;
#10098 = COLOUR_RGB ( '',0.2509803921568627416, 0.2509803921568627416, 0.2509803921568627416 ) ;
#10099 = PRESENTATION_LAYER_ASSIGNMENT (  '', '', ( #3082 ) ) ;
#10100 = FACE_OUTER_BOUND ( 'NONE', #1698, .T. ) ;
#10101 = LINE ( 'NONE', #6337, #1961 ) ;
#10102 = ADVANCED_FACE ( 'NONE', ( #6304 ), #7252, .F. ) ;
#10103 = FILL_AREA_STYLE ('',( #4329 ) ) ;
#10104 = VERTEX_POINT ( 'NONE', #4157 ) ;
#10105 = MECHANICAL_DESIGN_GEOMETRIC_PRESENTATION_REPRESENTATION (  '', ( #897 ), #4083 ) ;
#10106 = EDGE_LOOP ( 'NONE', ( #9478, #4956, #1873, #11080 ) ) ;
#10107 = ORIENTED_EDGE ( 'NONE', *, *, #5151, .T. ) ;
#10108 = ORIENTED_EDGE ( 'NONE', *, *, #4288, .F. ) ;
#10109 = LINE ( 'NONE', #1522, #11908 ) ;
#10110 = CARTESIAN_POINT ( 'NONE',  ( 7.250000000000000000, 10.00000000000000000, 7.299999999999999822 ) ) ;
#10111 = VERTEX_POINT ( 'NONE', #12077 ) ;
#10112 = FACE_OUTER_BOUND ( 'NONE', #11716, .T. ) ;
#10113 = EDGE_CURVE ( 'NONE', #8988, #10117, #5352, .T. ) ;
#10114 = SURFACE_SIDE_STYLE ('',( #6295 ) ) ;
#10115 = LINE ( 'NONE', #1531, #7478 ) ;
#10116 =( GEOMETRIC_REPRESENTATION_CONTEXT ( 3 ) GLOBAL_UNCERTAINTY_ASSIGNED_CONTEXT ( ( #12365 ) ) GLOBAL_UNIT_ASSIGNED_CONTEXT ( ( #3677, #9471, #12361 ) ) REPRESENTATION_CONTEXT ( 'NONE', 'WORKASPACE' ) );
#10117 = VERTEX_POINT ( 'NONE', #2298 ) ;
#10118 = EDGE_CURVE ( 'NONE', #4870, #204, #3343, .T. ) ;
#10119 = ORIENTED_EDGE ( 'NONE', *, *, #8440, .F. ) ;
#10120 = AXIS2_PLACEMENT_3D ( 'NONE', #7013, #4102, #6946 ) ;
#10121 = EDGE_LOOP ( 'NONE', ( #9776, #9985, #1533, #9406, #7134, #11876, #1774, #10798 ) ) ;
#10122 = CARTESIAN_POINT ( 'NONE',  ( 1.445610957098677922E-15, 10.59999999999999964, 6.799999999999999822 ) ) ;
#10123 = AXIS2_PLACEMENT_3D ( 'NONE', #8396, #8576, #11408 ) ;
#10124 = CARTESIAN_POINT ( 'NONE',  ( 2.850000000000000089, 0.5500000000000000444, -4.500000000000000000 ) ) ;
#10125 = PRESENTATION_STYLE_ASSIGNMENT (( #1723 ) ) ;
#10126 = CARTESIAN_POINT ( 'NONE',  ( -7.150000000000000355, -3.000000000000000000, -8.000000000000000000 ) ) ;
#10127 = FILL_AREA_STYLE ('',( #6307 ) ) ;
#10128 = DIRECTION ( 'NONE',  ( -9.796085511398447858E-15, 1.000000000000000000, 7.755234363190438677E-15 ) ) ;
#10129 = EDGE_CURVE ( 'NONE', #10175, #9156, #6237, .T. ) ;
#10130 = SURFACE_STYLE_FILL_AREA ( #10011 ) ;
#10131 = VERTEX_POINT ( 'NONE', #2358 ) ;
#10132 = SURFACE_SIDE_STYLE ('',( #1314 ) ) ;
#10133 = LINE ( 'NONE', #10961, #1238 ) ;
#10134 = DIRECTION ( 'NONE',  ( 1.000000000000000000, 0.000000000000000000, 0.000000000000000000 ) ) ;
#10135 = CARTESIAN_POINT ( 'NONE',  ( 4.265774538051229747, 9.147983018184300263, 6.799999999999999822 ) ) ;
#10136 = AXIS2_PLACEMENT_3D ( 'NONE', #549, #2536, #7259 ) ;
#10137 =( NAMED_UNIT ( * ) SI_UNIT ( $, .STERADIAN. ) SOLID_ANGLE_UNIT ( ) );
#10138 = EDGE_CURVE ( 'NONE', #5876, #6442, #6178, .T. ) ;
#10139 = EDGE_CURVE ( 'NONE', #11796, #6409, #5296, .T. ) ;
#10140 = DIRECTION ( 'NONE',  ( 0.000000000000000000, 1.301042606982603842E-16, -1.000000000000000000 ) ) ;
#10141 = DIRECTION ( 'NONE',  ( -9.933636120880690762E-15, 1.000000000000000000, 0.000000000000000000 ) ) ;
#10142 = ORIENTED_EDGE ( 'NONE', *, *, #2913, .F. ) ;
#10143 = ORIENTED_EDGE ( 'NONE', *, *, #2416, .F. ) ;
#10144 = CARTESIAN_POINT ( 'NONE',  ( 8.400000000000000355, 10.00000000000000000, 5.700000000000000178 ) ) ;
#10145 = CIRCLE ( 'NONE', #11347, 1.099999999999999423 ) ;
#10146 = CARTESIAN_POINT ( 'NONE',  ( 5.412162652094989923, 9.606453588454071379, 6.799999999999999822 ) ) ;
#10147 = SURFACE_STYLE_USAGE ( .BOTH. , #10390 ) ;
#10148 = PRESENTATION_STYLE_ASSIGNMENT (( #11986 ) ) ;
#10149 = CARTESIAN_POINT ( 'NONE',  ( 10.11219703812814075, 21.39999999999999858, 7.315633423315000883 ) ) ;
#10150 = DIRECTION ( 'NONE',  ( -3.178365879782604653E-14, 1.000000000000000000, 0.000000000000000000 ) ) ;
#10151 = LINE ( 'NONE', #7408, #11510 ) ;
#10152 = VECTOR ( 'NONE', #1366, 1000.000000000000000 ) ;
#10153 = DIRECTION ( 'NONE',  ( 1.000000000000000000, 2.168404344971010101E-16, -7.575408038632519885E-31 ) ) ;
#10154 = EDGE_CURVE ( 'NONE', #9683, #2147, #1438, .T. ) ;
#10155 = CARTESIAN_POINT ( 'NONE',  ( 3.500000000000000000, 2.000000000000000000, 7.500000000000000000 ) ) ;
#10156 = VECTOR ( 'NONE', #436, 1000.000000000000000 ) ;
#10157 =( LENGTH_UNIT ( ) NAMED_UNIT ( * ) SI_UNIT ( .MILLI., .METRE. ) );
#10158 = PLANE ( 'NONE',  #8694 ) ;
#10159 = ORIENTED_EDGE ( 'NONE', *, *, #2961, .T. ) ;
#10160 = UNCERTAINTY_MEASURE_WITH_UNIT (LENGTH_MEASURE( 1.000000000000000082E-05 ), #1920, 'distance_accuracy_value', 'NONE');
#10161 = ORIENTED_EDGE ( 'NONE', *, *, #2402, .T. ) ;
#10162 = VERTEX_POINT ( 'NONE', #6115 ) ;
#10163 = ORIENTED_EDGE ( 'NONE', *, *, #8930, .F. ) ;
#10164 = CARTESIAN_POINT ( 'NONE',  ( -3.000000000000000000, 2.000000000000000000, 7.299999999999999822 ) ) ;
#10165 = MECHANICAL_DESIGN_GEOMETRIC_PRESENTATION_REPRESENTATION (  '', ( #9976 ), #763 ) ;
#10166 = EDGE_CURVE ( 'NONE', #8529, #8330, #2475, .T. ) ;
#10167 = DIRECTION ( 'NONE',  ( 0.000000000000000000, 0.000000000000000000, -1.000000000000000000 ) ) ;
#10168 = ORIENTED_EDGE ( 'NONE', *, *, #6920, .F. ) ;
#10169 = CIRCLE ( 'NONE', #4745, 0.4999999999999995559 ) ;
#10170 = CARTESIAN_POINT ( 'NONE',  ( 7.150000000000000355, 0.5500000000000000444, -7.000000000000000000 ) ) ;
#10171 = STYLED_ITEM ( 'NONE', ( #6720 ), #4025 ) ;
#10172 = LINE ( 'NONE', #4637, #8375 ) ;
#10173 = LINE ( 'NONE', #405, #577 ) ;
#10174 = VECTOR ( 'NONE', #2906, 1000.000000000000000 ) ;
#10175 = VERTEX_POINT ( 'NONE', #4410 ) ;
#10176 = ORIENTED_EDGE ( 'NONE', *, *, #5836, .F. ) ;
#10177 = CARTESIAN_POINT ( 'NONE',  ( 0.000000000000000000, 10.00000000000000000, 6.000000000000000000 ) ) ;
#10178 = EDGE_CURVE ( 'NONE', #5948, #9049, #3465, .T. ) ;
#10179 = ORIENTED_EDGE ( 'NONE', *, *, #6674, .T. ) ;
#10180 = DIRECTION ( 'NONE',  ( 0.000000000000000000, 0.000000000000000000, -1.000000000000000000 ) ) ;
#10181 = DIRECTION ( 'NONE',  ( -0.9063077870366489375, 0.4226182617407014397, 0.000000000000000000 ) ) ;
#10182 = UNCERTAINTY_MEASURE_WITH_UNIT (LENGTH_MEASURE( 1.000000000000000082E-05 ), #10593, 'distance_accuracy_value', 'NONE');
#10183 = CARTESIAN_POINT ( 'NONE',  ( -4.649999999999999467, 0.5500000000000000444, -8.500000000000000000 ) ) ;
#10184 = FACE_BOUND ( 'NONE', #9920, .T. ) ;
#10185 = FILL_AREA_STYLE ('',( #5413 ) ) ;
#10186 = FILL_AREA_STYLE ('',( #4526 ) ) ;
#10187 = DIRECTION ( 'NONE',  ( -1.000000000000000000, 0.000000000000000000, 0.000000000000000000 ) ) ;
#10188 = LINE ( 'NONE', #1603, #12382 ) ;
#10189 = SURFACE_STYLE_USAGE ( .BOTH. , #1427 ) ;
#10190 = MECHANICAL_DESIGN_GEOMETRIC_PRESENTATION_REPRESENTATION (  '', ( #12412 ), #189 ) ;
#10191 = AXIS2_PLACEMENT_3D ( 'NONE', #8568, #7520, #1058 ) ;
#10192 = EDGE_LOOP ( 'NONE', ( #12386, #10434, #2753, #7777 ) ) ;
#10193 = STYLED_ITEM ( 'NONE', ( #8329 ), #1822 ) ;
#10194 = EDGE_CURVE ( 'NONE', #700, #12015, #4523, .T. ) ;
#10195 = ORIENTED_EDGE ( 'NONE', *, *, #1939, .F. ) ;
#10196 = SURFACE_STYLE_FILL_AREA ( #2664 ) ;
#10197 = PLANE ( 'NONE',  #828 ) ;
#10198 = LINE ( 'NONE', #10313, #10271 ) ;
#10199 =( NAMED_UNIT ( * ) SI_UNIT ( $, .STERADIAN. ) SOLID_ANGLE_UNIT ( ) );
#10200 = AXIS2_PLACEMENT_3D ( 'NONE', #782, #661, #10241 ) ;
#10201 =( NAMED_UNIT ( * ) PLANE_ANGLE_UNIT ( ) SI_UNIT ( $, .RADIAN. ) );
#10202 = DIRECTION ( 'NONE',  ( 0.000000000000000000, 0.000000000000000000, 1.000000000000000000 ) ) ;
#10203 = VERTEX_POINT ( 'NONE', #12322 ) ;
#10204 = ORIENTED_EDGE ( 'NONE', *, *, #11841, .T. ) ;
#10205 = EDGE_CURVE ( 'NONE', #11430, #4332, #12198, .T. ) ;
#10206 = AXIS2_PLACEMENT_3D ( 'NONE', #5310, #435, #1319 ) ;
#10207 = CARTESIAN_POINT ( 'NONE',  ( 10.14999999999999858, 21.10000000000000142, 7.200000000000000178 ) ) ;
#10208 = ADVANCED_FACE ( 'NONE', ( #8310 ), #6484, .T. ) ;
#10209 = MECHANICAL_DESIGN_GEOMETRIC_PRESENTATION_REPRESENTATION (  '', ( #12033 ), #3789 ) ;
#10210 = SURFACE_SIDE_STYLE ('',( #2328 ) ) ;
#10211 = EDGE_CURVE ( 'NONE', #3828, #3386, #3766, .T. ) ;
#10212 = CARTESIAN_POINT ( 'NONE',  ( -7.849999999999999645, -3.000000000000000000, -7.500000000000000000 ) ) ;
#10213 = DIRECTION ( 'NONE',  ( 0.000000000000000000, 2.168404344971015031E-16, -1.000000000000000000 ) ) ;
#10214 = FILL_AREA_STYLE ('',( #8162 ) ) ;
#10215 = FILL_AREA_STYLE ('',( #6392 ) ) ;
#10216 = MECHANICAL_DESIGN_GEOMETRIC_PRESENTATION_REPRESENTATION (  '', ( #1606 ), #6930 ) ;
#10217 =( LENGTH_UNIT ( ) NAMED_UNIT ( * ) SI_UNIT ( .MILLI., .METRE. ) );
#10218 = PRESENTATION_STYLE_ASSIGNMENT (( #7228 ) ) ;
#10219 = CARTESIAN_POINT ( 'NONE',  ( -10.05000000000000071, 8.750000000000000000, 7.299999999999999822 ) ) ;
#10220 = VECTOR ( 'NONE', #8336, 1000.000000000000000 ) ;
#10221 = DIRECTION ( 'NONE',  ( 0.000000000000000000, 0.000000000000000000, -1.000000000000000000 ) ) ;
#10222 = ORIENTED_EDGE ( 'NONE', *, *, #8686, .T. ) ;
#10223 = ORIENTED_EDGE ( 'NONE', *, *, #4037, .F. ) ;
#10224 = ORIENTED_EDGE ( 'NONE', *, *, #6042, .F. ) ;
#10225 = VERTEX_POINT ( 'NONE', #11312 ) ;
#10226 = ADVANCED_FACE ( 'NONE', ( #3704 ), #1778, .T. ) ;
#10227 = AXIS2_PLACEMENT_3D ( 'NONE', #4790, #2171, #3974 ) ;
#10228 = CARTESIAN_POINT ( 'NONE',  ( 7.849999999999999645, 14.90000000000000036, -4.599999999999999645 ) ) ;
#10229 = PLANE ( 'NONE',  #10463 ) ;
#10230 = PRODUCT ( 'same sky SDF-80J', 'same sky SDF-80J', '', ( #6947 ) ) ;
#10231 = DIRECTION ( 'NONE',  ( 0.000000000000000000, 1.000000000000000000, 0.000000000000000000 ) ) ;
#10232 = FACE_OUTER_BOUND ( 'NONE', #3623, .T. ) ;
#10233 = AXIS2_PLACEMENT_3D ( 'NONE', #10881, #7194, #544 ) ;
#10234 = PRESENTATION_LAYER_ASSIGNMENT (  '', '', ( #9648 ) ) ;
#10235 = VERTEX_POINT ( 'NONE', #4711 ) ;
#10236 = ORIENTED_EDGE ( 'NONE', *, *, #10287, .F. ) ;
#10237 = ORIENTED_EDGE ( 'NONE', *, *, #6998, .F. ) ;
#10238 = LINE ( 'NONE', #4463, #3273 ) ;
#10239 = ORIENTED_EDGE ( 'NONE', *, *, #892, .T. ) ;
#10240 = CARTESIAN_POINT ( 'NONE',  ( 2.473186941766180258, 12.47655937766027989, -1.199999999999999956 ) ) ;
#10241 = DIRECTION ( 'NONE',  ( 1.000000000000000000, 0.000000000000000000, 0.000000000000000000 ) ) ;
#10242 = DIRECTION ( 'NONE',  ( 0.000000000000000000, 0.000000000000000000, 1.000000000000000000 ) ) ;
#10243 = EDGE_CURVE ( 'NONE', #5902, #1655, #2829, .T. ) ;
#10244 = VECTOR ( 'NONE', #5486, 1000.000000000000000 ) ;
#10245 = CARTESIAN_POINT ( 'NONE',  ( -2.850000000000000089, -3.000000000000000000, -8.000000000000000000 ) ) ;
#10246 = CARTESIAN_POINT ( 'NONE',  ( -10.14280904683515949, 21.15976310729380216, 7.275044919887499795 ) ) ;
#10247 = EDGE_CURVE ( 'NONE', #3120, #12240, #7060, .T. ) ;
#10248 = CARTESIAN_POINT ( 'NONE',  ( 7.849999999999999645, 0.5500000000000000444, -4.500000000000000000 ) ) ;
#10249 = AXIS2_PLACEMENT_3D ( 'NONE', #644, #4335, #4273 ) ;
#10250 = VERTEX_POINT ( 'NONE', #9311 ) ;
#10251 = PRESENTATION_LAYER_ASSIGNMENT (  '', '', ( #5636 ) ) ;
#10252 = ORIENTED_EDGE ( 'NONE', *, *, #879, .T. ) ;
#10253 = SURFACE_STYLE_USAGE ( .BOTH. , #1792 ) ;
#10254 = DIRECTION ( 'NONE',  ( 0.000000000000000000, 0.000000000000000000, -1.000000000000000000 ) ) ;
#10255 = PLANE ( 'NONE',  #11331 ) ;
#10256 = VECTOR ( 'NONE', #8657, 1000.000000000000000 ) ;
#10257 = DIRECTION ( 'NONE',  ( 0.9063077870366501587, 0.4226182617406989972, 0.000000000000000000 ) ) ;
#10258 = EDGE_CURVE ( 'NONE', #2555, #277, #5532, .T. ) ;
#10259 = ORIENTED_EDGE ( 'NONE', *, *, #10333, .F. ) ;
#10260 = ORIENTED_EDGE ( 'NONE', *, *, #335, .T. ) ;
#10261 =( LENGTH_UNIT ( ) NAMED_UNIT ( * ) SI_UNIT ( .MILLI., .METRE. ) );
#10262 = STYLED_ITEM ( 'NONE', ( #433 ), #6077 ) ;
#10263 = VECTOR ( 'NONE', #3452, 1000.000000000000000 ) ;
#10264 = LINE ( 'NONE', #5379, #11119 ) ;
#10265 = VECTOR ( 'NONE', #8271, 1000.000000000000000 ) ;
#10266 = DIRECTION ( 'NONE',  ( 0.000000000000000000, 1.000000000000000000, 0.000000000000000000 ) ) ;
#10267 = FACE_OUTER_BOUND ( 'NONE', #3263, .T. ) ;
#10268 = DIRECTION ( 'NONE',  ( 0.000000000000000000, 0.000000000000000000, 1.000000000000000000 ) ) ;
#10269 = CARTESIAN_POINT ( 'NONE',  ( 1.649999999999999911, 9.819189486661180344E-16, -4.500000000000000000 ) ) ;
#10270 = CARTESIAN_POINT ( 'NONE',  ( 5.412162652094989923, 9.606453588454071379, -1.199999999999999956 ) ) ;
#10271 = VECTOR ( 'NONE', #7450, 1000.000000000000000 ) ;
#10272 = LINE ( 'NONE', #3379, #4685 ) ;
#10273 = EDGE_CURVE ( 'NONE', #3387, #1111, #2650, .T. ) ;
#10274 = DIRECTION ( 'NONE',  ( -1.000000000000000000, 0.000000000000000000, 0.000000000000000000 ) ) ;
#10275 = ORIENTED_EDGE ( 'NONE', *, *, #9298, .T. ) ;
#10276 = ORIENTED_EDGE ( 'NONE', *, *, #7239, .F. ) ;
#10277 = ORIENTED_EDGE ( 'NONE', *, *, #4415, .F. ) ;
#10278 = EDGE_LOOP ( 'NONE', ( #12368, #7446, #11138, #525, #5160, #4204, #28, #2258, #12270, #9803, #11859, #1463, #8317, #4857, #4059, #4874, #7232, #8923 ) ) ;
#10279 = CYLINDRICAL_SURFACE ( 'NONE', #11295, 0.2500000000000000000 ) ;
#10280 = UNCERTAINTY_MEASURE_WITH_UNIT (LENGTH_MEASURE( 1.000000000000000082E-05 ), #2786, 'distance_accuracy_value', 'NONE');
#10281 = DIRECTION ( 'NONE',  ( 8.078951323039540844E-15, 1.000000000000000000, 0.000000000000000000 ) ) ;
#10282 = EDGE_LOOP ( 'NONE', ( #3577, #10054, #11793, #3946, #10527, #7586, #11484, #3272 ) ) ;
#10283 = AXIS2_PLACEMENT_3D ( 'NONE', #5213, #7235, #2456 ) ;
#10284 = SURFACE_STYLE_FILL_AREA ( #6348 ) ;
#10285 = CARTESIAN_POINT ( 'NONE',  ( -7.150000000000000355, 0.5500000000000000444, -7.000000000000000000 ) ) ;
#10286 = EDGE_CURVE ( 'NONE', #7657, #3414, #7628, .T. ) ;
#10287 = EDGE_CURVE ( 'NONE', #9966, #2379, #1722, .T. ) ;
#10288 = FILL_AREA_STYLE_COLOUR ( '', #592 ) ;
#10289 = CARTESIAN_POINT ( 'NONE',  ( -10.09999999999999964, 21.14999999999999858, 7.299999999999999822 ) ) ;
#10290 = ORIENTED_EDGE ( 'NONE', *, *, #1911, .T. ) ;
#10291 = ORIENTED_EDGE ( 'NONE', *, *, #5628, .T. ) ;
#10292 = ORIENTED_EDGE ( 'NONE', *, *, #6578, .F. ) ;
#10293 = DIRECTION ( 'NONE',  ( -0.4999999999999928946, 0.8660254037844428154, 0.000000000000000000 ) ) ;
#10294 = FILL_AREA_STYLE_COLOUR ( '', #323 ) ;
#10295 = EDGE_LOOP ( 'NONE', ( #1960, #7619, #6112, #10352, #12176, #3715 ) ) ;
#10296 = DIRECTION ( 'NONE',  ( -1.000000000000000000, 0.000000000000000000, 0.000000000000000000 ) ) ;
#10297 = CARTESIAN_POINT ( 'NONE',  ( -5.410704217613820255, 11.60329263950301915, 6.799999999999999822 ) ) ;
#10298 = VECTOR ( 'NONE', #11154, 1000.000000000000000 ) ;
#10299 = DIRECTION ( 'NONE',  ( 0.000000000000000000, 1.000000000000000000, 7.755234363190438677E-15 ) ) ;
#10300 = DIRECTION ( 'NONE',  ( 3.108187522871345797E-16, 1.000000000000000000, 0.000000000000000000 ) ) ;
#10301 = CARTESIAN_POINT ( 'NONE',  ( 7.349999999999999645, 2.700000000000000178, 2.299999999999999822 ) ) ;
#10302 =( LENGTH_UNIT ( ) NAMED_UNIT ( * ) SI_UNIT ( .MILLI., .METRE. ) );
#10303 = FACE_OUTER_BOUND ( 'NONE', #12188, .T. ) ;
#10304 = EDGE_CURVE ( 'NONE', #9428, #8229, #3227, .T. ) ;
#10305 = PRESENTATION_STYLE_ASSIGNMENT (( #730 ) ) ;
#10306 = LINE ( 'NONE', #10903, #2387 ) ;
#10307 = CIRCLE ( 'NONE', #10923, 1.099999999999999423 ) ;
#10308 = ORIENTED_EDGE ( 'NONE', *, *, #11163, .T. ) ;
#10309 = CIRCLE ( 'NONE', #7327, 0.04999999999999969746 ) ;
#10310 = ORIENTED_EDGE ( 'NONE', *, *, #10865, .F. ) ;
#10311 = CARTESIAN_POINT ( 'NONE',  ( -5.349999999999999645, 0.5500000000000000444, -5.500000000000000000 ) ) ;
#10312 = EDGE_CURVE ( 'NONE', #7843, #6984, #6540, .T. ) ;
#10313 = CARTESIAN_POINT ( 'NONE',  ( 2.000000000000000000, 1.899999999999999911, 5.500000000000000000 ) ) ;
#10314 = DIRECTION ( 'NONE',  ( 1.000000000000000000, 0.000000000000000000, 0.000000000000000000 ) ) ;
#10315 = SURFACE_SIDE_STYLE ('',( #6497 ) ) ;
#10316 = VECTOR ( 'NONE', #9827, 1000.000000000000000 ) ;
#10317 = LINE ( 'NONE', #1737, #1548 ) ;
#10318 = PLANE ( 'NONE',  #4139 ) ;
#10319 = AXIS2_PLACEMENT_3D ( 'NONE', #8957, #7268, #6195 ) ;
#10320 = DIRECTION ( 'NONE',  ( 0.000000000000000000, 0.000000000000000000, 1.000000000000000000 ) ) ;
#10321 = SURFACE_SIDE_STYLE ('',( #7273 ) ) ;
#10322 = CONICAL_SURFACE ( 'NONE', #8140, 1.320190296114374107, 0.7853981633974560506 ) ;
#10323 = SURFACE_STYLE_FILL_AREA ( #8633 ) ;
#10324 = ORIENTED_EDGE ( 'NONE', *, *, #2884, .T. ) ;
#10325 = ORIENTED_EDGE ( 'NONE', *, *, #3396, .T. ) ;
#10326 = ORIENTED_EDGE ( 'NONE', *, *, #11220, .T. ) ;
#10327 = LINE ( 'NONE', #9339, #11868 ) ;
#10328 = ADVANCED_FACE ( 'NONE', ( #2592 ), #10051, .F. ) ;
#10329 = CARTESIAN_POINT ( 'NONE',  ( -4.396574867224620320, 10.08002995006778058, 6.799999999999999822 ) ) ;
#10330 = SURFACE_STYLE_FILL_AREA ( #12232 ) ;
#10331 = PRESENTATION_STYLE_ASSIGNMENT (( #7410 ) ) ;
#10332 = CARTESIAN_POINT ( 'NONE',  ( 3.200000000000000178, 1.900000000000074962, 2.399999999999914646 ) ) ;
#10333 = EDGE_CURVE ( 'NONE', #2016, #8391, #5834, .T. ) ;
#10334 = LINE ( 'NONE', #579, #7384 ) ;
#10335 = PRESENTATION_STYLE_ASSIGNMENT (( #7535 ) ) ;
#10336 = ORIENTED_EDGE ( 'NONE', *, *, #12132, .T. ) ;
#10337 = ORIENTED_EDGE ( 'NONE', *, *, #10194, .T. ) ;
#10338 = ORIENTED_EDGE ( 'NONE', *, *, #8237, .T. ) ;
#10339 = EDGE_LOOP ( 'NONE', ( #1956, #3401, #4489, #6576 ) ) ;
#10340 = DIRECTION ( 'NONE',  ( 1.000000000000000000, 0.000000000000000000, 0.000000000000000000 ) ) ;
#10341 = EDGE_CURVE ( 'NONE', #7676, #3365, #9861, .T. ) ;
#10342 = DIRECTION ( 'NONE',  ( 0.4226182617407205355, 0.9063077870366401667, 0.000000000000000000 ) ) ;
#10343 = DIRECTION ( 'NONE',  ( 0.000000000000000000, 0.000000000000000000, 1.000000000000000000 ) ) ;
#10344 = AXIS2_PLACEMENT_3D ( 'NONE', #3796, #10526, #6514 ) ;
#10345 = FACE_OUTER_BOUND ( 'NONE', #12255, .T. ) ;
#10346 = PRESENTATION_STYLE_ASSIGNMENT (( #653 ) ) ;
#10347 = MECHANICAL_DESIGN_GEOMETRIC_PRESENTATION_REPRESENTATION (  '', ( #4732 ), #5738 ) ;
#10348 = CARTESIAN_POINT ( 'NONE',  ( -10.11219726118094187, 21.19798000000000116, 7.262595170362749819 ) ) ;
#10349 = COLOUR_RGB ( '',0.2509803921568627416, 0.2509803921568627416, 0.2509803921568627416 ) ;
#10350 = VERTEX_POINT ( 'NONE', #1899 ) ;
#10351 = VERTEX_POINT ( 'NONE', #3953 ) ;
#10352 = ORIENTED_EDGE ( 'NONE', *, *, #6261, .F. ) ;
#10353 = CARTESIAN_POINT ( 'NONE',  ( -2.475435743013954859, 7.525688402361390139, 6.799999999999999822 ) ) ;
#10354 = EDGE_CURVE ( 'NONE', #11362, #10784, #210, .T. ) ;
#10355 = CARTESIAN_POINT ( 'NONE',  ( -1.734723475976809855E-15, 1.000000000000000000, -2.699999999999950440 ) ) ;
#10356 = ORIENTED_EDGE ( 'NONE', *, *, #7056, .T. ) ;
#10357 = SURFACE_STYLE_USAGE ( .BOTH. , #4647 ) ;
#10358 = EDGE_CURVE ( 'NONE', #9879, #10584, #10676, .T. ) ;
#10359 = CARTESIAN_POINT ( 'NONE',  ( -10.05000000000000071, -1.224646799160395975E-17, 7.299999999999999822 ) ) ;
#10360 = STYLED_ITEM ( 'NONE', ( #404 ), #3880 ) ;
#10361 = DIRECTION ( 'NONE',  ( -0.9396926207859082059, -0.3420201433256691015, 3.494593936595915639E-15 ) ) ;
#10362 = CARTESIAN_POINT ( 'NONE',  ( -5.505006907668969163, 3.178317220033414880, 6.799999999999999822 ) ) ;
#10363 = FACE_BOUND ( 'NONE', #2528, .T. ) ;
#10364 = AXIS2_PLACEMENT_3D ( 'NONE', #550, #5236, #8137 ) ;
#10365 = CARTESIAN_POINT ( 'NONE',  ( 0.3499999999999999778, 0.5500000000000000444, -9.000000000000000000 ) ) ;
#10366 = DIRECTION ( 'NONE',  ( 1.000000000000000000, 0.000000000000000000, 0.000000000000000000 ) ) ;
#10367 = SURFACE_SIDE_STYLE ('',( #8313 ) ) ;
#10368 = UNCERTAINTY_MEASURE_WITH_UNIT (LENGTH_MEASURE( 1.000000000000000082E-05 ), #7564, 'distance_accuracy_value', 'NONE');
#10369 = DIRECTION ( 'NONE',  ( -9.925400323074660971E-15, 1.000000000000000000, 0.000000000000000000 ) ) ;
#10370 = DIRECTION ( 'NONE',  ( 0.4226182617407014397, 0.9063077870366489375, 0.000000000000000000 ) ) ;
#10371 = PLANE ( 'NONE',  #9996 ) ;
#10372 = MECHANICAL_DESIGN_GEOMETRIC_PRESENTATION_REPRESENTATION (  '', ( #8782 ), #3744 ) ;
#10373 = ORIENTED_EDGE ( 'NONE', *, *, #6512, .F. ) ;
#10374 = AXIS2_PLACEMENT_3D ( 'NONE', #2226, #7747, #10810 ) ;
#10375 = ORIENTED_EDGE ( 'NONE', *, *, #11600, .F. ) ;
#10376 = CARTESIAN_POINT ( 'NONE',  ( -4.649999999999999467, -3.000000000000000000, -4.500000000000000000 ) ) ;
#10377 = ADVANCED_FACE ( 'NONE', ( #4017 ), #11689, .F. ) ;
#10378 = CARTESIAN_POINT ( 'NONE',  ( 2.000000000000000000, 1.899999999999999911, 5.500000000000000000 ) ) ;
#10379 = DIRECTION ( 'NONE',  ( 0.000000000000000000, 0.000000000000000000, 1.000000000000000000 ) ) ;
#10380 = CARTESIAN_POINT ( 'NONE',  ( -7.849999999999999645, -3.000000000000000000, -7.500000000000000000 ) ) ;
#10381 = CARTESIAN_POINT ( 'NONE',  ( 4.385349954919130155, 12.08142318451944064, -1.199999999999999956 ) ) ;
#10382 =( LENGTH_UNIT ( ) NAMED_UNIT ( * ) SI_UNIT ( .MILLI., .METRE. ) );
#10383 = COLOUR_RGB ( '',0.6666666666666666297, 0.6980392156862744724, 0.7686274509803920907 ) ;
#10384 = LINE ( 'NONE', #803, #524 ) ;
#10385 = DIRECTION ( 'NONE',  ( 0.000000000000000000, 0.000000000000000000, -1.000000000000000000 ) ) ;
#10386 = ORIENTED_EDGE ( 'NONE', *, *, #6578, .T. ) ;
#10387 = LINE ( 'NONE', #5617, #2858 ) ;
#10388 = VERTEX_POINT ( 'NONE', #11618 ) ;
#10389 = DIRECTION ( 'NONE',  ( 0.4226182617406808451, -0.9063077870366587074, 0.000000000000000000 ) ) ;
#10390 = SURFACE_SIDE_STYLE ('',( #7402 ) ) ;
#10391 = VECTOR ( 'NONE', #5731, 1000.000000000000000 ) ;
#10392 = PLANE ( 'NONE',  #10416 ) ;
#10393 = CARTESIAN_POINT ( 'NONE',  ( -2.850000000000000089, 3.200000000000000178, -4.500000000000000000 ) ) ;
#10394 = CARTESIAN_POINT ( 'NONE',  ( -2.000000000000000000, 1.899999999999999911, 5.150000000000000355 ) ) ;
#10395 =( NAMED_UNIT ( * ) PLANE_ANGLE_UNIT ( ) SI_UNIT ( $, .RADIAN. ) );
#10396 = PRESENTATION_LAYER_ASSIGNMENT (  '', '', ( #9007 ) ) ;
#10397 =( NAMED_UNIT ( * ) PLANE_ANGLE_UNIT ( ) SI_UNIT ( $, .RADIAN. ) );
#10398 = DIRECTION ( 'NONE',  ( -1.000000000000000000, 0.000000000000000000, 0.000000000000000000 ) ) ;
#10399 = FILL_AREA_STYLE ('',( #4866 ) ) ;
#10400 = ORIENTED_EDGE ( 'NONE', *, *, #10211, .F. ) ;
#10401 = ADVANCED_FACE ( 'NONE', ( #9755 ), #8867, .F. ) ;
#10402 =( GEOMETRIC_REPRESENTATION_CONTEXT ( 3 ) GLOBAL_UNCERTAINTY_ASSIGNED_CONTEXT ( ( #2180 ) ) GLOBAL_UNIT_ASSIGNED_CONTEXT ( ( #9954, #5110, #4170 ) ) REPRESENTATION_CONTEXT ( 'NONE', 'WORKASPACE' ) );
#10403 = ORIENTED_EDGE ( 'NONE', *, *, #1459, .F. ) ;
#10404 = VERTEX_POINT ( 'NONE', #1163 ) ;
#10405 = ORIENTED_EDGE ( 'NONE', *, *, #2011, .T. ) ;
#10406 = CYLINDRICAL_SURFACE ( 'NONE', #6100, 1.749999999999999778 ) ;
#10407 = CARTESIAN_POINT ( 'NONE',  ( -9.637352644315598615E-14, 12.50000000000000000, -1.199999999999999956 ) ) ;
#10408 = PLANE ( 'NONE',  #8182 ) ;
#10409 = AXIS2_PLACEMENT_3D ( 'NONE', #3341, #4407, #8190 ) ;
#10410 =( LENGTH_UNIT ( ) NAMED_UNIT ( * ) SI_UNIT ( .MILLI., .METRE. ) );
#10411 = CARTESIAN_POINT ( 'NONE',  ( 1.445610957098677922E-15, 10.59999999999999964, 6.799999999999999822 ) ) ;
#10412 = ORIENTED_EDGE ( 'NONE', *, *, #4660, .T. ) ;
#10413 = EDGE_CURVE ( 'NONE', #7605, #3231, #4773, .T. ) ;
#10414 = VERTEX_POINT ( 'NONE', #7930 ) ;
#10415 = ORIENTED_EDGE ( 'NONE', *, *, #10113, .T. ) ;
#10416 = AXIS2_PLACEMENT_3D ( 'NONE', #61, #8453, #12290 ) ;
#10417 = EDGE_LOOP ( 'NONE', ( #7177, #12159, #1444, #777 ) ) ;
#10418 =( NAMED_UNIT ( * ) SI_UNIT ( $, .STERADIAN. ) SOLID_ANGLE_UNIT ( ) );
#10419 = LINE ( 'NONE', #7265, #1919 ) ;
#10420 = ORIENTED_EDGE ( 'NONE', *, *, #11600, .T. ) ;
#10421 = FILL_AREA_STYLE_COLOUR ( '', #6198 ) ;
#10422 = CARTESIAN_POINT ( 'NONE',  ( 0.4499999999998859912, -1.116781983786343900E-14, -1.199999999999999956 ) ) ;
#10423 = DIRECTION ( 'NONE',  ( 3.718869191154470885E-15, 2.414357261555910084E-44, 1.000000000000000000 ) ) ;
#10424 = DIRECTION ( 'NONE',  ( 0.000000000000000000, 0.000000000000000000, 1.000000000000000000 ) ) ;
#10425 = DIRECTION ( 'NONE',  ( 0.4226182617406990527, -0.9063077870366501587, 0.000000000000000000 ) ) ;
#10426 = CARTESIAN_POINT ( 'NONE',  ( -10.34999999999999964, 21.16219703812815212, 7.315633423315030193 ) ) ;
#10427 = DIRECTION ( 'NONE',  ( -1.000000000000000000, 0.000000000000000000, 0.000000000000000000 ) ) ;
#10428 = AXIS2_PLACEMENT_3D ( 'NONE', #235, #4047, #7893 ) ;
#10429 =( LENGTH_UNIT ( ) NAMED_UNIT ( * ) SI_UNIT ( .MILLI., .METRE. ) );
#10430 = MECHANICAL_DESIGN_GEOMETRIC_PRESENTATION_REPRESENTATION (  '', ( #10838 ), #1240 ) ;
#10431 = CARTESIAN_POINT ( 'NONE',  ( -3.200000000000000178, -3.176128103383895045E-14, 7.299999999999999822 ) ) ;
#10432 = EDGE_CURVE ( 'NONE', #8716, #2642, #4823, .T. ) ;
#10433 = EDGE_CURVE ( 'NONE', #11749, #1199, #2023, .T. ) ;
#10434 = ORIENTED_EDGE ( 'NONE', *, *, #10333, .T. ) ;
#10435 = VECTOR ( 'NONE', #8364, 1000.000000000000000 ) ;
#10436 = ORIENTED_EDGE ( 'NONE', *, *, #2084, .T. ) ;
#10437 = DIRECTION ( 'NONE',  ( 9.925400323074660971E-15, -1.000000000000000000, 0.000000000000000000 ) ) ;
#10438 = MECHANICAL_DESIGN_GEOMETRIC_PRESENTATION_REPRESENTATION (  '', ( #2860 ), #7454 ) ;
#10439 = VECTOR ( 'NONE', #2666, 1000.000000000000000 ) ;
#10440 = DIRECTION ( 'NONE',  ( 0.000000000000000000, 0.000000000000000000, 1.000000000000000000 ) ) ;
#10441 = DIRECTION ( 'NONE',  ( 1.000000000000000000, 0.000000000000000000, 0.000000000000000000 ) ) ;
#10442 = DIRECTION ( 'NONE',  ( 4.837695403017760315E-16, -1.000000000000000000, 0.000000000000000000 ) ) ;
#10443 = DIRECTION ( 'NONE',  ( 0.000000000000000000, 0.000000000000000000, 1.000000000000000000 ) ) ;
#10444 = CARTESIAN_POINT ( 'NONE',  ( -10.14999999999999858, 8.599999999999999645, -4.599999999999999645 ) ) ;
#10445 = ADVANCED_FACE ( 'NONE', ( #10550 ), #10611, .F. ) ;
#10446 = PRESENTATION_LAYER_ASSIGNMENT (  '', '', ( #9656 ) ) ;
#10447 = DIRECTION ( 'NONE',  ( -0.4226182617407014397, 0.9063077870366489375, 0.000000000000000000 ) ) ;
#10448 = EDGE_CURVE ( 'NONE', #8669, #10351, #2401, .T. ) ;
#10449 =( GEOMETRIC_REPRESENTATION_CONTEXT ( 3 ) GLOBAL_UNCERTAINTY_ASSIGNED_CONTEXT ( ( #2720 ) ) GLOBAL_UNIT_ASSIGNED_CONTEXT ( ( #10758, #8944, #2238 ) ) REPRESENTATION_CONTEXT ( 'NONE', 'WORKASPACE' ) );
#10450 = ORIENTED_EDGE ( 'NONE', *, *, #6637, .T. ) ;
#10451 = DIRECTION ( 'NONE',  ( 0.4999999999999998890, 0.8660254037844387076, 0.000000000000000000 ) ) ;
#10452 = ORIENTED_EDGE ( 'NONE', *, *, #9815, .T. ) ;
#10453 = DIRECTION ( 'NONE',  ( 7.018317874437190746E-15, -0.7071067811865420216, -0.7071067811865531239 ) ) ;
#10454 = LINE ( 'NONE', #1865, #7735 ) ;
#10455 = CARTESIAN_POINT ( 'NONE',  ( 10.23049666469082020, 21.15488155364689860, 7.473056725902460506 ) ) ;
#10456 = CYLINDRICAL_SURFACE ( 'NONE', #1292, 1.749999999999999778 ) ;
#10457 = CARTESIAN_POINT ( 'NONE',  ( -7.850000000000129319, 13.15000000000000036, -4.599999999999999645 ) ) ;
#10458 = VECTOR ( 'NONE', #6420, 1000.000000000000000 ) ;
#10459 = CARTESIAN_POINT ( 'NONE',  ( -1.649999999999999911, -1.539499158440714680E-14, -8.849999999999999645 ) ) ;
#10460 = FACE_OUTER_BOUND ( 'NONE', #12119, .T. ) ;
#10461 = PRESENTATION_STYLE_ASSIGNMENT (( #8713 ) ) ;
#10462 = MECHANICAL_DESIGN_GEOMETRIC_PRESENTATION_REPRESENTATION (  '', ( #3637 ), #6459 ) ;
#10464 = CARTESIAN_POINT ( 'NONE',  ( 0.000000000000000000, 10.00000000000000000, 24.08550494769779959 ) ) ;
#10463 = AXIS2_PLACEMENT_3D ( 'NONE', #8726, #11603, #11425 ) ;
#10465 = UNCERTAINTY_MEASURE_WITH_UNIT (LENGTH_MEASURE( 1.000000000000000082E-05 ), #9299, 'distance_accuracy_value', 'NONE');
#10466 = VERTEX_POINT ( 'NONE', #2221 ) ;
#10467 = AXIS2_PLACEMENT_3D ( 'NONE', #11034, #9036, #7276 ) ;
#10468 = ORIENTED_EDGE ( 'NONE', *, *, #10506, .T. ) ;
#10469 = ORIENTED_EDGE ( 'NONE', *, *, #947, .T. ) ;
#10470 =( GEOMETRIC_REPRESENTATION_CONTEXT ( 3 ) GLOBAL_UNCERTAINTY_ASSIGNED_CONTEXT ( ( #8951 ) ) GLOBAL_UNIT_ASSIGNED_CONTEXT ( ( #12353, #1685, #935 ) ) REPRESENTATION_CONTEXT ( 'NONE', 'WORKASPACE' ) );
#10471 = COLOUR_RGB ( '',0.2509803921568627416, 0.2509803921568627416, 0.2509803921568627416 ) ;
#10472 = ADVANCED_FACE ( 'NONE', ( #8929 ), #8994, .T. ) ;
#10473 = EDGE_LOOP ( 'NONE', ( #7588, #6981, #8113, #5126, #10815, #7973, #9901, #9999 ) ) ;
#10474 = DIRECTION ( 'NONE',  ( -1.000000000000000000, 0.000000000000000000, 0.000000000000000000 ) ) ;
#10475 = PLANE ( 'NONE',  #5860 ) ;
#10476 = DIRECTION ( 'NONE',  ( -1.000000000000000000, 0.000000000000000000, 0.000000000000000000 ) ) ;
#10477 = AXIS2_PLACEMENT_3D ( 'NONE', #9221, #7464, #1689 ) ;
#10478 = ADVANCED_FACE ( 'NONE', ( #3274, #1409, #3183 ), #6894, .F. ) ;
#10479 = CARTESIAN_POINT ( 'NONE',  ( 5.349999999999999645, 0.5500000000000000444, -8.500000000000000000 ) ) ;
#10480 = DIRECTION ( 'NONE',  ( -7.532798415146101022E-29, 7.589415207398510528E-15, -1.000000000000000000 ) ) ;
#10481 = DIRECTION ( 'NONE',  ( 0.000000000000000000, 0.000000000000000000, -1.000000000000000000 ) ) ;
#10482 = DIRECTION ( 'NONE',  ( -1.000000000000000000, 0.000000000000000000, 5.782411586589324901E-15 ) ) ;
#10483 = ORIENTED_EDGE ( 'NONE', *, *, #10854, .T. ) ;
#10484 = EDGE_LOOP ( 'NONE', ( #8377, #4218, #369, #2411 ) ) ;
#10485 = ORIENTED_EDGE ( 'NONE', *, *, #2726, .T. ) ;
#10486 = ORIENTED_EDGE ( 'NONE', *, *, #7974, .F. ) ;
#10487 = SURFACE_SIDE_STYLE ('',( #3826 ) ) ;
#10488 = FACE_OUTER_BOUND ( 'NONE', #12417, .T. ) ;
#10489 = VERTEX_POINT ( 'NONE', #4990 ) ;
#10490 = DIRECTION ( 'NONE',  ( 1.000000000000000000, 0.000000000000000000, 0.000000000000000000 ) ) ;
#10491 = PRESENTATION_STYLE_ASSIGNMENT (( #2840 ) ) ;
#10492 = ADVANCED_FACE ( 'NONE', ( #5946 ), #2002, .F. ) ;
#10493 = CARTESIAN_POINT ( 'NONE',  ( 8.550000000000000711, 17.02500000000024727, -11.24999999999986144 ) ) ;
#10494 = LINE ( 'NONE', #1901, #6866 ) ;
#10495 = CARTESIAN_POINT ( 'NONE',  ( 2.366431913239629647, 3.200000000000000178, -3.900000000000090061 ) ) ;
#10496 = MECHANICAL_DESIGN_GEOMETRIC_PRESENTATION_REPRESENTATION (  '', ( #9504 ), #1304 ) ;
#10497 = FACE_OUTER_BOUND ( 'NONE', #1287, .T. ) ;
#10498 = EDGE_CURVE ( 'NONE', #3059, #4039, #9792, .T. ) ;
#10499 = DIRECTION ( 'NONE',  ( 1.000000000000000000, 0.000000000000000000, 0.000000000000000000 ) ) ;
#10500 = ORIENTED_EDGE ( 'NONE', *, *, #1167, .F. ) ;
#10501 =( GEOMETRIC_REPRESENTATION_CONTEXT ( 3 ) GLOBAL_UNCERTAINTY_ASSIGNED_CONTEXT ( ( #7065 ) ) GLOBAL_UNIT_ASSIGNED_CONTEXT ( ( #957, #9674, #11358 ) ) REPRESENTATION_CONTEXT ( 'NONE', 'WORKASPACE' ) );
#10502 = STYLED_ITEM ( 'NONE', ( #4497 ), #410 ) ;
#10503 = ORIENTED_EDGE ( 'NONE', *, *, #10129, .F. ) ;
#10504 =( NAMED_UNIT ( * ) PLANE_ANGLE_UNIT ( ) SI_UNIT ( $, .RADIAN. ) );
#10505 = LINE ( 'NONE', #1913, #10391 ) ;
#10506 = EDGE_CURVE ( 'NONE', #9110, #11796, #2997, .T. ) ;
#10507 = CARTESIAN_POINT ( 'NONE',  ( -4.649999999999999467, -3.000000000000000000, -5.500000000000000000 ) ) ;
#10508 = VECTOR ( 'NONE', #437, 1000.000000000000000 ) ;
#10509 = PLANE ( 'NONE',  #7070 ) ;
#10510 = UNCERTAINTY_MEASURE_WITH_UNIT (LENGTH_MEASURE( 1.000000000000000082E-05 ), #5718, 'distance_accuracy_value', 'NONE');
#10511 = LINE ( 'NONE', #11330, #11157 ) ;
#10512 = DIRECTION ( 'NONE',  ( 0.000000000000000000, 0.000000000000000000, -1.000000000000000000 ) ) ;
#10513 = SURFACE_STYLE_FILL_AREA ( #6691 ) ;
#10514 = ORIENTED_EDGE ( 'NONE', *, *, #5377, .F. ) ;
#10515 = VECTOR ( 'NONE', #866, 1000.000000000000000 ) ;
#10516 = VERTEX_POINT ( 'NONE', #245 ) ;
#10517 = PRESENTATION_LAYER_ASSIGNMENT (  '', '', ( #4902 ) ) ;
#10518 = FACE_OUTER_BOUND ( 'NONE', #870, .T. ) ;
#10519 = PLANE ( 'NONE',  #2273 ) ;
#10520 = EDGE_CURVE ( 'NONE', #1655, #3244, #6833, .T. ) ;
#10521 = SURFACE_SIDE_STYLE ('',( #5871 ) ) ;
#10522 = ADVANCED_FACE ( 'NONE', ( #306 ), #10759, .T. ) ;
#10523 = MECHANICAL_DESIGN_GEOMETRIC_PRESENTATION_REPRESENTATION (  '', ( #5503 ), #312 ) ;
#10524 = LINE ( 'NONE', #4927, #11587 ) ;
#10525 = COLOUR_RGB ( '',0.2509803921568627416, 0.2509803921568627416, 0.2509803921568627416 ) ;
#10526 = DIRECTION ( 'NONE',  ( -1.000000000000000000, -4.513898307157580527E-31, -3.252606517456510541E-15 ) ) ;
#10527 = ORIENTED_EDGE ( 'NONE', *, *, #6831, .F. ) ;
#10528 = VERTEX_POINT ( 'NONE', #10629 ) ;
#10529 = VERTEX_POINT ( 'NONE', #4099 ) ;
#10530 = AXIS2_PLACEMENT_3D ( 'NONE', #6063, #9895, #1315 ) ;
#10531 = ORIENTED_EDGE ( 'NONE', *, *, #11743, .T. ) ;
#10532 = FACE_OUTER_BOUND ( 'NONE', #1812, .T. ) ;
#10533 = DIRECTION ( 'NONE',  ( 7.379264459120350177E-29, -7.434529182757750325E-15, 1.000000000000000000 ) ) ;
#10534 = LINE ( 'NONE', #1944, #5845 ) ;
#10535 = PLANE ( 'NONE',  #6502 ) ;
#10536 = EDGE_CURVE ( 'NONE', #3137, #5638, #1179, .T. ) ;
#10537 = CARTESIAN_POINT ( 'NONE',  ( 10.11464466094068015, 21.14999999999999858, 7.250000000000000000 ) ) ;
#10538 = VECTOR ( 'NONE', #9858, 1000.000000000000000 ) ;
#10539 = CARTESIAN_POINT ( 'NONE',  ( -7.250000000000000000, 10.00000000000000000, 7.299999999999999822 ) ) ;
#10540 = PLANE ( 'NONE',  #5047 ) ;
#10541 = EDGE_LOOP ( 'NONE', ( #1860, #8466, #6851, #715 ) ) ;
#10542 = VERTEX_POINT ( 'NONE', #7820 ) ;
#10543 = ORIENTED_EDGE ( 'NONE', *, *, #539, .F. ) ;
#10544 = ADVANCED_FACE ( 'NONE', ( #6944 ), #10697, .F. ) ;
#10545 = ORIENTED_EDGE ( 'NONE', *, *, #4531, .T. ) ;
#10546 = DIRECTION ( 'NONE',  ( -1.000000000000000000, -9.757819552369546217E-15, 0.000000000000000000 ) ) ;
#10547 = AXIS2_PLACEMENT_3D ( 'NONE', #1277, #256, #10855 ) ;
#10548 = LINE ( 'NONE', #10802, #11063 ) ;
#10549 = VERTEX_POINT ( 'NONE', #7758 ) ;
#10550 = FACE_OUTER_BOUND ( 'NONE', #1954, .T. ) ;
#10551 = CARTESIAN_POINT ( 'NONE',  ( -0.7000000000000160538, 3.200000000000000178, -8.699999999999999289 ) ) ;
#10552 = AXIS2_PLACEMENT_3D ( 'NONE', #11901, #3409, #5299 ) ;
#10553 = CARTESIAN_POINT ( 'NONE',  ( 8.550000000000000711, 19.50000000000000000, -4.599999999999940137 ) ) ;
#10554 = DIRECTION ( 'NONE',  ( 0.000000000000000000, 1.000000000000000000, 0.000000000000000000 ) ) ;
#10555 = EDGE_CURVE ( 'NONE', #5432, #12135, #4244, .T. ) ;
#10556 = ORIENTED_EDGE ( 'NONE', *, *, #5639, .F. ) ;
#10557 = PRESENTATION_LAYER_ASSIGNMENT (  '', '', ( #6558 ) ) ;
#10558 = ORIENTED_EDGE ( 'NONE', *, *, #1376, .F. ) ;
#10559 = CARTESIAN_POINT ( 'NONE',  ( -2.473186941766180258, 12.47655937766027989, -1.199999999999999956 ) ) ;
#10560 = CIRCLE ( 'NONE', #11377, 0.04999999999999969746 ) ;
#10561 = DIRECTION ( 'NONE',  ( 1.000000000000000000, 0.000000000000000000, 0.000000000000000000 ) ) ;
#10562 = PRESENTATION_STYLE_ASSIGNMENT (( #11513 ) ) ;
#10563 = PLANE ( 'NONE',  #1046 ) ;
#10564 = CLOSED_SHELL ( 'NONE', ( #5055, #8973, #6250, #3088, #484, #85, #4471, #4109, #8457, #946 ) ) ;
#10565 = CARTESIAN_POINT ( 'NONE',  ( 7.849999999999999645, 14.90000000000000036, -4.599999999999999645 ) ) ;
#10566 = LINE ( 'NONE', #5922, #7175 ) ;
#10567 = CARTESIAN_POINT ( 'NONE',  ( 7.500000000000000000, 6.500000000000079936, 0.7249999999999999778 ) ) ;
#10568 = VECTOR ( 'NONE', #4820, 1000.000000000000000 ) ;
#10569 = LINE ( 'NONE', #868, #7323 ) ;
#10570 = LINE ( 'NONE', #12281, #8202 ) ;
#10571 = ORIENTED_EDGE ( 'NONE', *, *, #7956, .T. ) ;
#10572 = ADVANCED_FACE ( 'NONE', ( #11637 ), #5988, .T. ) ;
#10573 = CARTESIAN_POINT ( 'NONE',  ( -10.34999999999999964, 21.39999999999999858, 5.700000000000000178 ) ) ;
#10574 = ORIENTED_EDGE ( 'NONE', *, *, #8061, .T. ) ;
#10575 = FACE_OUTER_BOUND ( 'NONE', #3297, .T. ) ;
#10576 = VECTOR ( 'NONE', #9344, 1000.000000000000000 ) ;
#10577 = VECTOR ( 'NONE', #8731, 1000.000000000000114 ) ;
#10578 = DIRECTION ( 'NONE',  ( 0.8660254037844438146, 0.4999999999999908962, 0.000000000000000000 ) ) ;
#10579 = AXIS2_PLACEMENT_3D ( 'NONE', #6134, #3305, #11918 ) ;
#10580 = LINE ( 'NONE', #4802, #11763 ) ;
#10581 = CARTESIAN_POINT ( 'NONE',  ( -0.3499999999999999778, 0.5500000000000000444, -6.000000000000000000 ) ) ;
#10582 = ADVANCED_FACE ( 'NONE', ( #988 ), #5859, .T. ) ;
#10583 = PLANE ( 'NONE',  #4381 ) ;
#10584 = VERTEX_POINT ( 'NONE', #2971 ) ;
#10585 = EDGE_CURVE ( 'NONE', #3456, #10995, #1120, .T. ) ;
#10586 = EDGE_CURVE ( 'NONE', #6596, #4615, #5171, .T. ) ;
#10587 = VECTOR ( 'NONE', #4664, 1000.000000000000114 ) ;
#10588 = VERTEX_POINT ( 'NONE', #1544 ) ;
#10589 = ORIENTED_EDGE ( 'NONE', *, *, #4784, .T. ) ;
#10590 = VERTEX_POINT ( 'NONE', #9136 ) ;
#10591 = CARTESIAN_POINT ( 'NONE',  ( 7.849999999999999645, 14.90000000000011937, -9.549747468305820775 ) ) ;
#10592 = AXIS2_PLACEMENT_3D ( 'NONE', #3068, #8788, #2838 ) ;
#10593 =( LENGTH_UNIT ( ) NAMED_UNIT ( * ) SI_UNIT ( .MILLI., .METRE. ) );
#10594 = FILL_AREA_STYLE ('',( #10723 ) ) ;
#10595 = DIRECTION ( 'NONE',  ( 1.000000000000000000, 0.000000000000000000, 0.000000000000000000 ) ) ;
#10596 = AXIS2_PLACEMENT_3D ( 'NONE', #5533, #9312, #5353 ) ;
#10597 = FILL_AREA_STYLE ('',( #4005 ) ) ;
#10598 = MECHANICAL_DESIGN_GEOMETRIC_PRESENTATION_REPRESENTATION (  '', ( #7810 ), #10402 ) ;
#10599 = DIRECTION ( 'NONE',  ( 1.000000000000000000, 0.000000000000000000, 0.000000000000000000 ) ) ;
#10600 = CARTESIAN_POINT ( 'NONE',  ( 4.265774538051229747, 9.147983018184300263, -1.199999999999999956 ) ) ;
#10601 = ORIENTED_EDGE ( 'NONE', *, *, #2865, .F. ) ;
#10602 = EDGE_CURVE ( 'NONE', #2147, #5361, #483, .T. ) ;
#10603 = ORIENTED_EDGE ( 'NONE', *, *, #12063, .T. ) ;
#10604 = ORIENTED_EDGE ( 'NONE', *, *, #2342, .T. ) ;
#10605 = EDGE_LOOP ( 'NONE', ( #9793, #10674, #5144, #1313 ) ) ;
#10606 = SURFACE_STYLE_FILL_AREA ( #9426 ) ;
#10607 = AXIS2_PLACEMENT_3D ( 'NONE', #1930, #236, #11475 ) ;
#10608 = DIRECTION ( 'NONE',  ( 0.000000000000000000, 0.000000000000000000, 1.000000000000000000 ) ) ;
#10609 = AXIS2_PLACEMENT_3D ( 'NONE', #908, #8245, #9368 ) ;
#10610 = ORIENTED_EDGE ( 'NONE', *, *, #10312, .F. ) ;
#10611 = PLANE ( 'NONE',  #2034 ) ;
#10612 = CARTESIAN_POINT ( 'NONE',  ( -2.600000000000000089, -3.500000000000000000, 4.899999999999999467 ) ) ;
#10613 = DIRECTION ( 'NONE',  ( 0.000000000000000000, 0.000000000000000000, 1.000000000000000000 ) ) ;
#10614 = VECTOR ( 'NONE', #6351, 1000.000000000000000 ) ;
#10615 = CARTESIAN_POINT ( 'NONE',  ( 10.34999999999999964, 8.900000000000000355, 7.250000000000000000 ) ) ;
#10616 = LINE ( 'NONE', #11694, #583 ) ;
#10617 = CARTESIAN_POINT ( 'NONE',  ( -2.149999999999999911, -3.000000000000000000, -7.500000000000000000 ) ) ;
#10618 = PRESENTATION_LAYER_ASSIGNMENT (  '', '', ( #6817 ) ) ;
#10619 = ORIENTED_EDGE ( 'NONE', *, *, #4834, .T. ) ;
#10620 = EDGE_CURVE ( 'NONE', #6201, #6538, #11132, .T. ) ;
#10621 = ORIENTED_EDGE ( 'NONE', *, *, #2791, .T. ) ;
#10622 = FILL_AREA_STYLE_COLOUR ( '', #12227 ) ;
#10623 = LINE ( 'NONE', #5983, #2698 ) ;
#10624 = DIRECTION ( 'NONE',  ( 0.000000000000000000, 0.000000000000000000, 1.000000000000000000 ) ) ;
#10625 =( NAMED_UNIT ( * ) SI_UNIT ( $, .STERADIAN. ) SOLID_ANGLE_UNIT ( ) );
#10626 = AXIS2_PLACEMENT_3D ( 'NONE', #6682, #12405, #2792 ) ;
#10627 = FACE_BOUND ( 'NONE', #3153, .T. ) ;
#10628 = CARTESIAN_POINT ( 'NONE',  ( -2.850000000000000089, 3.200000000000000178, -8.500000000000000000 ) ) ;
#10629 = CARTESIAN_POINT ( 'NONE',  ( 0.3499999999999999778, 3.200000000000000178, -10.50000000000000000 ) ) ;
#10630 = EDGE_CURVE ( 'NONE', #4721, #6963, #7140, .T. ) ;
#10631 = CARTESIAN_POINT ( 'NONE',  ( 10.14999999999999858, 17.02499999999999858, -6.099999999999869971 ) ) ;
#10632 = SURFACE_SIDE_STYLE ('',( #6812 ) ) ;
#10633 = EDGE_LOOP ( 'NONE', ( #5524, #6441, #2109, #8242, #12300, #9547 ) ) ;
#10634 = SURFACE_SIDE_STYLE ('',( #1061 ) ) ;
#10635 = ORIENTED_EDGE ( 'NONE', *, *, #4172, .T. ) ;
#10636 = DIRECTION ( 'NONE',  ( 0.000000000000000000, 0.000000000000000000, -1.000000000000000000 ) ) ;
#10637 = SURFACE_SIDE_STYLE ('',( #5805 ) ) ;
#10638 = SURFACE_STYLE_FILL_AREA ( #178 ) ;
#10639 = FACE_OUTER_BOUND ( 'NONE', #11612, .T. ) ;
#10640 = DIRECTION ( 'NONE',  ( -1.000000000000000000, -1.298436238251450266E-29, 6.888726000062280717E-15 ) ) ;
#10641 = ADVANCED_FACE ( 'NONE', ( #9075 ), #11547, .T. ) ;
#10642 = AXIS2_PLACEMENT_3D ( 'NONE', #9431, #4892, #8807 ) ;
#10643 = AXIS2_PLACEMENT_3D ( 'NONE', #1615, #11327, #4425 ) ;
#10644 =( LENGTH_UNIT ( ) NAMED_UNIT ( * ) SI_UNIT ( .MILLI., .METRE. ) );
#10645 = LINE ( 'NONE', #6573, #8510 ) ;
#10646 = DIRECTION ( 'NONE',  ( 0.000000000000000000, 0.000000000000000000, 1.000000000000000000 ) ) ;
#10647 = VERTEX_POINT ( 'NONE', #12023 ) ;
#10648 = ORIENTED_EDGE ( 'NONE', *, *, #1556, .T. ) ;
#10649 = SURFACE_STYLE_FILL_AREA ( #10842 ) ;
#10650 = ORIENTED_EDGE ( 'NONE', *, *, #11855, .T. ) ;
#10651 = MECHANICAL_DESIGN_GEOMETRIC_PRESENTATION_REPRESENTATION (  '', ( #7462 ), #11674 ) ;
#10652 = ORIENTED_EDGE ( 'NONE', *, *, #8105, .T. ) ;
#10653 =( NAMED_UNIT ( * ) SI_UNIT ( $, .STERADIAN. ) SOLID_ANGLE_UNIT ( ) );
#10654 = LINE ( 'NONE', #11421, #1478 ) ;
#10655 = VECTOR ( 'NONE', #4540, 1000.000000000000227 ) ;
#10656 = CARTESIAN_POINT ( 'NONE',  ( 0.6176823424701439746, 1.396877518358544013, 5.100000000000000533 ) ) ;
#10657 = FILL_AREA_STYLE ('',( #10421 ) ) ;
#10658 = DIRECTION ( 'NONE',  ( -0.4226182617407010511, 0.9063077870366491595, 0.000000000000000000 ) ) ;
#10659 = EDGE_CURVE ( 'NONE', #3120, #1745, #4353, .T. ) ;
#10660 = PLANE ( 'NONE',  #7711 ) ;
#10661 = SURFACE_STYLE_USAGE ( .BOTH. , #5956 ) ;
#10662 = AXIS2_PLACEMENT_3D ( 'NONE', #9973, #4378, #7980 ) ;
#10663 = LINE ( 'NONE', #4757, #7191 ) ;
#10664 = CARTESIAN_POINT ( 'NONE',  ( -0.4499999999998829936, -6.792124345835069636E-15, 6.799999999999999822 ) ) ;
#10665 = CARTESIAN_POINT ( 'NONE',  ( 8.550000000000000711, 0.000000000000000000, -11.25000000000000000 ) ) ;
#10666 = PRESENTATION_LAYER_ASSIGNMENT (  '', '', ( #6269 ) ) ;
#10667 = ORIENTED_EDGE ( 'NONE', *, *, #3695, .T. ) ;
#10668 = EDGE_LOOP ( 'NONE', ( #8064, #887, #5965, #11413 ) ) ;
#10669 = EDGE_LOOP ( 'NONE', ( #9031, #6222, #1505, #8752 ) ) ;
#10670 = ORIENTED_EDGE ( 'NONE', *, *, #4692, .F. ) ;
#10671 = CIRCLE ( 'NONE', #3269, 1.749999999999999778 ) ;
#10672 = VECTOR ( 'NONE', #8350, 1000.000000000000000 ) ;
#10673 = CARTESIAN_POINT ( 'NONE',  ( -10.05000000000000071, 10.00000000000000000, 7.299999999999999822 ) ) ;
#10674 = ORIENTED_EDGE ( 'NONE', *, *, #9727, .F. ) ;
#10675 =( GEOMETRIC_REPRESENTATION_CONTEXT ( 3 ) GLOBAL_UNCERTAINTY_ASSIGNED_CONTEXT ( ( #5294 ) ) GLOBAL_UNIT_ASSIGNED_CONTEXT ( ( #6263, #4372, #1443 ) ) REPRESENTATION_CONTEXT ( 'NONE', 'WORKASPACE' ) );
#10676 = LINE ( 'NONE', #7801, #6437 ) ;
#10677 =( NAMED_UNIT ( * ) PLANE_ANGLE_UNIT ( ) SI_UNIT ( $, .RADIAN. ) );
#10678 = EDGE_CURVE ( 'NONE', #6951, #8716, #604, .T. ) ;
#10679 = DIRECTION ( 'NONE',  ( 0.9063077870366494926, 0.4226182617407002740, 0.000000000000000000 ) ) ;
#10680 = ADVANCED_FACE ( 'NONE', ( #1307 ), #10067, .F. ) ;
#10681 = CARTESIAN_POINT ( 'NONE',  ( -10.09999999999999964, 21.14999999999999858, 7.500000000000000000 ) ) ;
#10682 = DIRECTION ( 'NONE',  ( -8.078951323039540844E-15, -1.000000000000000000, 0.000000000000000000 ) ) ;
#10683 = PLANE ( 'NONE',  #1371 ) ;
#10684 = DIRECTION ( 'NONE',  ( 0.000000000000000000, 0.000000000000000000, 1.000000000000000000 ) ) ;
#10685 = CARTESIAN_POINT ( 'NONE',  ( -7.849999999999999645, 0.5500000000000000444, -8.500000000000000000 ) ) ;
#10686 = ORIENTED_EDGE ( 'NONE', *, *, #10678, .F. ) ;
#10687 = VERTEX_POINT ( 'NONE', #6120 ) ;
#10688 = SURFACE_STYLE_FILL_AREA ( #1975 ) ;
#10689 = SURFACE_STYLE_FILL_AREA ( #3030 ) ;
#10690 = PRESENTATION_STYLE_ASSIGNMENT (( #3970 ) ) ;
#10691 = DIRECTION ( 'NONE',  ( 0.000000000000000000, 0.000000000000000000, 1.000000000000000000 ) ) ;
#10692 = LINE ( 'NONE', #10507, #10852 ) ;
#10693 = EDGE_CURVE ( 'NONE', #3444, #4702, #7077, .T. ) ;
#10694 = AXIS2_PLACEMENT_3D ( 'NONE', #396, #5900, #1098 ) ;
#10695 = FACE_OUTER_BOUND ( 'NONE', #5812, .T. ) ;
#10696 = PLANE ( 'NONE',  #10552 ) ;
#10697 = PLANE ( 'NONE',  #9666 ) ;
#10698 = CARTESIAN_POINT ( 'NONE',  ( 10.14999999999999858, 8.187894806610530472E-16, 5.700000000000000178 ) ) ;
#10699 = MECHANICAL_DESIGN_GEOMETRIC_PRESENTATION_REPRESENTATION (  '', ( #499 ), #10501 ) ;
#10700 = CIRCLE ( 'NONE', #102, 0.9000000000000000222 ) ;
#10701 = ORIENTED_EDGE ( 'NONE', *, *, #3944, .T. ) ;
#10702 = UNCERTAINTY_MEASURE_WITH_UNIT (LENGTH_MEASURE( 1.000000000000000082E-05 ), #5026, 'distance_accuracy_value', 'NONE');
#10703 = CARTESIAN_POINT ( 'NONE',  ( -0.3499999999999999778, 3.200000000000000178, -4.500000000000000000 ) ) ;
#10704 = EDGE_CURVE ( 'NONE', #1643, #10104, #4161, .T. ) ;
#10705 = VERTEX_POINT ( 'NONE', #1367 ) ;
#10706 = PLANE ( 'NONE',  #10806 ) ;
#10707 = FILL_AREA_STYLE_COLOUR ( '', #221 ) ;
#10708 = DIRECTION ( 'NONE',  ( 1.000000000000000000, 0.000000000000000000, 0.000000000000000000 ) ) ;
#10709 = CYLINDRICAL_SURFACE ( 'NONE', #10206, 0.9000000000000301092 ) ;
#10710 = CARTESIAN_POINT ( 'NONE',  ( -1.575435743013965162, 7.525688402361390139, -1.199999999999999956 ) ) ;
#10711 = FACE_OUTER_BOUND ( 'NONE', #1097, .T. ) ;
#10712 = AXIS2_PLACEMENT_3D ( 'NONE', #8092, #4179, #11917 ) ;
#10713 = VERTEX_POINT ( 'NONE', #5300 ) ;
#10714 = ORIENTED_EDGE ( 'NONE', *, *, #3582, .T. ) ;
#10715 = ORIENTED_EDGE ( 'NONE', *, *, #9574, .T. ) ;
#10716 =( NAMED_UNIT ( * ) PLANE_ANGLE_UNIT ( ) SI_UNIT ( $, .RADIAN. ) );
#10717 = VERTEX_POINT ( 'NONE', #3291 ) ;
#10718 =( GEOMETRIC_REPRESENTATION_CONTEXT ( 3 ) GLOBAL_UNCERTAINTY_ASSIGNED_CONTEXT ( ( #329 ) ) GLOBAL_UNIT_ASSIGNED_CONTEXT ( ( #552, #4843, #2722 ) ) REPRESENTATION_CONTEXT ( 'NONE', 'WORKASPACE' ) );
#10719 = EDGE_CURVE ( 'NONE', #241, #3391, #5235, .T. ) ;
#10720 = ORIENTED_EDGE ( 'NONE', *, *, #12422, .T. ) ;
#10721 = CARTESIAN_POINT ( 'NONE',  ( -8.149999999999998579, 2.699999999999920242, 2.299999999999999822 ) ) ;
#10722 = LINE ( 'NONE', #10846, #2228 ) ;
#10723 = FILL_AREA_STYLE_COLOUR ( '', #7277 ) ;
#10724 = AXIS2_PLACEMENT_3D ( 'NONE', #5292, #5531, #1537 ) ;
#10725 = LINE ( 'NONE', #3001, #9179 ) ;
#10726 = EDGE_CURVE ( 'NONE', #307, #5644, #2362, .T. ) ;
#10727 =( LENGTH_UNIT ( ) NAMED_UNIT ( * ) SI_UNIT ( .MILLI., .METRE. ) );
#10728 = CARTESIAN_POINT ( 'NONE',  ( 10.14999999999999858, 7.817097663620468037E-14, -4.600000000000090239 ) ) ;
#10729 = VECTOR ( 'NONE', #4718, 1000.000000000000000 ) ;
#10730 = CARTESIAN_POINT ( 'NONE',  ( -1.300000000000000044, 15.75499782797525050, 24.08550494769779959 ) ) ;
#10731 = AXIS2_PLACEMENT_3D ( 'NONE', #8299, #7303, #475 ) ;
#10732 = DIRECTION ( 'NONE',  ( 7.379264459120340088E-29, -7.434529182757739281E-15, 1.000000000000000000 ) ) ;
#10733 = AXIS2_PLACEMENT_3D ( 'NONE', #3113, #2187, #9837 ) ;
#10734 = ORIENTED_EDGE ( 'NONE', *, *, #1003, .F. ) ;
#10735 = STYLED_ITEM ( 'NONE', ( #7767 ), #4964 ) ;
#10736 = VERTEX_POINT ( 'NONE', #12327 ) ;
#10737 = ORIENTED_EDGE ( 'NONE', *, *, #9351, .T. ) ;
#10738 = EDGE_CURVE ( 'NONE', #10250, #11239, #11605, .T. ) ;
#10739 = ORIENTED_EDGE ( 'NONE', *, *, #4756, .T. ) ;
#10740 = LINE ( 'NONE', #327, #11704 ) ;
#10741 = DIRECTION ( 'NONE',  ( 0.000000000000000000, 0.000000000000000000, 1.000000000000000000 ) ) ;
#10742 = ORIENTED_EDGE ( 'NONE', *, *, #3150, .F. ) ;
#10743 = DIRECTION ( 'NONE',  ( 1.000000000000000000, 1.445602896647337931E-16, 0.000000000000000000 ) ) ;
#10744 = CARTESIAN_POINT ( 'NONE',  ( -3.369762170048764549, 12.55499954613319957, -1.199999999999999956 ) ) ;
#10745 = DIRECTION ( 'NONE',  ( 0.000000000000000000, 0.000000000000000000, 1.000000000000000000 ) ) ;
#10746 = CARTESIAN_POINT ( 'NONE',  ( 10.05000000000000071, 21.14999999999999858, 7.250000000000000000 ) ) ;
#10747 =( NAMED_UNIT ( * ) SI_UNIT ( $, .STERADIAN. ) SOLID_ANGLE_UNIT ( ) );
#10748 = CARTESIAN_POINT ( 'NONE',  ( 3.000000000000000000, 1.899999999999999911, 5.500000000000000000 ) ) ;
#10749 = ADVANCED_FACE ( 'NONE', ( #7380 ), #11192, .T. ) ;
#10750 = EDGE_CURVE ( 'NONE', #1158, #8965, #6605, .T. ) ;
#10751 = ORIENTED_EDGE ( 'NONE', *, *, #12376, .T. ) ;
#10752 = ORIENTED_EDGE ( 'NONE', *, *, #7324, .T. ) ;
#10753 = AXIS2_PLACEMENT_3D ( 'NONE', #10066, #9011, #9196 ) ;
#10754 = DIRECTION ( 'NONE',  ( 0.000000000000000000, 0.000000000000000000, -1.000000000000000000 ) ) ;
#10755 = DIRECTION ( 'NONE',  ( 0.000000000000000000, 0.000000000000000000, 1.000000000000000000 ) ) ;
#10756 = CARTESIAN_POINT ( 'NONE',  ( -3.200000000000000178, -3.176128103383895045E-14, -17.80452084174450178 ) ) ;
#10757 = AXIS2_PLACEMENT_3D ( 'NONE', #9150, #5186, #10140 ) ;
#10758 =( LENGTH_UNIT ( ) NAMED_UNIT ( * ) SI_UNIT ( .MILLI., .METRE. ) );
#10759 = PLANE ( 'NONE',  #10227 ) ;
#10760 = PLANE ( 'NONE',  #4547 ) ;
#10761 = LINE ( 'NONE', #7080, #3310 ) ;
#10762 = COLOUR_RGB ( '',0.6666666666666666297, 0.6980392156862744724, 0.7686274509803920907 ) ;
#10763 = ORIENTED_EDGE ( 'NONE', *, *, #6844, .F. ) ;
#10764 = EDGE_CURVE ( 'NONE', #1814, #12245, #12203, .T. ) ;
#10765 = DIRECTION ( 'NONE',  ( 1.350045915771309964E-29, -1.000000000000000000, 1.387778780781445922E-16 ) ) ;
#10766 =( GEOMETRIC_REPRESENTATION_CONTEXT ( 3 ) GLOBAL_UNCERTAINTY_ASSIGNED_CONTEXT ( ( #8172 ) ) GLOBAL_UNIT_ASSIGNED_CONTEXT ( ( #6877, #8699, #9644 ) ) REPRESENTATION_CONTEXT ( 'NONE', 'WORKASPACE' ) );
#10767 = COLOUR_RGB ( '',0.2509803921568627416, 0.2509803921568627416, 0.2509803921568627416 ) ;
#10768 = EDGE_LOOP ( 'NONE', ( #7355, #5207, #1325, #1830 ) ) ;
#10769 = DIRECTION ( 'NONE',  ( 0.000000000000000000, -1.000000000000000000, 0.000000000000000000 ) ) ;
#10770 = SURFACE_SIDE_STYLE ('',( #3233 ) ) ;
#10771 = LINE ( 'NONE', #9897, #4613 ) ;
#10772 = DIRECTION ( 'NONE',  ( 1.000000000000000000, 0.000000000000000000, 0.000000000000000000 ) ) ;
#10773 = SURFACE_SIDE_STYLE ('',( #62 ) ) ;
#10774 = STYLED_ITEM ( 'NONE', ( #8855 ), #4128 ) ;
#10775 = SURFACE_SIDE_STYLE ('',( #7652 ) ) ;
#10776 = PLANE ( 'NONE',  #5148 ) ;
#10777 = MECHANICAL_DESIGN_GEOMETRIC_PRESENTATION_REPRESENTATION (  '', ( #7386 ), #12394 ) ;
#10778 = PRESENTATION_STYLE_ASSIGNMENT (( #6961 ) ) ;
#10779 = FILL_AREA_STYLE_COLOUR ( '', #8491 ) ;
#10780 = ORIENTED_EDGE ( 'NONE', *, *, #65, .T. ) ;
#10781 = EDGE_LOOP ( 'NONE', ( #12072, #5252, #772, #73 ) ) ;
#10782 = VERTEX_POINT ( 'NONE', #4594 ) ;
#10783 = SURFACE_SIDE_STYLE ('',( #6967 ) ) ;
#10784 = VERTEX_POINT ( 'NONE', #8488 ) ;
#10785 = ORIENTED_EDGE ( 'NONE', *, *, #2846, .F. ) ;
#10786 = DIRECTION ( 'NONE',  ( 0.000000000000000000, -1.000000000000000000, 0.000000000000000000 ) ) ;
#10787 = AXIS2_PLACEMENT_3D ( 'NONE', #6750, #8507, #1740 ) ;
#10788 = DIRECTION ( 'NONE',  ( 0.000000000000000000, -1.000000000000000000, 0.000000000000000000 ) ) ;
#10789 = CARTESIAN_POINT ( 'NONE',  ( -0.4500000000000000111, 4.599999999999999645, -1.199999999999999956 ) ) ;
#10790 = CYLINDRICAL_SURFACE ( 'NONE', #10592, 1.099999999999999423 ) ;
#10791 = CARTESIAN_POINT ( 'NONE',  ( -0.3499999999999999778, 3.200000000000000178, -6.000000000000000000 ) ) ;
#10792 = PLANE ( 'NONE',  #9109 ) ;
#10793 = CARTESIAN_POINT ( 'NONE',  ( 4.004993519352499476, 11.26574617618645924, -1.199999999999999956 ) ) ;
#10794 = EDGE_CURVE ( 'NONE', #8544, #9682, #3591, .T. ) ;
#10795 = VECTOR ( 'NONE', #12092, 1000.000000000000114 ) ;
#10796 = PLANE ( 'NONE',  #5979 ) ;
#10797 = ORIENTED_EDGE ( 'NONE', *, *, #1050, .T. ) ;
#10798 = ORIENTED_EDGE ( 'NONE', *, *, #6637, .F. ) ;
#10799 = ORIENTED_EDGE ( 'NONE', *, *, #5283, .F. ) ;
#10800 = ORIENTED_EDGE ( 'NONE', *, *, #6528, .F. ) ;
#10801 = CARTESIAN_POINT ( 'NONE',  ( -7.849999999999999645, 0.5500000000000000444, -8.500000000000000000 ) ) ;
#10802 = CARTESIAN_POINT ( 'NONE',  ( -0.3499999999999999778, 3.200000000000000178, -6.000000000000000000 ) ) ;
#10803 = VERTEX_POINT ( 'NONE', #2719 ) ;
#10804 = VECTOR ( 'NONE', #4837, 1000.000000000000114 ) ;
#10805 = SURFACE_STYLE_USAGE ( .BOTH. , #6992 ) ;
#10806 = AXIS2_PLACEMENT_3D ( 'NONE', #5997, #9779, #3917 ) ;
#10807 = CARTESIAN_POINT ( 'NONE',  ( -2.000000000000000000, 1.649999999999999911, 5.150000000000000355 ) ) ;
#10808 = FACE_OUTER_BOUND ( 'NONE', #5008, .T. ) ;
#10809 = EDGE_CURVE ( 'NONE', #3634, #232, #7566, .T. ) ;
#10810 = DIRECTION ( 'NONE',  ( 1.000000000000000000, 0.000000000000000000, 0.000000000000000000 ) ) ;
#10811 = CARTESIAN_POINT ( 'NONE',  ( -10.11464466094063930, 20.40000000000000213, 5.700000000000110312 ) ) ;
#10812 = VECTOR ( 'NONE', #10578, 1000.000000000000114 ) ;
#10813 = VECTOR ( 'NONE', #842, 1000.000000000000000 ) ;
#10814 = VERTEX_POINT ( 'NONE', #5663 ) ;
#10815 = ORIENTED_EDGE ( 'NONE', *, *, #10273, .T. ) ;
#10816 =( NAMED_UNIT ( * ) SI_UNIT ( $, .STERADIAN. ) SOLID_ANGLE_UNIT ( ) );
#10817 = FACE_OUTER_BOUND ( 'NONE', #2815, .T. ) ;
#10818 = LINE ( 'NONE', #2233, #1398 ) ;
#10819 = DIRECTION ( 'NONE',  ( 0.000000000000000000, 1.000000000000000000, 0.000000000000000000 ) ) ;
#10820 = LINE ( 'NONE', #4160, #1360 ) ;
#10821 =( NAMED_UNIT ( * ) PLANE_ANGLE_UNIT ( ) SI_UNIT ( $, .RADIAN. ) );
#10822 = ADVANCED_FACE ( 'NONE', ( #10303 ), #1663, .F. ) ;
#10823 = PRESENTATION_LAYER_ASSIGNMENT (  '', '', ( #9627 ) ) ;
#10824 = EDGE_CURVE ( 'NONE', #2126, #3994, #3648, .T. ) ;
#10825 = CARTESIAN_POINT ( 'NONE',  ( -7.850000000000148859, 14.90000000000000036, -6.099999999999890399 ) ) ;
#10826 = UNCERTAINTY_MEASURE_WITH_UNIT (LENGTH_MEASURE( 1.000000000000000082E-05 ), #599, 'distance_accuracy_value', 'NONE');
#10827 = DIRECTION ( 'NONE',  ( 7.532798415146101022E-29, -7.589415207398510528E-15, 1.000000000000000000 ) ) ;
#10828 = VECTOR ( 'NONE', #1139, 1000.000000000000000 ) ;
#10829 = ORIENTED_EDGE ( 'NONE', *, *, #5120, .F. ) ;
#10830 = LINE ( 'NONE', #5804, #12085 ) ;
#10831 =( LENGTH_UNIT ( ) NAMED_UNIT ( * ) SI_UNIT ( .MILLI., .METRE. ) );
#10832 = CARTESIAN_POINT ( 'NONE',  ( 0.3499999999999999778, 0.5500000000000000444, -5.500000000000000000 ) ) ;
#10833 = LINE ( 'NONE', #6255, #408 ) ;
#10834 = EDGE_CURVE ( 'NONE', #8862, #6549, #787, .T. ) ;
#10835 = ADVANCED_FACE ( 'NONE', ( #6546 ), #11249, .F. ) ;
#10836 = FACE_OUTER_BOUND ( 'NONE', #7876, .T. ) ;
#10837 = VECTOR ( 'NONE', #558, 1000.000000000000000 ) ;
#10838 = STYLED_ITEM ( 'NONE', ( #11188 ), #2673 ) ;
#10839 = PLANE ( 'NONE',  #9609 ) ;
#10840 = ORIENTED_EDGE ( 'NONE', *, *, #11238, .F. ) ;
#10841 = ORIENTED_EDGE ( 'NONE', *, *, #6224, .T. ) ;
#10842 = FILL_AREA_STYLE ('',( #7972 ) ) ;
#10843 = VERTEX_POINT ( 'NONE', #8368 ) ;
#10844 = ORIENTED_EDGE ( 'NONE', *, *, #10433, .T. ) ;
#10845 = DIRECTION ( 'NONE',  ( 0.000000000000000000, 0.000000000000000000, 1.000000000000000000 ) ) ;
#10846 = CARTESIAN_POINT ( 'NONE',  ( -10.14999999999999858, 8.187894806609218990E-16, 5.700000000000000178 ) ) ;
#10847 = DIRECTION ( 'NONE',  ( 0.000000000000000000, 1.000000000000000000, 0.000000000000000000 ) ) ;
#10848 = VECTOR ( 'NONE', #10062, 1000.000000000000000 ) ;
#10849 =( NAMED_UNIT ( * ) SI_UNIT ( $, .STERADIAN. ) SOLID_ANGLE_UNIT ( ) );
#10850 = DIRECTION ( 'NONE',  ( -1.298436238251450266E-29, 1.000000000000000000, 2.414357261555910084E-44 ) ) ;
#10851 = PRESENTATION_LAYER_ASSIGNMENT (  '', '', ( #6439 ) ) ;
#10852 = VECTOR ( 'NONE', #6872, 1000.000000000000000 ) ;
#10853 = FACE_OUTER_BOUND ( 'NONE', #9621, .T. ) ;
#10854 = EDGE_CURVE ( 'NONE', #5162, #4060, #2654, .T. ) ;
#10855 = DIRECTION ( 'NONE',  ( 0.000000000000000000, 0.000000000000000000, -1.000000000000000000 ) ) ;
#10856 = DIRECTION ( 'NONE',  ( -1.000000000000000000, 1.445602896647337931E-16, 0.000000000000000000 ) ) ;
#10857 = DIRECTION ( 'NONE',  ( 0.000000000000000000, 0.000000000000000000, -1.000000000000000000 ) ) ;
#10858 = VECTOR ( 'NONE', #9689, 1000.000000000000000 ) ;
#10859 = ORIENTED_EDGE ( 'NONE', *, *, #515, .T. ) ;
#10860 = VECTOR ( 'NONE', #7439, 1000.000000000000000 ) ;
#10861 = EDGE_LOOP ( 'NONE', ( #40, #7034, #8861, #6465 ) ) ;
#10862 = ORIENTED_EDGE ( 'NONE', *, *, #6998, .T. ) ;
#10863 = EDGE_LOOP ( 'NONE', ( #4446, #2767, #5492, #10308 ) ) ;
#10864 = SURFACE_STYLE_FILL_AREA ( #7052 ) ;
#10865 = EDGE_CURVE ( 'NONE', #241, #8495, #1148, .T. ) ;
#10867 = ORIENTED_EDGE ( 'NONE', *, *, #8178, .T. ) ;
#10866 = UNCERTAINTY_MEASURE_WITH_UNIT (LENGTH_MEASURE( 1.000000000000000082E-05 ), #5479, 'distance_accuracy_value', 'NONE');
#10868 = VECTOR ( 'NONE', #10476, 1000.000000000000000 ) ;
#10869 =( NAMED_UNIT ( * ) PLANE_ANGLE_UNIT ( ) SI_UNIT ( $, .RADIAN. ) );
#10870 = LINE ( 'NONE', #2288, #1280 ) ;
#10871 = CARTESIAN_POINT ( 'NONE',  ( 0.4500000000000080047, 11.37942286340599907, -1.199999999999999956 ) ) ;
#10872 = CARTESIAN_POINT ( 'NONE',  ( 5.349999999999999645, -3.000000000000000000, -5.500000000000000000 ) ) ;
#10873 = CARTESIAN_POINT ( 'NONE',  ( -10.09999999999999964, 21.14999999999999858, 7.299999999999999822 ) ) ;
#10874 = CYLINDRICAL_SURFACE ( 'NONE', #7534, 1.099999999999999423 ) ;
#10875 = VECTOR ( 'NONE', #1867, 1000.000000000000114 ) ;
#10876 = AXIS2_PLACEMENT_3D ( 'NONE', #4145, #9058, #11824 ) ;
#10877 = EDGE_LOOP ( 'NONE', ( #4269, #6205, #9259, #11641 ) ) ;
#10878 =( GEOMETRIC_REPRESENTATION_CONTEXT ( 3 ) GLOBAL_UNCERTAINTY_ASSIGNED_CONTEXT ( ( #10182 ) ) GLOBAL_UNIT_ASSIGNED_CONTEXT ( ( #10593, #5950, #9735 ) ) REPRESENTATION_CONTEXT ( 'NONE', 'WORKASPACE' ) );
#10879 = EDGE_CURVE ( 'NONE', #8529, #3386, #8792, .T. ) ;
#10880 = ORIENTED_EDGE ( 'NONE', *, *, #3681, .T. ) ;
#10881 = CARTESIAN_POINT ( 'NONE',  ( -7.849999999999999645, -3.000000000000000000, -7.500000000000000000 ) ) ;
#10882 =( NAMED_UNIT ( * ) PLANE_ANGLE_UNIT ( ) SI_UNIT ( $, .RADIAN. ) );
#10883 = FACE_OUTER_BOUND ( 'NONE', #11597, .T. ) ;
#10884 = VECTOR ( 'NONE', #9957, 1000.000000000000000 ) ;
#10885 = CARTESIAN_POINT ( 'NONE',  ( 0.6999999999999999556, 3.473890113076134811E-15, -11.25000000000000000 ) ) ;
#10886 = EDGE_CURVE ( 'NONE', #2694, #10086, #11807, .T. ) ;
#10887 = FACE_OUTER_BOUND ( 'NONE', #12251, .T. ) ;
#10888 = AXIS2_PLACEMENT_3D ( 'NONE', #231, #6753, #9649 ) ;
#10889 = CARTESIAN_POINT ( 'NONE',  ( -7.250000000000000000, 10.00000000000000000, 7.250000000000000000 ) ) ;
#10890 = DIRECTION ( 'NONE',  ( 0.000000000000000000, -1.000000000000000000, 0.000000000000000000 ) ) ;
#10891 = LINE ( 'NONE', #1657, #270 ) ;
#10892 = EDGE_CURVE ( 'NONE', #10647, #6172, #8980, .T. ) ;
#10893 = ORIENTED_EDGE ( 'NONE', *, *, #6410, .T. ) ;
#10894 = DIRECTION ( 'NONE',  ( 0.000000000000000000, 2.168404344971015031E-16, -1.000000000000000000 ) ) ;
#10895 = AXIS2_PLACEMENT_3D ( 'NONE', #11684, #8926, #11614 ) ;
#10896 = COLOUR_RGB ( '',0.2509803921568627416, 0.2509803921568627416, 0.2509803921568627416 ) ;
#10897 = DIRECTION ( 'NONE',  ( 3.898255002194944702E-16, 1.000000000000000000, 0.000000000000000000 ) ) ;
#10898 = CARTESIAN_POINT ( 'NONE',  ( 10.14999999999999858, 1.677444870637950048E-15, -8.849999999999999645 ) ) ;
#10899 = DIRECTION ( 'NONE',  ( 0.000000000000000000, 0.000000000000000000, 1.000000000000000000 ) ) ;
#10900 =( NAMED_UNIT ( * ) PLANE_ANGLE_UNIT ( ) SI_UNIT ( $, .RADIAN. ) );
#10901 =( NAMED_UNIT ( * ) SI_UNIT ( $, .STERADIAN. ) SOLID_ANGLE_UNIT ( ) );
#10902 = CARTESIAN_POINT ( 'NONE',  ( -10.10244740199000013, 21.16312550038430018, 7.299999999999999822 ) ) ;
#10903 = CARTESIAN_POINT ( 'NONE',  ( 7.786542750846559890, 13.15115089915403956, 0.5500000000000100364 ) ) ;
#10904 = VERTEX_POINT ( 'NONE', #4004 ) ;
#10905 = ORIENTED_EDGE ( 'NONE', *, *, #4871, .T. ) ;
#10906 = UNCERTAINTY_MEASURE_WITH_UNIT (LENGTH_MEASURE( 1.000000000000000082E-05 ), #6068, 'distance_accuracy_value', 'NONE');
#10907 = ORIENTED_EDGE ( 'NONE', *, *, #6224, .F. ) ;
#10908 = CARTESIAN_POINT ( 'NONE',  ( 1.300000000000000044, 14.25499782797525938, 6.799999999999999822 ) ) ;
#10909 = ORIENTED_EDGE ( 'NONE', *, *, #5665, .T. ) ;
#10910 = EDGE_CURVE ( 'NONE', #9876, #8346, #5002, .T. ) ;
#10911 = LINE ( 'NONE', #1506, #9445 ) ;
#10912 = ADVANCED_FACE ( 'NONE', ( #11673 ), #7855, .T. ) ;
#10913 = LINE ( 'NONE', #2329, #10929 ) ;
#10914 = VECTOR ( 'NONE', #11931, 1000.000000000000000 ) ;
#10915 = CARTESIAN_POINT ( 'NONE',  ( 7.849999999999999645, 14.90000000000000036, -6.099999999999890399 ) ) ;
#10916 =( NAMED_UNIT ( * ) PLANE_ANGLE_UNIT ( ) SI_UNIT ( $, .RADIAN. ) );
#10917 = DIRECTION ( 'NONE',  ( 0.000000000000000000, 1.000000000000000000, 0.000000000000000000 ) ) ;
#10918 = DIRECTION ( 'NONE',  ( 0.000000000000000000, 0.000000000000000000, 1.000000000000000000 ) ) ;
#10919 = CARTESIAN_POINT ( 'NONE',  ( 0.000000000000000000, 10.00000000000000000, 7.200000000000000178 ) ) ;
#10920 =( NAMED_UNIT ( * ) SI_UNIT ( $, .STERADIAN. ) SOLID_ANGLE_UNIT ( ) );
#10921 = CARTESIAN_POINT ( 'NONE',  ( -2.850000000000000089, 3.200000000000000178, -4.500000000000000000 ) ) ;
#10922 = FACE_OUTER_BOUND ( 'NONE', #11052, .T. ) ;
#10923 = AXIS2_PLACEMENT_3D ( 'NONE', #3284, #6177, #10002 ) ;
#10924 =( LENGTH_UNIT ( ) NAMED_UNIT ( * ) SI_UNIT ( .MILLI., .METRE. ) );
#10925 = ORIENTED_EDGE ( 'NONE', *, *, #7622, .F. ) ;
#10926 = UNCERTAINTY_MEASURE_WITH_UNIT (LENGTH_MEASURE( 1.000000000000000082E-05 ), #9730, 'distance_accuracy_value', 'NONE');
#10927 = ORIENTED_EDGE ( 'NONE', *, *, #3363, .F. ) ;
#10928 = EDGE_LOOP ( 'NONE', ( #458, #1387, #8291, #5190, #11227, #10179 ) ) ;
#10929 = VECTOR ( 'NONE', #7036, 1000.000000000000000 ) ;
#10930 = ORIENTED_EDGE ( 'NONE', *, *, #2816, .F. ) ;
#10931 = DIRECTION ( 'NONE',  ( 0.4999999999999921174, -0.8660254037844432595, 0.000000000000000000 ) ) ;
#10932 = EDGE_CURVE ( 'NONE', #2395, #9680, #6906, .T. ) ;
#10933 = SURFACE_STYLE_USAGE ( .BOTH. , #528 ) ;
#10934 = ORIENTED_EDGE ( 'NONE', *, *, #5820, .T. ) ;
#10935 =( GEOMETRIC_REPRESENTATION_CONTEXT ( 3 ) GLOBAL_UNCERTAINTY_ASSIGNED_CONTEXT ( ( #6102 ) ) GLOBAL_UNIT_ASSIGNED_CONTEXT ( ( #9139, #9079, #12084 ) ) REPRESENTATION_CONTEXT ( 'NONE', 'WORKASPACE' ) );
#10936 =( LENGTH_UNIT ( ) NAMED_UNIT ( * ) SI_UNIT ( .MILLI., .METRE. ) );
#10937 = DIRECTION ( 'NONE',  ( -1.000000000000000000, 0.000000000000000000, 0.000000000000000000 ) ) ;
#10938 =( NAMED_UNIT ( * ) PLANE_ANGLE_UNIT ( ) SI_UNIT ( $, .RADIAN. ) );
#10939 = LINE ( 'NONE', #8001, #5351 ) ;
#10940 = STYLED_ITEM ( 'NONE', ( #8082 ), #5021 ) ;
#10941 = FILL_AREA_STYLE_COLOUR ( '', #7193 ) ;
#10942 =( NAMED_UNIT ( * ) PLANE_ANGLE_UNIT ( ) SI_UNIT ( $, .RADIAN. ) );
#10943 = UNCERTAINTY_MEASURE_WITH_UNIT (LENGTH_MEASURE( 1.000000000000000082E-05 ), #2652, 'distance_accuracy_value', 'NONE');
#10944 = ORIENTED_EDGE ( 'NONE', *, *, #4834, .F. ) ;
#10945 = EDGE_LOOP ( 'NONE', ( #325, #1923, #8188, #610 ) ) ;
#10946 = FACE_OUTER_BOUND ( 'NONE', #4903, .T. ) ;
#10947 = CARTESIAN_POINT ( 'NONE',  ( 8.400000000000000355, 8.599999999999999645, -4.599999999999999645 ) ) ;
#10948 = FACE_OUTER_BOUND ( 'NONE', #762, .T. ) ;
#10949 = CARTESIAN_POINT ( 'NONE',  ( -10.05000000000000071, -1.224646799160395975E-17, 7.299999999999999822 ) ) ;
#10950 = LINE ( 'NONE', #11013, #9862 ) ;
#10951 = DIRECTION ( 'NONE',  ( 1.000000000000000000, 0.000000000000000000, 0.000000000000000000 ) ) ;
#10952 = DIRECTION ( 'NONE',  ( -0.9063077870366401667, 0.4226182617407204800, 0.000000000000000000 ) ) ;
#10953 = CARTESIAN_POINT ( 'NONE',  ( 3.369762170048740124, 12.55499954613303970, -1.199999999999999956 ) ) ;
#10954 = VECTOR ( 'NONE', #10952, 1000.000000000000227 ) ;
#10955 = DIRECTION ( 'NONE',  ( -6.971475708610980243E-15, 0.000000000000000000, -1.000000000000000000 ) ) ;
#10956 = EDGE_CURVE ( 'NONE', #5493, #3716, #7113, .T. ) ;
#10957 = ORIENTED_EDGE ( 'NONE', *, *, #10886, .F. ) ;
#10958 = SURFACE_STYLE_USAGE ( .BOTH. , #489 ) ;
#10959 = DIRECTION ( 'NONE',  ( 0.000000000000000000, -7.589415207398529460E-15, 1.000000000000000000 ) ) ;
#10960 = STYLED_ITEM ( 'NONE', ( #8579 ), #11200 ) ;
#10961 = CARTESIAN_POINT ( 'NONE',  ( -3.000000000000000000, 1.699999999999999956, 5.500000000000000000 ) ) ;
#10962 = FACE_OUTER_BOUND ( 'NONE', #9807, .T. ) ;
#10963 = CARTESIAN_POINT ( 'NONE',  ( 0.9413803641798609290, 13.68737257913410055, -1.199999999999999956 ) ) ;
#10964 = DIRECTION ( 'NONE',  ( 0.9063077870366491595, 0.4226182617407010511, 0.000000000000000000 ) ) ;
#10965 = CARTESIAN_POINT ( 'NONE',  ( -9.925400323074739226E-14, 10.00000000000000000, -4.599999999999999645 ) ) ;
#10966 = CIRCLE ( 'NONE', #754, 0.8999999999999780398 ) ;
#10967 = CARTESIAN_POINT ( 'NONE',  ( -10.10976310729375527, 21.37305672590245464, 7.380496664690822328 ) ) ;
#10968 = EDGE_CURVE ( 'NONE', #3063, #1535, #7985, .T. ) ;
#10969 = STYLED_ITEM ( 'NONE', ( #2550 ), #11392 ) ;
#10970 = CARTESIAN_POINT ( 'NONE',  ( 0.6999999999999839684, 3.200000000000000178, -11.25000000000000000 ) ) ;
#10971 = ORIENTED_EDGE ( 'NONE', *, *, #4202, .F. ) ;
#10972 = VERTEX_POINT ( 'NONE', #2071 ) ;
#10973 = LINE ( 'NONE', #7158, #5457 ) ;
#10974 = ORIENTED_EDGE ( 'NONE', *, *, #4505, .F. ) ;
#10975 =( LENGTH_UNIT ( ) NAMED_UNIT ( * ) SI_UNIT ( .MILLI., .METRE. ) );
#10976 = FACE_OUTER_BOUND ( 'NONE', #6476, .T. ) ;
#10977 = VECTOR ( 'NONE', #9633, 1000.000000000000000 ) ;
#10978 = DIRECTION ( 'NONE',  ( 1.000000000000000000, 0.000000000000000000, 0.000000000000000000 ) ) ;
#10979 = FACE_OUTER_BOUND ( 'NONE', #2965, .T. ) ;
#10980 = FACE_OUTER_BOUND ( 'NONE', #1935, .T. ) ;
#10981 = LINE ( 'NONE', #7165, #3482 ) ;
#10982 = VECTOR ( 'NONE', #7141, 1000.000000000000000 ) ;
#10983 = LINE ( 'NONE', #6274, #12025 ) ;
#10984 =( NAMED_UNIT ( * ) PLANE_ANGLE_UNIT ( ) SI_UNIT ( $, .RADIAN. ) );
#10985 = ADVANCED_FACE ( 'NONE', ( #318 ), #3192, .T. ) ;
#10986 = LINE ( 'NONE', #6907, #5557 ) ;
#10987 = EDGE_CURVE ( 'NONE', #5146, #9421, #10145, .T. ) ;
#10988 = EDGE_CURVE ( 'NONE', #3486, #3931, #9915, .T. ) ;
#10989 = PRESENTATION_LAYER_ASSIGNMENT (  '', '', ( #5960 ) ) ;
#10990 =( NAMED_UNIT ( * ) PLANE_ANGLE_UNIT ( ) SI_UNIT ( $, .RADIAN. ) );
#10991 = ORIENTED_EDGE ( 'NONE', *, *, #5628, .F. ) ;
#10992 = MECHANICAL_DESIGN_GEOMETRIC_PRESENTATION_REPRESENTATION (  '', ( #4962 ), #6572 ) ;
#10993 = ORIENTED_EDGE ( 'NONE', *, *, #1925, .T. ) ;
#10994 = ORIENTED_EDGE ( 'NONE', *, *, #8775, .T. ) ;
#10995 = VERTEX_POINT ( 'NONE', #4068 ) ;
#10996 = DIRECTION ( 'NONE',  ( -0.7071067811865444641, -1.221674239670893162E-15, -0.7071067811865505703 ) ) ;
#10997 = FACE_OUTER_BOUND ( 'NONE', #7055, .T. ) ;
#10998 = ORIENTED_EDGE ( 'NONE', *, *, #4575, .T. ) ;
#10999 = DIRECTION ( 'NONE',  ( 0.000000000000000000, 7.589415207398510528E-15, -1.000000000000000000 ) ) ;
#11000 = ADVANCED_FACE ( 'NONE', ( #7916 ), #11744, .T. ) ;
#11001 = CARTESIAN_POINT ( 'NONE',  ( -3.500000000000000000, 2.000000000000000000, 7.299999999999999822 ) ) ;
#11002 =( GEOMETRIC_REPRESENTATION_CONTEXT ( 3 ) GLOBAL_UNCERTAINTY_ASSIGNED_CONTEXT ( ( #5142 ) ) GLOBAL_UNIT_ASSIGNED_CONTEXT ( ( #7918, #2277, #7046 ) ) REPRESENTATION_CONTEXT ( 'NONE', 'WORKASPACE' ) );
#11003 = EDGE_CURVE ( 'NONE', #7633, #11351, #578, .T. ) ;
#11004 = VECTOR ( 'NONE', #11091, 1000.000000000000000 ) ;
#11005 = CARTESIAN_POINT ( 'NONE',  ( -1.135724311311009815, 8.946136669551890463, -1.199999999999999956 ) ) ;
#11006 = SURFACE_STYLE_FILL_AREA ( #6170 ) ;
#11007 = ORIENTED_EDGE ( 'NONE', *, *, #10602, .F. ) ;
#11008 = ORIENTED_EDGE ( 'NONE', *, *, #2270, .F. ) ;
#11009 = ORIENTED_EDGE ( 'NONE', *, *, #7460, .T. ) ;
#11010 = VECTOR ( 'NONE', #7627, 1000.000000000000000 ) ;
#11011 = DIRECTION ( 'NONE',  ( 1.000000000000000000, 0.000000000000000000, 0.000000000000000000 ) ) ;
#11012 = CARTESIAN_POINT ( 'NONE',  ( -0.3499999999999999778, 0.5500000000000000444, -9.500000000000000000 ) ) ;
#11013 = CARTESIAN_POINT ( 'NONE',  ( 3.000000000000000000, 1.699999999999999956, 7.250000000000000000 ) ) ;
#11014 = DIRECTION ( 'NONE',  ( 0.000000000000000000, 2.168404344971015031E-16, -1.000000000000000000 ) ) ;
#11015 = CARTESIAN_POINT ( 'NONE',  ( -5.410704217614039635, 11.60329263950290013, 6.799999999999999822 ) ) ;
#11016 = EDGE_CURVE ( 'NONE', #4567, #12419, #1513, .T. ) ;
#11017 = SURFACE_STYLE_FILL_AREA ( #7200 ) ;
#11018 =( NAMED_UNIT ( * ) PLANE_ANGLE_UNIT ( ) SI_UNIT ( $, .RADIAN. ) );
#11019 = VECTOR ( 'NONE', #10437, 1000.000000000000000 ) ;
#11020 = VERTEX_POINT ( 'NONE', #4560 ) ;
#11021 = PRESENTATION_STYLE_ASSIGNMENT (( #10958 ) ) ;
#11022 = CARTESIAN_POINT ( 'NONE',  ( -10.34999999999999964, 8.900000000000000355, 5.700000000000000178 ) ) ;
#11023 = EDGE_CURVE ( 'NONE', #4887, #4074, #7412, .T. ) ;
#11024 = CARTESIAN_POINT ( 'NONE',  ( 0.000000000000000000, 10.00000000000000000, 7.200000000000000178 ) ) ;
#11025 = PRESENTATION_LAYER_ASSIGNMENT (  '', '', ( #12033 ) ) ;
#11026 = CARTESIAN_POINT ( 'NONE',  ( 0.6999999999999839684, 3.200000000000000178, -8.699999999999999289 ) ) ;
#11027 = LINE ( 'NONE', #5115, #4787 ) ;
#11028 = UNCERTAINTY_MEASURE_WITH_UNIT (LENGTH_MEASURE( 1.000000000000000082E-05 ), #6225, 'distance_accuracy_value', 'NONE');
#11029 = DIRECTION ( 'NONE',  ( -1.000000000000000000, 0.000000000000000000, 0.000000000000000000 ) ) ;
#11030 = CARTESIAN_POINT ( 'NONE',  ( 10.34999999999999964, 21.16219703812815212, 7.315633423314990225 ) ) ;
#11031 = DIRECTION ( 'NONE',  ( 0.000000000000000000, 0.000000000000000000, 1.000000000000000000 ) ) ;
#11032 = ORIENTED_EDGE ( 'NONE', *, *, #7947, .T. ) ;
#11033 = ORIENTED_EDGE ( 'NONE', *, *, #1354, .T. ) ;
#11034 = CARTESIAN_POINT ( 'NONE',  ( 0.000000000000000000, 10.00000000000000000, -4.500000000000000000 ) ) ;
#11035 = VERTEX_POINT ( 'NONE', #7168 ) ;
#11036 = DIRECTION ( 'NONE',  ( 1.000000000000000000, 8.182657905550979512E-17, 0.000000000000000000 ) ) ;
#11037 = CARTESIAN_POINT ( 'NONE',  ( -5.349999999999999645, -3.000000000000000000, -4.500000000000000000 ) ) ;
#11038 = EDGE_CURVE ( 'NONE', #9226, #9460, #10037, .T. ) ;
#11039 = FACE_OUTER_BOUND ( 'NONE', #6969, .T. ) ;
#11040 = DIRECTION ( 'NONE',  ( 0.000000000000000000, 0.000000000000000000, 1.000000000000000000 ) ) ;
#11041 =( NAMED_UNIT ( * ) PLANE_ANGLE_UNIT ( ) SI_UNIT ( $, .RADIAN. ) );
#11042 = LINE ( 'NONE', #2445, #399 ) ;
#11043 = CARTESIAN_POINT ( 'NONE',  ( 5.410704217612619438, 11.60329263950372081, -1.199999999999999956 ) ) ;
#11044 =( GEOMETRIC_REPRESENTATION_CONTEXT ( 3 ) GLOBAL_UNCERTAINTY_ASSIGNED_CONTEXT ( ( #4150 ) ) GLOBAL_UNIT_ASSIGNED_CONTEXT ( ( #7137, #3583, #4470 ) ) REPRESENTATION_CONTEXT ( 'NONE', 'WORKASPACE' ) );
#11045 = DIRECTION ( 'NONE',  ( 0.000000000000000000, 0.000000000000000000, 1.000000000000000000 ) ) ;
#11046 = ADVANCED_FACE ( 'NONE', ( #10100 ), #4383, .F. ) ;
#11047 = DIRECTION ( 'NONE',  ( -9.925400323074660971E-15, 1.000000000000000000, 0.000000000000000000 ) ) ;
#11048 = CARTESIAN_POINT ( 'NONE',  ( -0.3499999999999999778, 0.000000000000000000, -6.200000000000000178 ) ) ;
#11049 = EDGE_LOOP ( 'NONE', ( #3205, #11611, #3529, #6680 ) ) ;
#11050 = UNCERTAINTY_MEASURE_WITH_UNIT (LENGTH_MEASURE( 1.000000000000000082E-05 ), #12264, 'distance_accuracy_value', 'NONE');
#11051 = VERTEX_POINT ( 'NONE', #6276 ) ;
#11052 = EDGE_LOOP ( 'NONE', ( #7606, #5968, #2589, #10386 ) ) ;
#11053 = VERTEX_POINT ( 'NONE', #693 ) ;
#11054 =( GEOMETRIC_REPRESENTATION_CONTEXT ( 3 ) GLOBAL_UNCERTAINTY_ASSIGNED_CONTEXT ( ( #7157 ) ) GLOBAL_UNIT_ASSIGNED_CONTEXT ( ( #9768, #8817, #9516 ) ) REPRESENTATION_CONTEXT ( 'NONE', 'WORKASPACE' ) );
#11055 = ADVANCED_FACE ( 'NONE', ( #3323 ), #4325, .T. ) ;
#11056 = EDGE_LOOP ( 'NONE', ( #7750, #4938, #7734, #10324 ) ) ;
#11057 = CARTESIAN_POINT ( 'NONE',  ( 5.899999999999999467, 10.00000000000000000, 6.799999999999999822 ) ) ;
#11058 = LINE ( 'NONE', #2462, #7183 ) ;
#11059 =( GEOMETRIC_REPRESENTATION_CONTEXT ( 3 ) GLOBAL_UNCERTAINTY_ASSIGNED_CONTEXT ( ( #11713 ) ) GLOBAL_UNIT_ASSIGNED_CONTEXT ( ( #8484, #5472, #8425 ) ) REPRESENTATION_CONTEXT ( 'NONE', 'WORKASPACE' ) );
#11060 = STYLED_ITEM ( 'NONE', ( #1795 ), #7199 ) ;
#11061 = ORIENTED_EDGE ( 'NONE', *, *, #6364, .F. ) ;
#11062 = ORIENTED_EDGE ( 'NONE', *, *, #6730, .T. ) ;
#11063 = VECTOR ( 'NONE', #3083, 1000.000000000000000 ) ;
#11064 = EDGE_CURVE ( 'NONE', #5581, #1158, #6336, .T. ) ;
#11065 = ORIENTED_EDGE ( 'NONE', *, *, #11478, .F. ) ;
#11066 = SURFACE_SIDE_STYLE ('',( #12016 ) ) ;
#11067 = ADVANCED_FACE ( 'NONE', ( #6216 ), #11221, .F. ) ;
#11068 = CARTESIAN_POINT ( 'NONE',  ( -2.677937912262149833, 1.248742956551454064, -1.199999999999999956 ) ) ;
#11069 = UNCERTAINTY_MEASURE_WITH_UNIT (LENGTH_MEASURE( 1.000000000000000082E-05 ), #5714, 'distance_accuracy_value', 'NONE');
#11070 = FACE_BOUND ( 'NONE', #3544, .T. ) ;
#11071 = CARTESIAN_POINT ( 'NONE',  ( 0.000000000000000000, 10.00000000000000000, 6.799999999999999822 ) ) ;
#11072 = DIRECTION ( 'NONE',  ( 0.000000000000000000, 0.000000000000000000, -1.000000000000000000 ) ) ;
#11073 = SURFACE_SIDE_STYLE ('',( #9012 ) ) ;
#11074 = PLANE ( 'NONE',  #6765 ) ;
#11075 = PRESENTATION_LAYER_ASSIGNMENT (  '', '', ( #3637 ) ) ;
#11076 = STYLED_ITEM ( 'NONE', ( #6527 ), #2993 ) ;
#11077 =( NAMED_UNIT ( * ) SI_UNIT ( $, .STERADIAN. ) SOLID_ANGLE_UNIT ( ) );
#11078 = VECTOR ( 'NONE', #1386, 1000.000000000000000 ) ;
#11079 = AXIS2_PLACEMENT_3D ( 'NONE', #7920, #11746, #11811 ) ;
#11080 = ORIENTED_EDGE ( 'NONE', *, *, #1827, .T. ) ;
#11081 = FACE_OUTER_BOUND ( 'NONE', #12241, .T. ) ;
#11082 = CARTESIAN_POINT ( 'NONE',  ( 10.10488155364689433, 21.17617993877991367, 7.300000000000001599 ) ) ;
#11083 = EDGE_CURVE ( 'NONE', #87, #8688, #6456, .T. ) ;
#11084 = PRESENTATION_STYLE_ASSIGNMENT (( #10078 ) ) ;
#11085 = CARTESIAN_POINT ( 'NONE',  ( 4.649999999999999467, 3.200000000000000178, -4.500000000000000000 ) ) ;
#11086 = CARTESIAN_POINT ( 'NONE',  ( -10.15000000000017977, 17.02499999999999858, -6.099999999999869971 ) ) ;
#11087 = VECTOR ( 'NONE', #11643, 1000.000000000000000 ) ;
#11088 = LINE ( 'NONE', #7025, #3962 ) ;
#11089 =( LENGTH_UNIT ( ) NAMED_UNIT ( * ) SI_UNIT ( .MILLI., .METRE. ) );
#11090 = CARTESIAN_POINT ( 'NONE',  ( 10.32305672590246104, 21.15976310729380216, 7.380496664690830322 ) ) ;
#11091 = DIRECTION ( 'NONE',  ( 0.000000000000000000, 0.000000000000000000, -1.000000000000000000 ) ) ;
#11092 = EDGE_LOOP ( 'NONE', ( #5881, #9352, #5772, #10604 ) ) ;
#11093 = EDGE_CURVE ( 'NONE', #2296, #5493, #9345, .T. ) ;
#11094 = ORIENTED_EDGE ( 'NONE', *, *, #227, .F. ) ;
#11095 = AXIS2_PLACEMENT_3D ( 'NONE', #10801, #7865, #11818 ) ;
#11096 = CARTESIAN_POINT ( 'NONE',  ( 7.150000000000000355, 0.5500000000000000444, -8.000000000000000000 ) ) ;
#11097 = DIRECTION ( 'NONE',  ( 0.000000000000000000, 0.000000000000000000, 1.000000000000000000 ) ) ;
#11098 = FILL_AREA_STYLE_COLOUR ( '', #2333 ) ;
#11099 = SURFACE_STYLE_FILL_AREA ( #12165 ) ;
#11100 = PRESENTATION_STYLE_ASSIGNMENT (( #2385 ) ) ;
#11101 = PLANE ( 'NONE',  #8711 ) ;
#11102 = LINE ( 'NONE', #9041, #8219 ) ;
#11103 = PRESENTATION_LAYER_ASSIGNMENT (  '', '', ( #9504 ) ) ;
#11104 = PRESENTATION_LAYER_ASSIGNMENT (  '', '', ( #6090 ) ) ;
#11105 =( NAMED_UNIT ( * ) PLANE_ANGLE_UNIT ( ) SI_UNIT ( $, .RADIAN. ) );
#11106 = CARTESIAN_POINT ( 'NONE',  ( 0.000000000000000000, 10.00000000000000000, 7.299999999999999822 ) ) ;
#11107 = VERTEX_POINT ( 'NONE', #755 ) ;
#11108 = EDGE_CURVE ( 'NONE', #11508, #209, #3378, .T. ) ;
#11109 = PRESENTATION_LAYER_ASSIGNMENT (  '', '', ( #499 ) ) ;
#11110 = ORIENTED_EDGE ( 'NONE', *, *, #5929, .T. ) ;
#11111 = ORIENTED_EDGE ( 'NONE', *, *, #4087, .T. ) ;
#11112 = ORIENTED_EDGE ( 'NONE', *, *, #10879, .F. ) ;
#11113 = FACE_OUTER_BOUND ( 'NONE', #3247, .T. ) ;
#11114 = COLOUR_RGB ( '',0.2509803921568627416, 0.2509803921568627416, 0.2509803921568627416 ) ;
#11115 = ORIENTED_EDGE ( 'NONE', *, *, #12146, .T. ) ;
#11116 = DIRECTION ( 'NONE',  ( 0.000000000000000000, 1.000000000000000000, 1.301042606982603842E-16 ) ) ;
#11117 = CARTESIAN_POINT ( 'NONE',  ( -2.475435743013954859, 7.525688402361390139, 6.799999999999999822 ) ) ;
#11118 = EDGE_CURVE ( 'NONE', #11107, #11965, #11283, .T. ) ;
#11119 = VECTOR ( 'NONE', #4493, 1000.000000000000000 ) ;
#11120 = ORIENTED_EDGE ( 'NONE', *, *, #11964, .T. ) ;
#11121 = ORIENTED_EDGE ( 'NONE', *, *, #4551, .F. ) ;
#11122 = DIRECTION ( 'NONE',  ( 0.000000000000000000, 0.000000000000000000, 1.000000000000000000 ) ) ;
#11123 = ORIENTED_EDGE ( 'NONE', *, *, #7548, .F. ) ;
#11124 = CARTESIAN_POINT ( 'NONE',  ( -8.550000000000190781, 17.89999999999999858, -4.599999999999999645 ) ) ;
#11125 = CARTESIAN_POINT ( 'NONE',  ( -10.15000000000017977, 17.02499999999999858, -6.099999999999869971 ) ) ;
#11126 =( GEOMETRIC_REPRESENTATION_CONTEXT ( 3 ) GLOBAL_UNCERTAINTY_ASSIGNED_CONTEXT ( ( #3246 ) ) GLOBAL_UNIT_ASSIGNED_CONTEXT ( ( #7833, #1069, #6761 ) ) REPRESENTATION_CONTEXT ( 'NONE', 'WORKASPACE' ) );
#11127 = CARTESIAN_POINT ( 'NONE',  ( -10.11464466094063930, 20.40000000000000213, 5.500000000000110134 ) ) ;
#11128 = CARTESIAN_POINT ( 'NONE',  ( -5.412162652094989923, 9.606453588454071379, -1.199999999999999956 ) ) ;
#11129 = DIRECTION ( 'NONE',  ( 1.000000000000000000, 0.000000000000000000, 0.000000000000000000 ) ) ;
#11130 = AXIS2_PLACEMENT_3D ( 'NONE', #11405, #3918, #2805 ) ;
#11131 = CARTESIAN_POINT ( 'NONE',  ( 10.10244739975970063, 21.16259517036269955, 7.297979999999999912 ) ) ;
#11132 = LINE ( 'NONE', #3410, #4328 ) ;
#11133 = CARTESIAN_POINT ( 'NONE',  ( -4.649999999999999467, 3.200000000000000178, -4.500000000000000000 ) ) ;
#11134 = SURFACE_STYLE_USAGE ( .BOTH. , #5303 ) ;
#11135 = EDGE_CURVE ( 'NONE', #291, #6786, #5750, .T. ) ;
#11136 = EDGE_CURVE ( 'NONE', #12194, #10588, #10580, .T. ) ;
#11137 = VECTOR ( 'NONE', #906, 1000.000000000000227 ) ;
#11138 = ORIENTED_EDGE ( 'NONE', *, *, #10027, .T. ) ;
#11139 = ORIENTED_EDGE ( 'NONE', *, *, #6150, .F. ) ;
#11140 = CARTESIAN_POINT ( 'NONE',  ( 2.989405734482124988, 11.73932253780022172, 6.799999999999999822 ) ) ;
#11141 = FACE_OUTER_BOUND ( 'NONE', #6202, .T. ) ;
#11142 = VECTOR ( 'NONE', #5358, 999.9999999999998863 ) ;
#11143 = CARTESIAN_POINT ( 'NONE',  ( 0.3499999999999999778, 0.5500000000000000444, -5.500000000000000000 ) ) ;
#11144 = CARTESIAN_POINT ( 'NONE',  ( 10.35200000000000031, 21.16464466094064889, 7.250000000000000000 ) ) ;
#11145 = DIRECTION ( 'NONE',  ( 0.000000000000000000, 7.589415207398529460E-15, -1.000000000000000000 ) ) ;
#11146 = EDGE_CURVE ( 'NONE', #10117, #8702, #7597, .T. ) ;
#11147 = ORIENTED_EDGE ( 'NONE', *, *, #7860, .T. ) ;
#11148 = ORIENTED_EDGE ( 'NONE', *, *, #12397, .F. ) ;
#11149 = FACE_OUTER_BOUND ( 'NONE', #807, .T. ) ;
#11150 = MECHANICAL_DESIGN_GEOMETRIC_PRESENTATION_REPRESENTATION (  '', ( #10960 ), #4528 ) ;
#11151 = DIRECTION ( 'NONE',  ( 1.000000000000000000, 0.000000000000000000, 0.000000000000000000 ) ) ;
#11152 = CARTESIAN_POINT ( 'NONE',  ( -3.200000000000000178, -3.176128103383895045E-14, -17.80452084174450178 ) ) ;
#11153 = SURFACE_STYLE_FILL_AREA ( #12357 ) ;
#11154 = DIRECTION ( 'NONE',  ( 0.000000000000000000, 0.000000000000000000, 1.000000000000000000 ) ) ;
#11155 =( LENGTH_UNIT ( ) NAMED_UNIT ( * ) SI_UNIT ( .MILLI., .METRE. ) );
#11156 =( NAMED_UNIT ( * ) SI_UNIT ( $, .STERADIAN. ) SOLID_ANGLE_UNIT ( ) );
#11157 = VECTOR ( 'NONE', #12222, 1000.000000000000000 ) ;
#11158 = LINE ( 'NONE', #5752, #6308 ) ;
#11159 = PLANE ( 'NONE',  #7878 ) ;
#11160 = EDGE_LOOP ( 'NONE', ( #4626, #6948, #1142, #202 ) ) ;
#11161 = ORIENTED_EDGE ( 'NONE', *, *, #8227, .F. ) ;
#11162 = ORIENTED_EDGE ( 'NONE', *, *, #10956, .F. ) ;
#11163 = EDGE_CURVE ( 'NONE', #10203, #2280, #8460, .T. ) ;
#11164 = ORIENTED_EDGE ( 'NONE', *, *, #356, .F. ) ;
#11165 =( NAMED_UNIT ( * ) SI_UNIT ( $, .STERADIAN. ) SOLID_ANGLE_UNIT ( ) );
#11166 = VECTOR ( 'NONE', #5992, 1000.000000000000114 ) ;
#11167 = PLANE ( 'NONE',  #6662 ) ;
#11168 = CARTESIAN_POINT ( 'NONE',  ( 0.6999999999999839684, 3.200000000000000178, -8.699999999999999289 ) ) ;
#11169 = ADVANCED_FACE ( 'NONE', ( #10460 ), #4743, .F. ) ;
#11170 = PLANE ( 'NONE',  #5268 ) ;
#11171 = VECTOR ( 'NONE', #3754, 1000.000000000000000 ) ;
#11172 = CARTESIAN_POINT ( 'NONE',  ( -2.000000000000000000, 1.649999999999999911, 5.150000000000000355 ) ) ;
#11173 = DIRECTION ( 'NONE',  ( 0.000000000000000000, 0.000000000000000000, -1.000000000000000000 ) ) ;
#11174 = AXIS2_PLACEMENT_3D ( 'NONE', #4400, #2405, #2521 ) ;
#11175 = SURFACE_STYLE_FILL_AREA ( #9301 ) ;
#11176 = ORIENTED_EDGE ( 'NONE', *, *, #7886, .T. ) ;
#11177 = ORIENTED_EDGE ( 'NONE', *, *, #3752, .F. ) ;
#11178 = EDGE_LOOP ( 'NONE', ( #6986, #5551, #341, #2078 ) ) ;
#11179 = CARTESIAN_POINT ( 'NONE',  ( -10.05000000000000071, -1.224646799160395975E-17, 7.299999999999999822 ) ) ;
#11180 = VECTOR ( 'NONE', #5749, 999.9999999999998863 ) ;
#11181 = ORIENTED_EDGE ( 'NONE', *, *, #6362, .T. ) ;
#11182 = CARTESIAN_POINT ( 'NONE',  ( 2.850000000000000089, 3.200000000000000178, -4.500000000000000000 ) ) ;
#11183 = CARTESIAN_POINT ( 'NONE',  ( -2.000000000000000000, 1.649999999999999911, 4.899999999999999467 ) ) ;
#11184 = VECTOR ( 'NONE', #11873, 1000.000000000000000 ) ;
#11185 = CARTESIAN_POINT ( 'NONE',  ( 0.000000000000000000, 2.000000000000000000, 7.299999999999999822 ) ) ;
#11186 = DIRECTION ( 'NONE',  ( 0.000000000000000000, 7.755234363190441832E-15, -1.000000000000000000 ) ) ;
#11187 = ADVANCED_FACE ( 'NONE', ( #66 ), #2810, .F. ) ;
#11188 = PRESENTATION_STYLE_ASSIGNMENT (( #7377 ) ) ;
#11189 = STYLED_ITEM ( 'NONE', ( #11507 ), #1718 ) ;
#11190 = PRESENTATION_STYLE_ASSIGNMENT (( #727 ) ) ;
#11191 = CARTESIAN_POINT ( 'NONE',  ( -10.35200000000000031, 21.16464466094064889, 7.250000000000000000 ) ) ;
#11192 = PLANE ( 'NONE',  #5127 ) ;
#11193 = CARTESIAN_POINT ( 'NONE',  ( -8.400000000000099831, 8.599999999999999645, -4.599999999999999645 ) ) ;
#11194 = DIRECTION ( 'NONE',  ( 1.000000000000000000, 0.000000000000000000, 0.000000000000000000 ) ) ;
#11195 = ORIENTED_EDGE ( 'NONE', *, *, #8261, .F. ) ;
#11196 = EDGE_LOOP ( 'NONE', ( #6835, #7068, #10450, #3573 ) ) ;
#11197 = FILL_AREA_STYLE ('',( #3779 ) ) ;
#11198 = LINE ( 'NONE', #1912, #3606 ) ;
#11199 = DIRECTION ( 'NONE',  ( 0.000000000000000000, -1.000000000000000000, -1.398970545142586048E-16 ) ) ;
#11200 = ADVANCED_FACE ( 'NONE', ( #5689 ), #11534, .T. ) ;
#11201 = CARTESIAN_POINT ( 'NONE',  ( 10.11464466094068015, 21.19999999999999929, 5.750000000000070166 ) ) ;
#11202 = VECTOR ( 'NONE', #8677, 1000.000000000000227 ) ;
#11203 = DIRECTION ( 'NONE',  ( 0.000000000000000000, 0.000000000000000000, -1.000000000000000000 ) ) ;
#11204 = COLOUR_RGB ( '',0.2509803921568627416, 0.2509803921568627416, 0.2509803921568627416 ) ;
#11205 = CARTESIAN_POINT ( 'NONE',  ( 10.34999999999999964, 8.900000000000000355, 5.700000000000000178 ) ) ;
#11206 = DIRECTION ( 'NONE',  ( 0.000000000000000000, 0.000000000000000000, 1.000000000000000000 ) ) ;
#11207 = FILL_AREA_STYLE ('',( #6436 ) ) ;
#11208 = DIRECTION ( 'NONE',  ( 0.000000000000000000, 1.000000000000000000, 0.000000000000000000 ) ) ;
#11209 = ORIENTED_EDGE ( 'NONE', *, *, #11231, .T. ) ;
#11210 = ORIENTED_EDGE ( 'NONE', *, *, #3664, .T. ) ;
#11211 = COLOUR_RGB ( '',0.2509803921568627416, 0.2509803921568627416, 0.2509803921568627416 ) ;
#11212 = LINE ( 'NONE', #5495, #2061 ) ;
#11213 = LINE ( 'NONE', #6696, #9060 ) ;
#11214 = LINE ( 'NONE', #11278, #7941 ) ;
#11215 = DIRECTION ( 'NONE',  ( 0.9063077870366501587, 0.4226182617406989972, 0.000000000000000000 ) ) ;
#11216 = CARTESIAN_POINT ( 'NONE',  ( -0.4499999999998829936, -6.792124345835069636E-15, -1.199999999999999956 ) ) ;
#11217 = EDGE_CURVE ( 'NONE', #10782, #10588, #2930, .T. ) ;
#11218 =( NAMED_UNIT ( * ) SI_UNIT ( $, .STERADIAN. ) SOLID_ANGLE_UNIT ( ) );
#11219 =( LENGTH_UNIT ( ) NAMED_UNIT ( * ) SI_UNIT ( .MILLI., .METRE. ) );
#11220 = EDGE_CURVE ( 'NONE', #9683, #2399, #8399, .T. ) ;
#11221 = PLANE ( 'NONE',  #1546 ) ;
#11222 = VECTOR ( 'NONE', #10092, 1000.000000000000000 ) ;
#11223 =( NAMED_UNIT ( * ) SI_UNIT ( $, .STERADIAN. ) SOLID_ANGLE_UNIT ( ) );
#11224 = ORIENTED_EDGE ( 'NONE', *, *, #1852, .F. ) ;
#11225 = ORIENTED_EDGE ( 'NONE', *, *, #7338, .T. ) ;
#11226 = VERTEX_POINT ( 'NONE', #10332 ) ;
#11227 = ORIENTED_EDGE ( 'NONE', *, *, #7295, .T. ) ;
#11228 = CARTESIAN_POINT ( 'NONE',  ( 10.05000000000000071, 8.900000000000000355, 7.299999999999999822 ) ) ;
#11229 = CARTESIAN_POINT ( 'NONE',  ( -1.649999999999999911, -1.637691053307329915E-14, -6.200000000000000178 ) ) ;
#11230 = VECTOR ( 'NONE', #737, 1000.000000000000000 ) ;
#11231 = EDGE_CURVE ( 'NONE', #10542, #11430, #1749, .T. ) ;
#11232 =( NAMED_UNIT ( * ) PLANE_ANGLE_UNIT ( ) SI_UNIT ( $, .RADIAN. ) );
#11233 = DIRECTION ( 'NONE',  ( 1.000000000000000000, 0.000000000000000000, 0.000000000000000000 ) ) ;
#11234 = CARTESIAN_POINT ( 'NONE',  ( -10.10976310729376060, 21.37305672590244754, 7.380496664690859632 ) ) ;
#11235 = AXIS2_PLACEMENT_3D ( 'NONE', #11620, #2780, #6735 ) ;
#11236 = VERTEX_POINT ( 'NONE', #3739 ) ;
#11237 = EDGE_LOOP ( 'NONE', ( #4750, #4 ) ) ;
#11238 = EDGE_CURVE ( 'NONE', #307, #2950, #3676, .T. ) ;
#11239 = VERTEX_POINT ( 'NONE', #8521 ) ;
#11240 = FACE_OUTER_BOUND ( 'NONE', #566, .T. ) ;
#11241 = ORIENTED_EDGE ( 'NONE', *, *, #7575, .F. ) ;
#11242 = DIRECTION ( 'NONE',  ( 0.000000000000000000, -1.000000000000000000, 0.000000000000000000 ) ) ;
#11243 = LINE ( 'NONE', #3404, #9322 ) ;
#11244 = CARTESIAN_POINT ( 'NONE',  ( 7.849999999999999645, 14.90000000000000036, -6.099999999999890399 ) ) ;
#11245 = CARTESIAN_POINT ( 'NONE',  ( 0.000000000000000000, 10.00000000000000000, 7.299999999999999822 ) ) ;
#11246 = AXIS2_PLACEMENT_3D ( 'NONE', #4553, #10389, #5619 ) ;
#11247 = LINE ( 'NONE', #7499, #5448 ) ;
#11248 = CARTESIAN_POINT ( 'NONE',  ( -10.23154063800832070, 21.15488155364689860, 7.474841179709708960 ) ) ;
#11249 = PLANE ( 'NONE',  #3512 ) ;
#11250 =( NAMED_UNIT ( * ) PLANE_ANGLE_UNIT ( ) SI_UNIT ( $, .RADIAN. ) );
#11251 = DIRECTION ( 'NONE',  ( 0.000000000000000000, -1.000000000000000000, 0.000000000000000000 ) ) ;
#11252 = CARTESIAN_POINT ( 'NONE',  ( 2.850000000000000089, 0.5500000000000000444, -7.000000000000000000 ) ) ;
#11253 = CIRCLE ( 'NONE', #1456, 0.4999999999999995559 ) ;
#11254 = EDGE_CURVE ( 'NONE', #232, #7353, #7960, .T. ) ;
#11255 =( GEOMETRIC_REPRESENTATION_CONTEXT ( 3 ) GLOBAL_UNCERTAINTY_ASSIGNED_CONTEXT ( ( #391 ) ) GLOBAL_UNIT_ASSIGNED_CONTEXT ( ( #2128, #10716, #6011 ) ) REPRESENTATION_CONTEXT ( 'NONE', 'WORKASPACE' ) );
#11256 = EDGE_LOOP ( 'NONE', ( #8476, #4966, #10236, #2584 ) ) ;
#11257 = VECTOR ( 'NONE', #2169, 1000.000000000000000 ) ;
#11258 = VERTEX_POINT ( 'NONE', #4985 ) ;
#11259 = CYLINDRICAL_SURFACE ( 'NONE', #7015, 0.8999999999999750422 ) ;
#11260 = EDGE_CURVE ( 'NONE', #6892, #6830, #6072, .T. ) ;
#11261 = CYLINDRICAL_SURFACE ( 'NONE', #429, 0.8999999999999998002 ) ;
#11262 = CARTESIAN_POINT ( 'NONE',  ( -2.850000000000000089, -3.000000000000000000, -7.500000000000000000 ) ) ;
#11263 = DIRECTION ( 'NONE',  ( 0.000000000000000000, 7.589415207398510528E-15, -1.000000000000000000 ) ) ;
#11264 = AXIS2_PLACEMENT_3D ( 'NONE', #130, #2135, #4941 ) ;
#11265 = FILL_AREA_STYLE ('',( #7452 ) ) ;
#11266 = VECTOR ( 'NONE', #1837, 1000.000000000000000 ) ;
#11267 = DIRECTION ( 'NONE',  ( -3.942553354492745404E-15, -2.414357261555910084E-44, -1.000000000000000000 ) ) ;
#11268 = DIRECTION ( 'NONE',  ( 1.000000000000000000, 3.178365879782598973E-14, 0.000000000000000000 ) ) ;
#11269 = CIRCLE ( 'NONE', #5848, 0.9000000000000110134 ) ;
#11270 = LINE ( 'NONE', #3539, #8809 ) ;
#11271 = CARTESIAN_POINT ( 'NONE',  ( -4.385349954919130155, 12.08142318451944064, -1.199999999999999956 ) ) ;
#11272 = ORIENTED_EDGE ( 'NONE', *, *, #7533, .F. ) ;
#11273 = ORIENTED_EDGE ( 'NONE', *, *, #8201, .F. ) ;
#11274 = ADVANCED_FACE ( 'NONE', ( #9899 ), #1257, .T. ) ;
#11275 = SURFACE_SIDE_STYLE ('',( #7458 ) ) ;
#11276 = COLOUR_RGB ( '',0.2509803921568627416, 0.2509803921568627416, 0.2509803921568627416 ) ;
#11277 = FACE_OUTER_BOUND ( 'NONE', #585, .T. ) ;
#11278 = CARTESIAN_POINT ( 'NONE',  ( 10.14999999999999858, 0.000000000000000000, 7.200000000000000178 ) ) ;
#11279 = PLANE ( 'NONE',  #9686 ) ;
#11280 = CARTESIAN_POINT ( 'NONE',  ( 8.149999999999998579, 2.700000000000000178, 1.500000000000000000 ) ) ;
#11281 = LINE ( 'NONE', #815, #4882 ) ;
#11282 =( NAMED_UNIT ( * ) SI_UNIT ( $, .STERADIAN. ) SOLID_ANGLE_UNIT ( ) );
#11283 = LINE ( 'NONE', #1995, #142 ) ;
#11284 = CARTESIAN_POINT ( 'NONE',  ( -2.850000000000000089, 3.200000000000000178, -4.500000000000000000 ) ) ;
#11285 = FILL_AREA_STYLE ('',( #7472 ) ) ;
#11286 = EDGE_LOOP ( 'NONE', ( #8966, #3265, #6789, #4186 ) ) ;
#11287 = ADVANCED_FACE ( 'NONE', ( #6888 ), #10776, .T. ) ;
#11288 = EDGE_CURVE ( 'NONE', #9229, #934, #2317, .T. ) ;
#11289 = EDGE_LOOP ( 'NONE', ( #7477, #1754, #4846, #1188 ) ) ;
#11290 = ORIENTED_EDGE ( 'NONE', *, *, #8073, .T. ) ;
#11291 = ORIENTED_EDGE ( 'NONE', *, *, #6151, .T. ) ;
#11292 = CARTESIAN_POINT ( 'NONE',  ( 2.850000000000000089, 0.5500000000000000444, -4.500000000000000000 ) ) ;
#11293 = UNCERTAINTY_MEASURE_WITH_UNIT (LENGTH_MEASURE( 1.000000000000000082E-05 ), #9062, 'distance_accuracy_value', 'NONE');
#11294 = CARTESIAN_POINT ( 'NONE',  ( -4.396574867224620320, 10.08002995006778058, -1.199999999999999956 ) ) ;
#11295 = AXIS2_PLACEMENT_3D ( 'NONE', #8588, #10474, #11488 ) ;
#11296 = AXIS2_PLACEMENT_3D ( 'NONE', #7718, #2195, #4987 ) ;
#11297 = CYLINDRICAL_SURFACE ( 'NONE', #1851, 1.749999999999999778 ) ;
#11298 =( NAMED_UNIT ( * ) SI_UNIT ( $, .STERADIAN. ) SOLID_ANGLE_UNIT ( ) );
#11299 = PRESENTATION_LAYER_ASSIGNMENT (  '', '', ( #9714 ) ) ;
#11300 = PRESENTATION_LAYER_ASSIGNMENT (  '', '', ( #2686 ) ) ;
#11301 = CARTESIAN_POINT ( 'NONE',  ( -10.10244762502071936, 21.21615850254429958, 7.501999999999999780 ) ) ;
#11302 = EDGE_CURVE ( 'NONE', #6695, #6264, #8712, .T. ) ;
#11303 = EDGE_LOOP ( 'NONE', ( #7171, #10925, #8176, #4117 ) ) ;
#11304 = EDGE_LOOP ( 'NONE', ( #5037, #430, #1844, #3729 ) ) ;
#11305 = ORIENTED_EDGE ( 'NONE', *, *, #6528, .T. ) ;
#11306 = DIRECTION ( 'NONE',  ( 1.000000000000000000, 0.000000000000000000, 0.000000000000000000 ) ) ;
#11307 = PRESENTATION_STYLE_ASSIGNMENT (( #5715 ) ) ;
#11308 = EDGE_LOOP ( 'NONE', ( #3887, #8687, #11628, #8816 ) ) ;
#11309 = DIRECTION ( 'NONE',  ( -1.000000000000000000, 0.000000000000000000, 0.000000000000000000 ) ) ;
#11310 = DIRECTION ( 'NONE',  ( 0.000000000000000000, 0.000000000000000000, 1.000000000000000000 ) ) ;
#11311 = PRESENTATION_LAYER_ASSIGNMENT (  '', '', ( #6508 ) ) ;
#11312 = CARTESIAN_POINT ( 'NONE',  ( -6.550000000000000711, 2.699999999999934897, 1.500000000000000000 ) ) ;
#11313 = DIRECTION ( 'NONE',  ( 0.000000000000000000, 0.000000000000000000, 1.000000000000000000 ) ) ;
#11314 = SURFACE_SIDE_STYLE ('',( #726 ) ) ;
#11315 = DIRECTION ( 'NONE',  ( 0.000000000000000000, 0.000000000000000000, -1.000000000000000000 ) ) ;
#11316 = CARTESIAN_POINT ( 'NONE',  ( 10.14999999999999858, 21.16464466094064889, 7.250000000000000000 ) ) ;
#11317 = COLOUR_RGB ( '',0.2509803921568627416, 0.2509803921568627416, 0.2509803921568627416 ) ;
#11318 = SURFACE_STYLE_USAGE ( .BOTH. , #2655 ) ;
#11319 = LINE ( 'NONE', #6676, #8325 ) ;
#11320 = CARTESIAN_POINT ( 'NONE',  ( -10.15000000000021885, 21.10000000000000142, 7.200000000000000178 ) ) ;
#11321 = ORIENTED_EDGE ( 'NONE', *, *, #1809, .T. ) ;
#11322 = AXIS2_PLACEMENT_3D ( 'NONE', #2561, #6510, #880 ) ;
#11323 = ORIENTED_EDGE ( 'NONE', *, *, #11467, .F. ) ;
#11324 = FILL_AREA_STYLE_COLOUR ( '', #11445 ) ;
#11325 = DIRECTION ( 'NONE',  ( -1.000000000000000000, 0.000000000000000000, 0.000000000000000000 ) ) ;
#11326 = CARTESIAN_POINT ( 'NONE',  ( 7.849999999999999645, 12.77500000000000036, -11.25000000000000000 ) ) ;
#11327 = DIRECTION ( 'NONE',  ( 0.000000000000000000, 0.000000000000000000, 1.000000000000000000 ) ) ;
#11328 = PRESENTATION_LAYER_ASSIGNMENT (  '', '', ( #2105 ) ) ;
#11329 = EDGE_CURVE ( 'NONE', #1951, #1490, #2150, .T. ) ;
#11330 = CARTESIAN_POINT ( 'NONE',  ( -8.400000000000099831, 8.599999999999999645, -4.599999999999999645 ) ) ;
#11331 = AXIS2_PLACEMENT_3D ( 'NONE', #12215, #739, #10314 ) ;
#11332 = ADVANCED_FACE ( 'NONE', ( #8776 ), #2121, .F. ) ;
#11333 = LINE ( 'NONE', #1738, #6717 ) ;
#11334 = CARTESIAN_POINT ( 'NONE',  ( -7.850000000000148859, 14.90000000000000036, -9.549747468305820775 ) ) ;
#11335 = COLOUR_RGB ( '',0.2509803921568627416, 0.2509803921568627416, 0.2509803921568627416 ) ;
#11336 = CARTESIAN_POINT ( 'NONE',  ( -10.14999999999999858, 8.599999999999999645, 5.700000000000000178 ) ) ;
#11337 = EDGE_LOOP ( 'NONE', ( #6739, #8035, #4661, #5189 ) ) ;
#11338 = FACE_OUTER_BOUND ( 'NONE', #4151, .T. ) ;
#11339 = ORIENTED_EDGE ( 'NONE', *, *, #11423, .F. ) ;
#11340 = VECTOR ( 'NONE', #4196, 1000.000000000000000 ) ;
#11341 = CYLINDRICAL_SURFACE ( 'NONE', #872, 0.2500000000000000000 ) ;
#11342 = DIRECTION ( 'NONE',  ( -3.718869191154470885E-15, -2.414357261555910084E-44, -1.000000000000000000 ) ) ;
#11343 = LINE ( 'NONE', #8397, #2088 ) ;
#11344 = CARTESIAN_POINT ( 'NONE',  ( -8.550000000000190781, 17.89999999999999858, -10.99999999999986144 ) ) ;
#11345 = EDGE_CURVE ( 'NONE', #7657, #4119, #9028, .T. ) ;
#11346 = DIRECTION ( 'NONE',  ( -0.4226182617406998299, 0.9063077870366497146, 0.000000000000000000 ) ) ;
#11347 = AXIS2_PLACEMENT_3D ( 'NONE', #8107, #6842, #5067 ) ;
#11348 = ORIENTED_EDGE ( 'NONE', *, *, #10704, .T. ) ;
#11349 = ORIENTED_EDGE ( 'NONE', *, *, #7809, .T. ) ;
#11350 = ORIENTED_EDGE ( 'NONE', *, *, #759, .T. ) ;
#11351 = VERTEX_POINT ( 'NONE', #2489 ) ;
#11352 = DIRECTION ( 'NONE',  ( 0.000000000000000000, 0.000000000000000000, -1.000000000000000000 ) ) ;
#11353 = AXIS2_PLACEMENT_3D ( 'NONE', #1916, #11706, #4912 ) ;
#11354 = CARTESIAN_POINT ( 'NONE',  ( -0.4500000000001290190, 3.635528095368834755E-15, -1.199999999999999956 ) ) ;
#11355 = SURFACE_SIDE_STYLE ('',( #7358 ) ) ;
#11356 =( GEOMETRIC_REPRESENTATION_CONTEXT ( 3 ) GLOBAL_UNCERTAINTY_ASSIGNED_CONTEXT ( ( #520 ) ) GLOBAL_UNIT_ASSIGNED_CONTEXT ( ( #10644, #4178, #11790 ) ) REPRESENTATION_CONTEXT ( 'NONE', 'WORKASPACE' ) );
#11357 = EDGE_CURVE ( 'NONE', #10584, #7924, #8151, .T. ) ;
#11358 =( NAMED_UNIT ( * ) SI_UNIT ( $, .STERADIAN. ) SOLID_ANGLE_UNIT ( ) );
#11359 = EDGE_CURVE ( 'NONE', #10104, #4093, #12036, .T. ) ;
#11360 =( NAMED_UNIT ( * ) PLANE_ANGLE_UNIT ( ) SI_UNIT ( $, .RADIAN. ) );
#11361 = DIRECTION ( 'NONE',  ( 1.000000000000000000, 1.927470528863118950E-15, 0.000000000000000000 ) ) ;
#11362 = VERTEX_POINT ( 'NONE', #562 ) ;
#11363 = STYLED_ITEM ( 'NONE', ( #3587 ), #11785 ) ;
#11364 = ORIENTED_EDGE ( 'NONE', *, *, #7914, .T. ) ;
#11365 = ORIENTED_EDGE ( 'NONE', *, *, #10824, .F. ) ;
#11366 = ORIENTED_EDGE ( 'NONE', *, *, #6725, .F. ) ;
#11367 = LINE ( 'NONE', #6249, #5720 ) ;
#11368 = EDGE_LOOP ( 'NONE', ( #6315, #4890, #11115, #9953 ) ) ;
#11369 = CARTESIAN_POINT ( 'NONE',  ( -10.14461134518045959, 21.15976310729380216, 7.276099332938199993 ) ) ;
#11370 = PLANE ( 'NONE',  #1205 ) ;
#11371 = VECTOR ( 'NONE', #7917, 1000.000000000000000 ) ;
#11372 = DIRECTION ( 'NONE',  ( -1.000000000000000000, -2.168404344971010101E-16, 0.000000000000000000 ) ) ;
#11373 = LINE ( 'NONE', #7802, #2795 ) ;
#11374 = EDGE_CURVE ( 'NONE', #11687, #3486, #5370, .T. ) ;
#11375 = LINE ( 'NONE', #5660, #9842 ) ;
#11376 = EDGE_CURVE ( 'NONE', #5644, #1224, #9211, .T. ) ;
#11377 = AXIS2_PLACEMENT_3D ( 'NONE', #10889, #4476, #2303 ) ;
#11378 = PRESENTATION_STYLE_ASSIGNMENT (( #11563 ) ) ;
#11379 = CARTESIAN_POINT ( 'NONE',  ( -10.09999999999999964, 21.14999999999999858, 7.500000000000000000 ) ) ;
#11380 = CARTESIAN_POINT ( 'NONE',  ( 10.14999999999999858, 21.15976310729375953, 7.276179938779915979 ) ) ;
#11381 = UNCERTAINTY_MEASURE_WITH_UNIT (LENGTH_MEASURE( 1.000000000000000082E-05 ), #4813, 'distance_accuracy_value', 'NONE');
#11382 = SURFACE_SIDE_STYLE ('',( #36 ) ) ;
#11383 = PLANE ( 'NONE',  #382 ) ;
#11384 = CIRCLE ( 'NONE', #767, 1.749999999999999778 ) ;
#11385 = EDGE_LOOP ( 'NONE', ( #10571, #8860, #7863, #10356 ) ) ;
#11386 = MECHANICAL_DESIGN_GEOMETRIC_PRESENTATION_REPRESENTATION (  '', ( #974 ), #7990 ) ;
#11387 = VERTEX_POINT ( 'NONE', #11143 ) ;
#11388 = DIRECTION ( 'NONE',  ( 0.000000000000000000, 3.614007241618349757E-17, -1.000000000000000000 ) ) ;
#11389 = PRESENTATION_STYLE_ASSIGNMENT (( #10253 ) ) ;
#11390 = DIRECTION ( 'NONE',  ( 0.000000000000000000, 1.000000000000000000, 0.000000000000000000 ) ) ;
#11391 = CARTESIAN_POINT ( 'NONE',  ( 0.4500000000000219935, 7.279422863406019850, -1.199999999999999956 ) ) ;
#11392 = ADVANCED_FACE ( 'NONE', ( #3301 ), #616, .T. ) ;
#11393 = DIRECTION ( 'NONE',  ( -0.9063077870366949007, 0.4226182617406029629, 0.000000000000000000 ) ) ;
#11394 = VECTOR ( 'NONE', #11199, 1000.000000000000000 ) ;
#11395 = SURFACE_STYLE_FILL_AREA ( #3601 ) ;
#11396 = COLOUR_RGB ( '',0.2509803921568627416, 0.2509803921568627416, 0.2509803921568627416 ) ;
#11397 = LINE ( 'NONE', #5611, #10515 ) ;
#11398 = CARTESIAN_POINT ( 'NONE',  ( 4.725584044262999939, 2.728317220033400048, -1.199999999999999956 ) ) ;
#11399 = CARTESIAN_POINT ( 'NONE',  ( 10.11464466094068015, 21.14999999999999858, 5.750000000000070166 ) ) ;
#11400 = VECTOR ( 'NONE', #8779, 1000.000000000000000 ) ;
#11401 = ORIENTED_EDGE ( 'NONE', *, *, #112, .T. ) ;
#11402 = LINE ( 'NONE', #8333, #1666 ) ;
#11403 = EDGE_CURVE ( 'NONE', #413, #7536, #5942, .T. ) ;
#11404 = ORIENTED_EDGE ( 'NONE', *, *, #1605, .F. ) ;
#11405 = CARTESIAN_POINT ( 'NONE',  ( -7.500000000000000000, -2.103310660150810030, -0.2000000000000000111 ) ) ;
#11406 = AXIS2_PLACEMENT_3D ( 'NONE', #7576, #2100, #11390 ) ;
#11407 = SURFACE_SIDE_STYLE ('',( #11153 ) ) ;
#11408 = DIRECTION ( 'NONE',  ( 0.000000000000000000, 0.000000000000000000, -1.000000000000000000 ) ) ;
#11409 = DIRECTION ( 'NONE',  ( 3.252606517456510541E-15, 6.982962677686270655E-15, -1.000000000000000000 ) ) ;
#11410 = CARTESIAN_POINT ( 'NONE',  ( 2.000000000000000000, 1.899999999999999911, 4.899999999999999467 ) ) ;
#11411 = DIRECTION ( 'NONE',  ( 0.4999999999999998890, 0.8660254037844387076, 0.000000000000000000 ) ) ;
#11412 = COLOUR_RGB ( '',0.2509803921568627416, 0.2509803921568627416, 0.2509803921568627416 ) ;
#11413 = ORIENTED_EDGE ( 'NONE', *, *, #3635, .T. ) ;
#11414 = COLOUR_RGB ( '',0.2509803921568627416, 0.2509803921568627416, 0.2509803921568627416 ) ;
#11415 = B_SPLINE_CURVE_WITH_KNOTS ( 'NONE', 3,
 ( #6199, #1382, #9785, #1322, #10902, #4115 ),
 .UNSPECIFIED., .F., .F.,
 ( 4, 2, 4 ),
 ( 0.000000000000000000, 0.5000000000000000000, 1.000000000000000000 ),
 .UNSPECIFIED. ) ;
#11416 = ORIENTED_EDGE ( 'NONE', *, *, #10809, .T. ) ;
#11417 = VERTEX_POINT ( 'NONE', #1436 ) ;
#11418 = EDGE_CURVE ( 'NONE', #934, #7099, #7271, .T. ) ;
#11419 = VERTEX_POINT ( 'NONE', #7393 ) ;
#11420 = SURFACE_STYLE_FILL_AREA ( #8469 ) ;
#11421 = CARTESIAN_POINT ( 'NONE',  ( 10.05000000000000071, -1.224646799147346027E-17, 7.299999999999999822 ) ) ;
#11422 = PRESENTATION_STYLE_ASSIGNMENT (( #6582 ) ) ;
#11423 = EDGE_CURVE ( 'NONE', #7843, #3983, #12154, .T. ) ;
#11424 = MECHANICAL_DESIGN_GEOMETRIC_PRESENTATION_REPRESENTATION (  '', ( #11616 ), #3411 ) ;
#11425 = DIRECTION ( 'NONE',  ( 1.000000000000000000, 0.000000000000000000, 0.000000000000000000 ) ) ;
#11426 = DIRECTION ( 'NONE',  ( 0.000000000000000000, 2.414357261555910084E-44, -1.000000000000000000 ) ) ;
#11427 = DIRECTION ( 'NONE',  ( 0.000000000000000000, 0.000000000000000000, -1.000000000000000000 ) ) ;
#11428 = CARTESIAN_POINT ( 'NONE',  ( -10.11219703591990005, 21.40200000000000102, 7.316158502544350739 ) ) ;
#11429 = ORIENTED_EDGE ( 'NONE', *, *, #3148, .F. ) ;
#11430 = VERTEX_POINT ( 'NONE', #11205 ) ;
#11431 = ORIENTED_EDGE ( 'NONE', *, *, #1958, .T. ) ;
#11432 = ADVANCED_FACE ( 'NONE', ( #6435 ), #9089, .F. ) ;
#11433 = VECTOR ( 'NONE', #11215, 1000.000000000000227 ) ;
#11434 = ORIENTED_EDGE ( 'NONE', *, *, #634, .T. ) ;
#11435 = DIRECTION ( 'NONE',  ( 1.000000000000000000, 0.000000000000000000, 0.000000000000000000 ) ) ;
#11436 = DIRECTION ( 'NONE',  ( -6.938893903907222067E-15, 0.000000000000000000, -1.000000000000000000 ) ) ;
#11437 = VERTEX_POINT ( 'NONE', #7515 ) ;
#11438 = LINE ( 'NONE', #2837, #6618 ) ;
#11439 = CARTESIAN_POINT ( 'NONE',  ( 1.300000000000000044, 15.75499782797525050, -3.200000000000084999 ) ) ;
#11440 = DIRECTION ( 'NONE',  ( -2.481737741748065027E-14, -1.000000000000000000, 0.000000000000000000 ) ) ;
#11441 = LINE ( 'NONE', #12323, #5585 ) ;
#11442 = LINE ( 'NONE', #11561, #8056 ) ;
#11443 = CARTESIAN_POINT ( 'NONE',  ( -2.850000000000000089, 0.5500000000000000444, -8.500000000000000000 ) ) ;
#11444 = DIRECTION ( 'NONE',  ( 0.000000000000000000, 0.000000000000000000, -1.000000000000000000 ) ) ;
#11445 = COLOUR_RGB ( '',0.2509803921568627416, 0.2509803921568627416, 0.2509803921568627416 ) ;
#11446 = PLANE ( 'NONE',  #6365 ) ;
#11447 =( GEOMETRIC_REPRESENTATION_CONTEXT ( 3 ) GLOBAL_UNCERTAINTY_ASSIGNED_CONTEXT ( ( #10943 ) ) GLOBAL_UNIT_ASSIGNED_CONTEXT ( ( #2652, #5354, #9313 ) ) REPRESENTATION_CONTEXT ( 'NONE', 'WORKASPACE' ) );
#11448 = EDGE_CURVE ( 'NONE', #9349, #10717, #10511, .T. ) ;
#11449 = DIRECTION ( 'NONE',  ( 0.000000000000000000, 7.589415207398510528E-15, -1.000000000000000000 ) ) ;
#11450 = EDGE_CURVE ( 'NONE', #8402, #6732, #7644, .T. ) ;
#11451 = EDGE_CURVE ( 'NONE', #138, #4201, #5742, .T. ) ;
#11452 = ORIENTED_EDGE ( 'NONE', *, *, #6347, .T. ) ;
#11453 = PRESENTATION_LAYER_ASSIGNMENT (  '', '', ( #8850 ) ) ;
#11454 = ORIENTED_EDGE ( 'NONE', *, *, #4719, .T. ) ;
#11455 = FACE_OUTER_BOUND ( 'NONE', #7675, .T. ) ;
#11456 = VECTOR ( 'NONE', #2380, 1000.000000000000000 ) ;
#11457 = VECTOR ( 'NONE', #4850, 1000.000000000000000 ) ;
#11458 = CARTESIAN_POINT ( 'NONE',  ( 0.000000000000000000, 10.00000000000000000, 7.299999999999999822 ) ) ;
#11459 = DIRECTION ( 'NONE',  ( -1.298436238251450266E-29, 1.000000000000000000, 0.000000000000000000 ) ) ;
#11460 = CARTESIAN_POINT ( 'NONE',  ( 0.6999999999999999556, 3.473890113076134811E-15, -8.699999999999999289 ) ) ;
#11461 = SURFACE_STYLE_FILL_AREA ( #8696 ) ;
#11462 = CIRCLE ( 'NONE', #5641, 1.099999999999999423 ) ;
#11463 = FILL_AREA_STYLE ('',( #3726 ) ) ;
#11464 = MECHANICAL_DESIGN_GEOMETRIC_PRESENTATION_REPRESENTATION (  '', ( #5438 ), #11059 ) ;
#11465 = PLANE ( 'NONE',  #4176 ) ;
#11466 = ORIENTED_EDGE ( 'NONE', *, *, #11676, .T. ) ;
#11467 = EDGE_CURVE ( 'NONE', #7247, #10350, #927, .T. ) ;
#11468 = VERTEX_POINT ( 'NONE', #9389 ) ;
#11469 = SURFACE_SIDE_STYLE ('',( #4675 ) ) ;
#11470 = DIRECTION ( 'NONE',  ( 0.000000000000000000, 1.000000000000000000, 1.301042606982603842E-16 ) ) ;
#11471 =( GEOMETRIC_REPRESENTATION_CONTEXT ( 3 ) GLOBAL_UNCERTAINTY_ASSIGNED_CONTEXT ( ( #2370 ) ) GLOBAL_UNIT_ASSIGNED_CONTEXT ( ( #9366, #7623, #3416 ) ) REPRESENTATION_CONTEXT ( 'NONE', 'WORKASPACE' ) );
#11472 = CARTESIAN_POINT ( 'NONE',  ( 10.09999999999999964, 21.14999999999999858, 7.500000000000000000 ) ) ;
#11473 = DIRECTION ( 'NONE',  ( 7.870573118402810728E-29, -7.930164461608261228E-15, 1.000000000000000000 ) ) ;
#11474 = SURFACE_STYLE_USAGE ( .BOTH. , #10773 ) ;
#11475 = DIRECTION ( 'NONE',  ( 1.000000000000000000, -1.138412281109779182E-14, 0.000000000000000000 ) ) ;
#11476 = FILL_AREA_STYLE ('',( #5563 ) ) ;
#11477 = DIRECTION ( 'NONE',  ( 0.8660254037844237196, -0.5000000000000258682, 0.000000000000000000 ) ) ;
#11478 = EDGE_CURVE ( 'NONE', #2950, #1224, #1797, .T. ) ;
#11480 = SURFACE_SIDE_STYLE ('',( #3742 ) ) ;
#11479 = AXIS2_PLACEMENT_3D ( 'NONE', #4879, #11491, #7667 ) ;
#11481 = UNCERTAINTY_MEASURE_WITH_UNIT (LENGTH_MEASURE( 1.000000000000000082E-05 ), #10157, 'distance_accuracy_value', 'NONE');
#11482 = EDGE_LOOP ( 'NONE', ( #4333, #10558, #5914, #6 ) ) ;
#11483 = COLOUR_RGB ( '',0.2509803921568627416, 0.2509803921568627416, 0.2509803921568627416 ) ;
#11484 = ORIENTED_EDGE ( 'NONE', *, *, #1310, .F. ) ;
#11485 = ORIENTED_EDGE ( 'NONE', *, *, #11451, .F. ) ;
#11486 = CIRCLE ( 'NONE', #1858, 0.1500000000000008271 ) ;
#11487 = ORIENTED_EDGE ( 'NONE', *, *, #8825, .T. ) ;
#11488 = DIRECTION ( 'NONE',  ( 0.000000000000000000, -1.000000000000000000, 3.469446951953614189E-15 ) ) ;
#11489 = CARTESIAN_POINT ( 'NONE',  ( -1.587836625789089906, 10.39672597473573923, 6.799999999999999822 ) ) ;
#11490 =( GEOMETRIC_REPRESENTATION_CONTEXT ( 3 ) GLOBAL_UNCERTAINTY_ASSIGNED_CONTEXT ( ( #11520 ) ) GLOBAL_UNIT_ASSIGNED_CONTEXT ( ( #3861, #1068, #2053 ) ) REPRESENTATION_CONTEXT ( 'NONE', 'WORKASPACE' ) );
#11491 = DIRECTION ( 'NONE',  ( 1.031457201932154128E-14, -1.000000000000000000, 0.000000000000000000 ) ) ;
#11492 = VECTOR ( 'NONE', #6729, 1000.000000000000000 ) ;
#11493 = FACE_OUTER_BOUND ( 'NONE', #8478, .T. ) ;
#11494 = EDGE_CURVE ( 'NONE', #3281, #1524, #8384, .T. ) ;
#11495 = CARTESIAN_POINT ( 'NONE',  ( -10.11219725895064059, 21.19999999999999929, 7.263125500384349564 ) ) ;
#11496 = EDGE_LOOP ( 'NONE', ( #3122, #488, #1077, #2263 ) ) ;
#11497 = ORIENTED_EDGE ( 'NONE', *, *, #2342, .F. ) ;
#11498 = ORIENTED_EDGE ( 'NONE', *, *, #4730, .T. ) ;
#11499 = ORIENTED_EDGE ( 'NONE', *, *, #1459, .T. ) ;
#11500 = MECHANICAL_DESIGN_GEOMETRIC_PRESENTATION_REPRESENTATION (  '', ( #6890 ), #3666 ) ;
#11501 = LINE ( 'NONE', #10673, #10858 ) ;
#11502 = ORIENTED_EDGE ( 'NONE', *, *, #8410, .F. ) ;
#11503 = LINE ( 'NONE', #6794, #11202 ) ;
#11504 = LINE ( 'NONE', #95, #8241 ) ;
#11505 = EDGE_CURVE ( 'NONE', #2935, #1078, #9330, .T. ) ;
#11506 = DIRECTION ( 'NONE',  ( 0.000000000000000000, 0.000000000000000000, 1.000000000000000000 ) ) ;
#11507 = PRESENTATION_STYLE_ASSIGNMENT (( #5188 ) ) ;
#11508 = VERTEX_POINT ( 'NONE', #992 ) ;
#11509 = VECTOR ( 'NONE', #4755, 1000.000000000000000 ) ;
#11510 = VECTOR ( 'NONE', #12358, 1000.000000000000000 ) ;
#11511 = VERTEX_POINT ( 'NONE', #6557 ) ;
#11512 = DIRECTION ( 'NONE',  ( -1.000000000000000000, -9.843573744019160371E-15, 0.000000000000000000 ) ) ;
#11513 = SURFACE_STYLE_USAGE ( .BOTH. , #7694 ) ;
#11514 = CARTESIAN_POINT ( 'NONE',  ( -7.849999999999999645, -3.000000000000000000, -7.000000000000000000 ) ) ;
#11515 = STYLED_ITEM ( 'NONE', ( #10778 ), #4458 ) ;
#11516 = DIRECTION ( 'NONE',  ( 0.000000000000000000, 0.000000000000000000, 1.000000000000000000 ) ) ;
#11517 = CARTESIAN_POINT ( 'NONE',  ( 0.4499999999997699729, -1.116781983786053914E-14, 6.799999999999999822 ) ) ;
#11518 = CARTESIAN_POINT ( 'NONE',  ( 10.11464466094068015, 21.19999999999999929, 5.500000000000079048 ) ) ;
#11519 = ADVANCED_FACE ( 'NONE', ( #9521 ), #10318, .T. ) ;
#11520 = UNCERTAINTY_MEASURE_WITH_UNIT (LENGTH_MEASURE( 1.000000000000000082E-05 ), #3861, 'distance_accuracy_value', 'NONE');
#11521 = EDGE_CURVE ( 'NONE', #7117, #8785, #12344, .T. ) ;
#11522 = MECHANICAL_DESIGN_GEOMETRIC_PRESENTATION_REPRESENTATION (  '', ( #7919 ), #708 ) ;
#11523 = LINE ( 'NONE', #3661, #11938 ) ;
#11524 = CARTESIAN_POINT ( 'NONE',  ( 0.000000000000000000, 10.00000000000000000, 7.299999999999999822 ) ) ;
#11525 = ORIENTED_EDGE ( 'NONE', *, *, #5396, .T. ) ;
#11526 = CIRCLE ( 'NONE', #12129, 0.8999999999999780398 ) ;
#11527 = FILL_AREA_STYLE_COLOUR ( '', #9699 ) ;
#11528 = VERTEX_POINT ( 'NONE', #5924 ) ;
#11529 = CARTESIAN_POINT ( 'NONE',  ( 2.850000000000000089, 0.5500000000000000444, -4.500000000000000000 ) ) ;
#11530 = CARTESIAN_POINT ( 'NONE',  ( -4.469323853433955662, 2.084079939631069855, 6.799999999999999822 ) ) ;
#11531 = CARTESIAN_POINT ( 'NONE',  ( 6.251007244774280380, 15.61114145480049942, -4.599999999999999645 ) ) ;
#11532 = VECTOR ( 'NONE', #6820, 1000.000000000000000 ) ;
#11533 = EDGE_CURVE ( 'NONE', #4887, #2850, #4100, .T. ) ;
#11534 = PLANE ( 'NONE',  #942 ) ;
#11535 = DIRECTION ( 'NONE',  ( 0.000000000000000000, 1.000000000000000000, 0.000000000000000000 ) ) ;
#11536 = DIRECTION ( 'NONE',  ( 1.000000000000000000, 0.000000000000000000, 0.000000000000000000 ) ) ;
#11537 = ORIENTED_EDGE ( 'NONE', *, *, #8157, .T. ) ;
#11538 = ORIENTED_EDGE ( 'NONE', *, *, #2630, .F. ) ;
#11539 = DIRECTION ( 'NONE',  ( -0.000000000000000000, 1.000000000000000000, 0.000000000000000000 ) ) ;
#11540 = VERTEX_POINT ( 'NONE', #11578 ) ;
#11541 = EDGE_LOOP ( 'NONE', ( #6879, #84, #5829, #1938 ) ) ;
#11542 = CARTESIAN_POINT ( 'NONE',  ( 7.849999999999999645, 14.90000000000011937, -9.549747468305820775 ) ) ;
#11543 = PLANE ( 'NONE',  #6667 ) ;
#11544 = CARTESIAN_POINT ( 'NONE',  ( 2.755890891981089956E-14, 6.500000000000000000, -1.199999999999999956 ) ) ;
#11545 = SURFACE_STYLE_FILL_AREA ( #9611 ) ;
#11546 = DIRECTION ( 'NONE',  ( 0.9063077870366494926, 0.4226182617407002740, 0.000000000000000000 ) ) ;
#11547 = TOROIDAL_SURFACE ( 'NONE', #10136, 7.299999999999999822, 0.2000000000000000111 ) ;
#11548 =( NAMED_UNIT ( * ) PLANE_ANGLE_UNIT ( ) SI_UNIT ( $, .RADIAN. ) );
#11549 = FILL_AREA_STYLE_COLOUR ( '', #10383 ) ;
#11550 = DIRECTION ( 'NONE',  ( -1.000000000000000000, 0.000000000000000000, 0.000000000000000000 ) ) ;
#11551 = EDGE_LOOP ( 'NONE', ( #11225, #6353, #1825, #1789 ) ) ;
#11552 = ORIENTED_EDGE ( 'NONE', *, *, #2995, .F. ) ;
#11553 = ORIENTED_EDGE ( 'NONE', *, *, #8916, .T. ) ;
#11554 = ORIENTED_EDGE ( 'NONE', *, *, #8090, .T. ) ;
#11555 = VECTOR ( 'NONE', #12235, 1000.000000000000000 ) ;
#11556 = EDGE_CURVE ( 'NONE', #9682, #12315, #9826, .T. ) ;
#11557 = DIRECTION ( 'NONE',  ( 0.000000000000000000, 1.000000000000000000, 0.000000000000000000 ) ) ;
#11558 = EDGE_LOOP ( 'NONE', ( #2015, #6832, #6771, #10483 ) ) ;
#11559 = SURFACE_STYLE_FILL_AREA ( #9629 ) ;
#11560 = CARTESIAN_POINT ( 'NONE',  ( 0.000000000000000000, 10.00000000000000000, 7.299999999999999822 ) ) ;
#11561 = CARTESIAN_POINT ( 'NONE',  ( -4.265774538051229747, 9.147983018184300263, -1.199999999999999956 ) ) ;
#11562 = AXIS2_PLACEMENT_3D ( 'NONE', #9582, #3848, #5794 ) ;
#11563 = SURFACE_STYLE_USAGE ( .BOTH. , #12395 ) ;
#11564 = CARTESIAN_POINT ( 'NONE',  ( 7.849999999999999645, -3.000000000000000000, -7.500000000000000000 ) ) ;
#11565 = PRESENTATION_LAYER_ASSIGNMENT (  '', '', ( #3531 ) ) ;
#11566 = EDGE_LOOP ( 'NONE', ( #11795, #4507, #12335, #1640 ) ) ;
#11567 = VECTOR ( 'NONE', #3893, 1000.000000000000000 ) ;
#11568 = EDGE_CURVE ( 'NONE', #521, #4058, #7759, .T. ) ;
#11569 = ORIENTED_EDGE ( 'NONE', *, *, #3380, .T. ) ;
#11570 = PLANE ( 'NONE',  #10409 ) ;
#11571 = AXIS2_PLACEMENT_3D ( 'NONE', #12082, #12026, #665 ) ;
#11572 = LINE ( 'NONE', #11631, #7850 ) ;
#11573 = CARTESIAN_POINT ( 'NONE',  ( 4.336808689942014778E-16, 1.949999999999999956, 7.299999999999999822 ) ) ;
#11574 = DIRECTION ( 'NONE',  ( -2.409338161078900167E-16, 1.000000000000000000, 0.000000000000000000 ) ) ;
#11575 = DIRECTION ( 'NONE',  ( 2.409338161078775428E-16, 1.000000000000000000, 0.000000000000000000 ) ) ;
#11576 = CARTESIAN_POINT ( 'NONE',  ( -10.09999999999999964, 8.900000000000000355, 7.500000000000000000 ) ) ;
#11577 = DIRECTION ( 'NONE',  ( 0.000000000000000000, 0.000000000000000000, -1.000000000000000000 ) ) ;
#11578 = CARTESIAN_POINT ( 'NONE',  ( -2.366431913239659846, 3.200000000000000178, -3.900000000000090061 ) ) ;
#11579 = PRESENTATION_LAYER_ASSIGNMENT (  '', '', ( #10171 ) ) ;
#11580 = DIRECTION ( 'NONE',  ( 0.000000000000000000, 2.168404344971015031E-16, -1.000000000000000000 ) ) ;
#11581 = ORIENTED_EDGE ( 'NONE', *, *, #8454, .T. ) ;
#11582 = LINE ( 'NONE', #10703, #4275 ) ;
#11583 = ADVANCED_FACE ( 'NONE', ( #7821 ), #10760, .T. ) ;
#11584 = ORIENTED_EDGE ( 'NONE', *, *, #1181, .F. ) ;
#11585 = SURFACE_STYLE_FILL_AREA ( #8896 ) ;
#11586 = LINE ( 'NONE', #8026, #5421 ) ;
#11587 = VECTOR ( 'NONE', #5808, 1000.000000000000000 ) ;
#11588 = DIRECTION ( 'NONE',  ( -3.942553354492745404E-15, -2.414357261555910084E-44, -1.000000000000000000 ) ) ;
#11589 = CIRCLE ( 'NONE', #8795, 1.750000000000001554 ) ;
#11590 = DIRECTION ( 'NONE',  ( 9.925400323074660971E-15, -1.000000000000000000, -8.054073281320982040E-15 ) ) ;
#11591 = VECTOR ( 'NONE', #8749, 1000.000000000000000 ) ;
#11592 = CARTESIAN_POINT ( 'NONE',  ( -10.11464466094063930, 21.39999999999999858, 5.750000000000110134 ) ) ;
#11593 = ORIENTED_EDGE ( 'NONE', *, *, #316, .T. ) ;
#11594 = VECTOR ( 'NONE', #3156, 1000.000000000000000 ) ;
#11595 = VERTEX_POINT ( 'NONE', #10567 ) ;
#11596 = SURFACE_STYLE_USAGE ( .BOTH. , #10783 ) ;
#11597 = EDGE_LOOP ( 'NONE', ( #9362, #7399, #2453, #11305 ) ) ;
#11598 = EDGE_CURVE ( 'NONE', #7857, #11020, #7888, .T. ) ;
#11599 = ORIENTED_EDGE ( 'NONE', *, *, #6458, .F. ) ;
#11600 = EDGE_CURVE ( 'NONE', #1874, #2850, #11839, .T. ) ;
#11601 = CARTESIAN_POINT ( 'NONE',  ( -3.000000000000000000, -2.401009032218154537, 5.100000000000000533 ) ) ;
#11602 = DIRECTION ( 'NONE',  ( 1.000000000000000000, 0.000000000000000000, 0.000000000000000000 ) ) ;
#11603 = DIRECTION ( 'NONE',  ( 0.000000000000000000, 0.000000000000000000, 1.000000000000000000 ) ) ;
#11604 = PRESENTATION_LAYER_ASSIGNMENT (  '', '', ( #4183 ) ) ;
#11605 = LINE ( 'NONE', #8727, #1149 ) ;
#11606 = LINE ( 'NONE', #2763, #10568 ) ;
#11607 = MECHANICAL_DESIGN_GEOMETRIC_PRESENTATION_REPRESENTATION (  '', ( #6206 ), #4586 ) ;
#11608 = DIRECTION ( 'NONE',  ( 0.000000000000000000, 7.434529182757739281E-15, -1.000000000000000000 ) ) ;
#11609 = FACE_OUTER_BOUND ( 'NONE', #8922, .T. ) ;
#11610 = ORIENTED_EDGE ( 'NONE', *, *, #1756, .T. ) ;
#11611 = ORIENTED_EDGE ( 'NONE', *, *, #12284, .F. ) ;
#11612 = EDGE_LOOP ( 'NONE', ( #3653, #3121, #10277, #9348 ) ) ;
#11613 = ORIENTED_EDGE ( 'NONE', *, *, #6362, .F. ) ;
#11614 = DIRECTION ( 'NONE',  ( 1.000000000000000000, 0.000000000000000000, 0.000000000000000000 ) ) ;
#11615 = AXIS2_PLACEMENT_3D ( 'NONE', #7469, #3553, #4742 ) ;
#11616 = STYLED_ITEM ( 'NONE', ( #2711 ), #9267 ) ;
#11617 = ORIENTED_EDGE ( 'NONE', *, *, #8134, .T. ) ;
#11618 = CARTESIAN_POINT ( 'NONE',  ( -10.15000000000017977, 17.02499999999999858, -11.24999999999986144 ) ) ;
#11619 = CARTESIAN_POINT ( 'NONE',  ( -3.500000000000000000, -7.828123272804930129E-16, 7.299999999999999822 ) ) ;
#11620 = CARTESIAN_POINT ( 'NONE',  ( 10.34999999999999964, 8.900000000000000355, 5.700000000000000178 ) ) ;
#11621 = CARTESIAN_POINT ( 'NONE',  ( 7.500000000000000000, 0.000000000000000000, -0.2000000000000000111 ) ) ;
#11622 =( NAMED_UNIT ( * ) SI_UNIT ( $, .STERADIAN. ) SOLID_ANGLE_UNIT ( ) );
#11623 = CARTESIAN_POINT ( 'NONE',  ( 0.000000000000000000, 10.00000000000000000, 7.250000000000000000 ) ) ;
#11624 = LINE ( 'NONE', #3022, #12341 ) ;
#11625 = EDGE_CURVE ( 'NONE', #4988, #9335, #2045, .T. ) ;
#11626 = LINE ( 'NONE', #5911, #1586 ) ;
#11627 = ORIENTED_EDGE ( 'NONE', *, *, #6611, .F. ) ;
#11628 = ORIENTED_EDGE ( 'NONE', *, *, #12317, .T. ) ;
#11629 = CARTESIAN_POINT ( 'NONE',  ( 4.385349954919130155, 12.08142318451944064, -1.199999999999999956 ) ) ;
#11630 = PRESENTATION_STYLE_ASSIGNMENT (( #4030 ) ) ;
#11631 = CARTESIAN_POINT ( 'NONE',  ( -7.150000000000000355, 3.200000000000000178, -4.500000000000000000 ) ) ;
#11632 = PLANE ( 'NONE',  #2188 ) ;
#11633 = VECTOR ( 'NONE', #9653, 1000.000000000000000 ) ;
#11634 = DIRECTION ( 'NONE',  ( 0.000000000000000000, 0.000000000000000000, 1.000000000000000000 ) ) ;
#11635 = CARTESIAN_POINT ( 'NONE',  ( 0.3499999999999999778, 3.200000000000000178, -4.500000000000000000 ) ) ;
#11636 = CARTESIAN_POINT ( 'NONE',  ( -7.349999999999999645, 2.700000000000000178, 7.500000000000000000 ) ) ;
#11637 = FACE_OUTER_BOUND ( 'NONE', #1999, .T. ) ;
#11638 = LINE ( 'NONE', #3038, #5156 ) ;
#11639 = CARTESIAN_POINT ( 'NONE',  ( -0.9413803641798629274, 13.68737257913410055, 6.799999999999999822 ) ) ;
#11640 = EDGE_CURVE ( 'NONE', #10090, #9229, #2172, .T. ) ;
#11641 = ORIENTED_EDGE ( 'NONE', *, *, #7519, .T. ) ;
#11642 = CIRCLE ( 'NONE', #6242, 7.200000000000000178 ) ;
#11643 = DIRECTION ( 'NONE',  ( -1.253297255179871903E-29, 1.000000000000000000, 2.103407175254375144E-44 ) ) ;
#11644 = ADVANCED_FACE ( 'NONE', ( #5030 ), #3976, .F. ) ;
#11645 = VERTEX_POINT ( 'NONE', #1308 ) ;
#11646 = CARTESIAN_POINT ( 'NONE',  ( -9.637352644315598615E-14, 12.50000000000000000, 6.799999999999999822 ) ) ;
#11647 = DIRECTION ( 'NONE',  ( -1.000000000000000000, 0.000000000000000000, 0.000000000000000000 ) ) ;
#11648 = DIRECTION ( 'NONE',  ( 0.000000000000000000, 7.589415207398510528E-15, -1.000000000000000000 ) ) ;
#11649 = CARTESIAN_POINT ( 'NONE',  ( 6.550000000000000711, 2.700000000000000178, 7.299999999999999822 ) ) ;
#11650 = FACE_OUTER_BOUND ( 'NONE', #11308, .T. ) ;
#11651 = DIRECTION ( 'NONE',  ( 0.000000000000000000, 0.000000000000000000, 1.000000000000000000 ) ) ;
#11652 = PRESENTATION_LAYER_ASSIGNMENT (  '', '', ( #6043 ) ) ;
#11653 = CIRCLE ( 'NONE', #10643, 0.7999999999999994893 ) ;
#11654 =( NAMED_UNIT ( * ) PLANE_ANGLE_UNIT ( ) SI_UNIT ( $, .RADIAN. ) );
#11655 = DIRECTION ( 'NONE',  ( 0.000000000000000000, 0.000000000000000000, 1.000000000000000000 ) ) ;
#11656 = ADVANCED_FACE ( 'NONE', ( #5102 ), #353, .F. ) ;
#11657 = CARTESIAN_POINT ( 'NONE',  ( -10.05000000000022098, 21.19999999999999929, 5.700000000000070344 ) ) ;
#11658 = ORIENTED_EDGE ( 'NONE', *, *, #9219, .F. ) ;
#11659 = VERTEX_POINT ( 'NONE', #1054 ) ;
#11660 = ORIENTED_EDGE ( 'NONE', *, *, #3535, .T. ) ;
#11661 = CARTESIAN_POINT ( 'NONE',  ( -1.734723475976809855E-15, 8.469050932245259320E-16, -2.699999999999950440 ) ) ;
#11662 = ORIENTED_EDGE ( 'NONE', *, *, #8003, .T. ) ;
#11663 = AXIS2_PLACEMENT_3D ( 'NONE', #4832, #8864, #10608 ) ;
#11664 = VERTEX_POINT ( 'NONE', #110 ) ;
#11665 = DIRECTION ( 'NONE',  ( 0.000000000000000000, 0.000000000000000000, -1.000000000000000000 ) ) ;
#11666 = FACE_BOUND ( 'NONE', #5539, .T. ) ;
#11667 = COLOUR_RGB ( '',0.2509803921568627416, 0.2509803921568627416, 0.2509803921568627416 ) ;
#11668 = CARTESIAN_POINT ( 'NONE',  ( -8.400000000000099831, 8.599999999999999645, -4.599999999999999645 ) ) ;
#11669 = FACE_OUTER_BOUND ( 'NONE', #12070, .T. ) ;
#11670 = DIRECTION ( 'NONE',  ( 1.000000000000000000, 0.000000000000000000, 0.000000000000000000 ) ) ;
#11671 = FILL_AREA_STYLE ('',( #8790 ) ) ;
#11672 = EDGE_CURVE ( 'NONE', #7434, #11236, #11638, .T. ) ;
#11673 = FACE_OUTER_BOUND ( 'NONE', #3913, .T. ) ;
#11674 =( GEOMETRIC_REPRESENTATION_CONTEXT ( 3 ) GLOBAL_UNCERTAINTY_ASSIGNED_CONTEXT ( ( #6256 ) ) GLOBAL_UNIT_ASSIGNED_CONTEXT ( ( #5698, #7421, #7357 ) ) REPRESENTATION_CONTEXT ( 'NONE', 'WORKASPACE' ) );
#11675 = LINE ( 'NONE', #2141, #11371 ) ;
#11676 = EDGE_CURVE ( 'NONE', #3561, #10516, #4357, .T. ) ;
#11677 = ADVANCED_FACE ( 'NONE', ( #9198 ), #8254, .T. ) ;
#11678 = STYLED_ITEM ( 'NONE', ( #568 ), #7825 ) ;
#11679 = VECTOR ( 'NONE', #899, 1000.000000000000000 ) ;
#11680 = ORIENTED_EDGE ( 'NONE', *, *, #1435, .F. ) ;
#11681 = ORIENTED_EDGE ( 'NONE', *, *, #8892, .F. ) ;
#11682 = ORIENTED_EDGE ( 'NONE', *, *, #6133, .F. ) ;
#11683 = ORIENTED_EDGE ( 'NONE', *, *, #356, .T. ) ;
#11684 = CARTESIAN_POINT ( 'NONE',  ( 3.499999638942034696, 10.00158978159489997, 6.799999999999999822 ) ) ;
#11685 = AXIS2_PLACEMENT_3D ( 'NONE', #179, #9719, #2806 ) ;
#11686 = LINE ( 'NONE', #3013, #5031 ) ;
#11687 = VERTEX_POINT ( 'NONE', #3224 ) ;
#11688 = VECTOR ( 'NONE', #10293, 999.9999999999998863 ) ;
#11689 = CYLINDRICAL_SURFACE ( 'NONE', #4233, 0.04999999999999991257 ) ;
#11690 = DIRECTION ( 'NONE',  ( -1.000000000000000000, 0.000000000000000000, 3.718869191154470885E-15 ) ) ;
#11691 = CARTESIAN_POINT ( 'NONE',  ( 0.4500000000000279887, 5.720577136594029888, -1.199999999999999956 ) ) ;
#11692 = LINE ( 'NONE', #10746, #2754 ) ;
#11693 = EDGE_CURVE ( 'NONE', #1218, #8543, #7574, .T. ) ;
#11694 = CARTESIAN_POINT ( 'NONE',  ( -3.000000000000000000, 1.899999999999999911, 5.100000000000000533 ) ) ;
#11695 = LINE ( 'NONE', #7064, #5400 ) ;
#11696 = STYLED_ITEM ( 'NONE', ( #7724 ), #8578 ) ;
#11697 = VERTEX_POINT ( 'NONE', #3471 ) ;
#11698 = ORIENTED_EDGE ( 'NONE', *, *, #10258, .F. ) ;
#11699 = FILL_AREA_STYLE_COLOUR ( '', #7424 ) ;
#11700 = DIRECTION ( 'NONE',  ( 0.4226182617407010511, -0.9063077870366492705, 0.000000000000000000 ) ) ;
#11701 = SURFACE_STYLE_FILL_AREA ( #5791 ) ;
#11702 = CARTESIAN_POINT ( 'NONE',  ( -5.349999999999999645, -3.000000000000000000, -4.500000000000000000 ) ) ;
#11703 = PLANE ( 'NONE',  #5626 ) ;
#11704 = VECTOR ( 'NONE', #1345, 1000.000000000000000 ) ;
#11705 = TOROIDAL_SURFACE ( 'NONE', #3279, 7.250000000000000000, 0.05000000000000000278 ) ;
#11706 = DIRECTION ( 'NONE',  ( 0.000000000000000000, 0.000000000000000000, 1.000000000000000000 ) ) ;
#11707 = CARTESIAN_POINT ( 'NONE',  ( 2.000000000000000000, -3.500000000000000000, 4.899999999999999467 ) ) ;
#11708 = DIRECTION ( 'NONE',  ( 0.000000000000000000, 1.000000000000000000, 0.000000000000000000 ) ) ;
#11709 = DIRECTION ( 'NONE',  ( 0.000000000000000000, 0.000000000000000000, 1.000000000000000000 ) ) ;
#11710 =( LENGTH_UNIT ( ) NAMED_UNIT ( * ) SI_UNIT ( .MILLI., .METRE. ) );
#11711 = VECTOR ( 'NONE', #5502, 1000.000000000000114 ) ;
#11712 = ORIENTED_EDGE ( 'NONE', *, *, #11885, .F. ) ;
#11713 = UNCERTAINTY_MEASURE_WITH_UNIT (LENGTH_MEASURE( 1.000000000000000082E-05 ), #8484, 'distance_accuracy_value', 'NONE');
#11714 = DIRECTION ( 'NONE',  ( 9.925400323074660971E-15, -1.000000000000000000, 0.000000000000000000 ) ) ;
#11715 = VECTOR ( 'NONE', #7349, 1000.000000000000000 ) ;
#11716 = EDGE_LOOP ( 'NONE', ( #2952, #7553, #6477, #6520 ) ) ;
#11717 = CYLINDRICAL_SURFACE ( 'NONE', #43, 1.099999999999999423 ) ;
#11718 = LINE ( 'NONE', #5934, #930 ) ;
#11719 = SURFACE_SIDE_STYLE ('',( #10638 ) ) ;
#11720 = EDGE_CURVE ( 'NONE', #8181, #12135, #10560, .T. ) ;
#11721 = DIRECTION ( 'NONE',  ( 0.000000000000000000, 0.000000000000000000, -1.000000000000000000 ) ) ;
#11722 = DIRECTION ( 'NONE',  ( 2.282530889443169980E-16, 1.000000000000000000, 0.000000000000000000 ) ) ;
#11723 = AXIS2_PLACEMENT_3D ( 'NONE', #9942, #11700, #10754 ) ;
#11724 = CARTESIAN_POINT ( 'NONE',  ( 0.000000000000000000, 0.000000000000000000, -1.199999999999999956 ) ) ;
#11725 = CARTESIAN_POINT ( 'NONE',  ( 10.14999999999999858, 8.599999999999999645, 5.700000000000000178 ) ) ;
#11726 =( GEOMETRIC_REPRESENTATION_CONTEXT ( 3 ) GLOBAL_UNCERTAINTY_ASSIGNED_CONTEXT ( ( #5247 ) ) GLOBAL_UNIT_ASSIGNED_CONTEXT ( ( #5488, #501, #11974 ) ) REPRESENTATION_CONTEXT ( 'NONE', 'WORKASPACE' ) );
#11727 = CARTESIAN_POINT ( 'NONE',  ( -10.34999999999999964, 8.900000000000000355, 5.700000000000000178 ) ) ;
#11728 = ORIENTED_EDGE ( 'NONE', *, *, #7701, .T. ) ;
#11729 = ORIENTED_EDGE ( 'NONE', *, *, #1489, .F. ) ;
#11730 = VERTEX_POINT ( 'NONE', #7321 ) ;
#11731 = ORIENTED_EDGE ( 'NONE', *, *, #588, .F. ) ;
#11732 = MECHANICAL_DESIGN_GEOMETRIC_PRESENTATION_REPRESENTATION (  '', ( #9930 ), #10718 ) ;
#11733 = VERTEX_POINT ( 'NONE', #3412 ) ;
#11734 = DIRECTION ( 'NONE',  ( 0.9063077870366409439, 0.4226182617407188702, 0.000000000000000000 ) ) ;
#11735 = CARTESIAN_POINT ( 'NONE',  ( 0.000000000000000000, 0.000000000000000000, 2.399999999999914646 ) ) ;
#11736 = PRESENTATION_LAYER_ASSIGNMENT (  '', '', ( #5503 ) ) ;
#11737 = LINE ( 'NONE', #2383, #4210 ) ;
#11738 = EDGE_CURVE ( 'NONE', #2947, #9067, #3292, .T. ) ;
#11739 = LINE ( 'NONE', #8591, #3047 ) ;
#11740 = VECTOR ( 'NONE', #10320, 1000.000000000000000 ) ;
#11741 = LINE ( 'NONE', #3129, #11010 ) ;
#11742 = CARTESIAN_POINT ( 'NONE',  ( 5.410704217612619438, 11.60329263950372081, 6.799999999999999822 ) ) ;
#11743 = EDGE_CURVE ( 'NONE', #9489, #10647, #1759, .T. ) ;
#11744 = CYLINDRICAL_SURFACE ( 'NONE', #4725, 0.4999999999999995559 ) ;
#11745 = FILL_AREA_STYLE_COLOUR ( '', #1764 ) ;
#11746 = DIRECTION ( 'NONE',  ( 0.000000000000000000, 7.347064133548829583E-15, -1.000000000000000000 ) ) ;
#11747 = ORIENTED_EDGE ( 'NONE', *, *, #9364, .T. ) ;
#11748 = VECTOR ( 'NONE', #9593, 1000.000000000000000 ) ;
#11749 = VERTEX_POINT ( 'NONE', #10953 ) ;
#11750 = EDGE_LOOP ( 'NONE', ( #8356, #103, #9441, #682 ) ) ;
#11751 = EDGE_LOOP ( 'NONE', ( #7723, #5582, #9488, #902 ) ) ;
#11752 = DIRECTION ( 'NONE',  ( -1.117507638097058054E-14, 1.000000000000000000, 0.000000000000000000 ) ) ;
#11753 = ADVANCED_FACE ( 'NONE', ( #7260 ), #11074, .F. ) ;
#11754 = FACE_OUTER_BOUND ( 'NONE', #5729, .T. ) ;
#11755 = VERTEX_POINT ( 'NONE', #9077 ) ;
#11756 = EDGE_CURVE ( 'NONE', #6260, #4417, #6121, .T. ) ;
#11757 = MECHANICAL_DESIGN_GEOMETRIC_PRESENTATION_REPRESENTATION (  '', ( #4120 ), #2527 ) ;
#11758 = DIRECTION ( 'NONE',  ( 0.000000000000000000, 1.000000000000000000, 0.000000000000000000 ) ) ;
#11759 = CARTESIAN_POINT ( 'NONE',  ( -2.475435743013994827, 6.625688402361389784, 6.799999999999999822 ) ) ;
#11760 = SURFACE_SIDE_STYLE ('',( #9814 ) ) ;
#11761 = CARTESIAN_POINT ( 'NONE',  ( -7.850000000000169287, 16.65000000000000213, 5.700000000000000178 ) ) ;
#11762 = CARTESIAN_POINT ( 'NONE',  ( 0.000000000000000000, 10.00000000000000000, -17.80452084174450178 ) ) ;
#11763 = VECTOR ( 'NONE', #10398, 1000.000000000000000 ) ;
#11764 = EDGE_LOOP ( 'NONE', ( #5345, #7970, #10751, #11904 ) ) ;
#11765 = EDGE_CURVE ( 'NONE', #3179, #6577, #10188, .T. ) ;
#11766 = ORIENTED_EDGE ( 'NONE', *, *, #11907, .T. ) ;
#11767 = EDGE_CURVE ( 'NONE', #1519, #1715, #9256, .T. ) ;
#11768 = AXIS2_PLACEMENT_3D ( 'NONE', #4291, #5357, #482 ) ;
#11769 = CYLINDRICAL_SURFACE ( 'NONE', #9442, 0.5000000000000004441 ) ;
#11770 = CARTESIAN_POINT ( 'NONE',  ( 0.3499999999999999778, 3.200000000000000178, -10.50000000000000000 ) ) ;
#11771 = LINE ( 'NONE', #11012, #35 ) ;
#11772 =( GEOMETRIC_REPRESENTATION_CONTEXT ( 3 ) GLOBAL_UNCERTAINTY_ASSIGNED_CONTEXT ( ( #1400 ) ) GLOBAL_UNIT_ASSIGNED_CONTEXT ( ( #10382, #5610, #6622 ) ) REPRESENTATION_CONTEXT ( 'NONE', 'WORKASPACE' ) );
#11773 = SURFACE_STYLE_FILL_AREA ( #10065 ) ;
#11774 = CARTESIAN_POINT ( 'NONE',  ( -7.150000000000000355, 0.5500000000000000444, -4.500000000000000000 ) ) ;
#11775 = FILL_AREA_STYLE ('',( #4855 ) ) ;
#11776 = CARTESIAN_POINT ( 'NONE',  ( -10.14999999999999858, 8.900000000000000355, -0.1999999999999285127 ) ) ;
#11777 = LINE ( 'NONE', #8016, #6712 ) ;
#11778 = VECTOR ( 'NONE', #3958, 1000.000000000000000 ) ;
#11779 = ORIENTED_EDGE ( 'NONE', *, *, #6591, .F. ) ;
#11780 = FACE_OUTER_BOUND ( 'NONE', #1402, .T. ) ;
#11781 = STYLED_ITEM ( 'NONE', ( #1819 ), #30 ) ;
#11782 = ORIENTED_EDGE ( 'NONE', *, *, #7858, .T. ) ;
#11783 = DIRECTION ( 'NONE',  ( 0.000000000000000000, 7.537786532518270800E-15, -1.000000000000000000 ) ) ;
#11784 = SURFACE_STYLE_USAGE ( .BOTH. , #10770 ) ;
#11785 = ADVANCED_FACE ( 'NONE', ( #7078 ), #9948, .F. ) ;
#11786 = DIRECTION ( 'NONE',  ( 0.000000000000000000, -1.000000000000000000, 0.000000000000000000 ) ) ;
#11787 = SURFACE_SIDE_STYLE ('',( #3299 ) ) ;
#11788 = FACE_OUTER_BOUND ( 'NONE', #2131, .T. ) ;
#11789 = ADVANCED_FACE ( 'NONE', ( #7568 ), #1784, .T. ) ;
#11790 =( NAMED_UNIT ( * ) SI_UNIT ( $, .STERADIAN. ) SOLID_ANGLE_UNIT ( ) );
#11791 = PLANE ( 'NONE',  #10712 ) ;
#11792 = LINE ( 'NONE', #2257, #2410 ) ;
#11793 = ORIENTED_EDGE ( 'NONE', *, *, #1653, .T. ) ;
#11794 = ADVANCED_FACE ( 'NONE', ( #4717 ), #3712, .F. ) ;
#11795 = ORIENTED_EDGE ( 'NONE', *, *, #3433, .F. ) ;
#11796 = VERTEX_POINT ( 'NONE', #2785 ) ;
#11797 = DIRECTION ( 'NONE',  ( 0.000000000000000000, 0.000000000000000000, 1.000000000000000000 ) ) ;
#11798 = ORIENTED_EDGE ( 'NONE', *, *, #1485, .F. ) ;
#11799 = EDGE_LOOP ( 'NONE', ( #2736, #3868, #10785, #11181 ) ) ;
#11800 = CARTESIAN_POINT ( 'NONE',  ( -10.14999999999999858, 3.199999999999900258, -8.849999999999999645 ) ) ;
#11801 = SURFACE_SIDE_STYLE ('',( #6267 ) ) ;
#11802 = STYLED_ITEM ( 'NONE', ( #4821 ), #12062 ) ;
#11803 = CARTESIAN_POINT ( 'NONE',  ( -10.11464466094063930, 20.40000000000000213, 5.500000000000110134 ) ) ;
#11804 = PRESENTATION_STYLE_ASSIGNMENT (( #574 ) ) ;
#11805 =( NAMED_UNIT ( * ) SI_UNIT ( $, .STERADIAN. ) SOLID_ANGLE_UNIT ( ) );
#11806 = CARTESIAN_POINT ( 'NONE',  ( -10.05000000000022098, 21.19999999999999929, 7.200000000000000178 ) ) ;
#11807 = LINE ( 'NONE', #9981, #8148 ) ;
#11808 = AXIS2_PLACEMENT_3D ( 'NONE', #11262, #10134, #10379 ) ;
#11809 = FILL_AREA_STYLE_COLOUR ( '', #4761 ) ;
#11810 = COLOUR_RGB ( '',0.2509803921568627416, 0.2509803921568627416, 0.2509803921568627416 ) ;
#11811 = DIRECTION ( 'NONE',  ( 0.000000000000000000, -1.000000000000000000, -7.347064133548829583E-15 ) ) ;
#11812 = ORIENTED_EDGE ( 'NONE', *, *, #6612, .T. ) ;
#11813 = ADVANCED_FACE ( 'NONE', ( #8554 ), #11446, .F. ) ;
#11814 = CIRCLE ( 'NONE', #10579, 7.299999999999999822 ) ;
#11815 = VERTEX_POINT ( 'NONE', #12205 ) ;
#11816 = ORIENTED_EDGE ( 'NONE', *, *, #11505, .F. ) ;
#11817 = ORIENTED_EDGE ( 'NONE', *, *, #7392, .F. ) ;
#11818 = DIRECTION ( 'NONE',  ( 0.000000000000000000, 2.168404344971015031E-16, -1.000000000000000000 ) ) ;
#11819 = ADVANCED_FACE ( 'NONE', ( #10497 ), #6607, .T. ) ;
#11820 = FACE_OUTER_BOUND ( 'NONE', #8468, .T. ) ;
#11821 = VERTEX_POINT ( 'NONE', #1967 ) ;
#11822 =( GEOMETRIC_REPRESENTATION_CONTEXT ( 3 ) GLOBAL_UNCERTAINTY_ASSIGNED_CONTEXT ( ( #10510 ) ) GLOBAL_UNIT_ASSIGNED_CONTEXT ( ( #5718, #6335, #2336 ) ) REPRESENTATION_CONTEXT ( 'NONE', 'WORKASPACE' ) );
#11823 = AXIS2_PLACEMENT_3D ( 'NONE', #7766, #6819, #10636 ) ;
#11824 = DIRECTION ( 'NONE',  ( 0.000000000000000000, 0.000000000000000000, 1.000000000000000000 ) ) ;
#11825 = DIRECTION ( 'NONE',  ( -4.962700161537330485E-15, 1.000000000000000000, 0.000000000000000000 ) ) ;
#11826 = PLANE ( 'NONE',  #8523 ) ;
#11827 = ADVANCED_FACE ( 'NONE', ( #3145 ), #10683, .F. ) ;
#11828 = AXIS2_PLACEMENT_3D ( 'NONE', #11344, #2747, #5442 ) ;
#11829 = UNCERTAINTY_MEASURE_WITH_UNIT (LENGTH_MEASURE( 1.000000000000000082E-05 ), #9883, 'distance_accuracy_value', 'NONE');
#11830 = ORIENTED_EDGE ( 'NONE', *, *, #10932, .T. ) ;
#11831 = ORIENTED_EDGE ( 'NONE', *, *, #8668, .T. ) ;
#11832 = PRESENTATION_STYLE_ASSIGNMENT (( #6113 ) ) ;
#11833 = CARTESIAN_POINT ( 'NONE',  ( 10.05000000000000071, 8.900000000000000355, 7.500000000000000000 ) ) ;
#11834 =( NAMED_UNIT ( * ) PLANE_ANGLE_UNIT ( ) SI_UNIT ( $, .RADIAN. ) );
#11835 = CARTESIAN_POINT ( 'NONE',  ( 10.10488155364689966, 21.17609933293815061, 7.294611345180489259 ) ) ;
#11836 = CARTESIAN_POINT ( 'NONE',  ( -4.265774538051229747, 9.147983018184300263, 6.799999999999999822 ) ) ;
#11837 = DIRECTION ( 'NONE',  ( 0.9063077870366409439, 0.4226182617407188702, 0.000000000000000000 ) ) ;
#11838 = CIRCLE ( 'NONE', #23, 0.9000000000000301092 ) ;
#11839 = LINE ( 'NONE', #8947, #5963 ) ;
#11840 = DIRECTION ( 'NONE',  ( 9.796085511398439970E-15, -1.000000000000000000, -7.755234363190432366E-15 ) ) ;
#11841 = EDGE_CURVE ( 'NONE', #6786, #11239, #9373, .T. ) ;
#11842 = EDGE_CURVE ( 'NONE', #6094, #5710, #10616, .T. ) ;
#11843 = UNCERTAINTY_MEASURE_WITH_UNIT (LENGTH_MEASURE( 1.000000000000000082E-05 ), #5423, 'distance_accuracy_value', 'NONE');
#11844 = LINE ( 'NONE', #6413, #11688 ) ;
#11845 = PRESENTATION_LAYER_ASSIGNMENT (  '', '', ( #1619 ) ) ;
#11846 = VECTOR ( 'NONE', #2427, 1000.000000000000000 ) ;
#11847 = ORIENTED_EDGE ( 'NONE', *, *, #7498, .T. ) ;
#11848 = FILL_AREA_STYLE_COLOUR ( '', #3902 ) ;
#11849 = CARTESIAN_POINT ( 'NONE',  ( -1.025354262694691876, 0.4781305450164100024, -1.199999999999999956 ) ) ;
#11850 =( NAMED_UNIT ( * ) SI_UNIT ( $, .STERADIAN. ) SOLID_ANGLE_UNIT ( ) );
#11851 = CARTESIAN_POINT ( 'NONE',  ( 0.4499999999997699729, -1.116781983786053914E-14, -1.199999999999999956 ) ) ;
#11852 = LINE ( 'NONE', #2430, #9021 ) ;
#11853 = AXIS2_PLACEMENT_3D ( 'NONE', #1422, #601, #3406 ) ;
#11854 = MANIFOLD_SOLID_BREP ( 'NONE', #1955 ) ;
#11855 = EDGE_CURVE ( 'NONE', #10350, #2950, #7595, .T. ) ;
#11856 = VECTOR ( 'NONE', #8808, 1000.000000000000000 ) ;
#11857 = SURFACE_STYLE_FILL_AREA ( #11977 ) ;
#11858 = ORIENTED_EDGE ( 'NONE', *, *, #243, .F. ) ;
#11859 = ORIENTED_EDGE ( 'NONE', *, *, #2291, .F. ) ;
#11860 = ORIENTED_EDGE ( 'NONE', *, *, #2759, .T. ) ;
#11861 = ORIENTED_EDGE ( 'NONE', *, *, #9405, .F. ) ;
#11862 = FACE_OUTER_BOUND ( 'NONE', #2083, .T. ) ;
#11863 = DIRECTION ( 'NONE',  ( 1.000000000000000000, 0.000000000000000000, 0.000000000000000000 ) ) ;
#11864 = DIRECTION ( 'NONE',  ( -1.000000000000000000, 0.000000000000000000, 0.000000000000000000 ) ) ;
#11865 = VECTOR ( 'NONE', #6733, 1000.000000000000000 ) ;
#11866 =( LENGTH_UNIT ( ) NAMED_UNIT ( * ) SI_UNIT ( .MILLI., .METRE. ) );
#11867 = DIRECTION ( 'NONE',  ( 1.000000000000000000, 1.298436238251450266E-29, 0.000000000000000000 ) ) ;
#11868 = VECTOR ( 'NONE', #2739, 1000.000000000000114 ) ;
#11869 = CARTESIAN_POINT ( 'NONE',  ( -1.300000000000000044, 15.75499782797525050, -3.200000000000084999 ) ) ;
#11870 = PRESENTATION_STYLE_ASSIGNMENT (( #3322 ) ) ;
#11871 =( NAMED_UNIT ( * ) PLANE_ANGLE_UNIT ( ) SI_UNIT ( $, .RADIAN. ) );
#11872 = SURFACE_SIDE_STYLE ('',( #5003 ) ) ;
#11873 = DIRECTION ( 'NONE',  ( 2.282530889443169980E-16, 1.000000000000000000, 0.000000000000000000 ) ) ;
#11874 =( GEOMETRIC_REPRESENTATION_CONTEXT ( 3 ) GLOBAL_UNCERTAINTY_ASSIGNED_CONTEXT ( ( #1379 ) ) GLOBAL_UNIT_ASSIGNED_CONTEXT ( ( #6032, #5077, #5901 ) ) REPRESENTATION_CONTEXT ( 'NONE', 'WORKASPACE' ) );
#11875 = SURFACE_STYLE_USAGE ( .BOTH. , #3497 ) ;
#11876 = ORIENTED_EDGE ( 'NONE', *, *, #7239, .T. ) ;
#11877 = AXIS2_PLACEMENT_3D ( 'NONE', #4959, #7742, #3831 ) ;
#11878 = EDGE_LOOP ( 'NONE', ( #1060, #11466 ) ) ;
#11879 = EDGE_LOOP ( 'NONE', ( #11553, #1023, #1416, #1940 ) ) ;
#11880 = ORIENTED_EDGE ( 'NONE', *, *, #11885, .T. ) ;
#11881 = DIRECTION ( 'NONE',  ( -0.000000000000000000, 1.000000000000000000, 0.000000000000000000 ) ) ;
#11883 = ORIENTED_EDGE ( 'NONE', *, *, #8018, .F. ) ;
#11882 = UNCERTAINTY_MEASURE_WITH_UNIT (LENGTH_MEASURE( 1.000000000000000082E-05 ), #11219, 'distance_accuracy_value', 'NONE');
#11884 = COLOUR_RGB ( '',0.2509803921568627416, 0.2509803921568627416, 0.2509803921568627416 ) ;
#11885 = EDGE_CURVE ( 'NONE', #10090, #6201, #4842, .T. ) ;
#11886 = STYLED_ITEM ( 'NONE', ( #3808 ), #7717 ) ;
#11887 =( NAMED_UNIT ( * ) SI_UNIT ( $, .STERADIAN. ) SOLID_ANGLE_UNIT ( ) );
#11888 = FACE_OUTER_BOUND ( 'NONE', #3870, .T. ) ;
#11889 = SURFACE_SIDE_STYLE ('',( #11175 ) ) ;
#11890 = CIRCLE ( 'NONE', #8084, 0.8000000000000003775 ) ;
#11891 = ORIENTED_EDGE ( 'NONE', *, *, #5567, .T. ) ;
#11892 = COLOUR_RGB ( '',0.6666666666666666297, 0.6980392156862744724, 0.7686274509803920907 ) ;
#11893 = EDGE_LOOP ( 'NONE', ( #6103, #2509, #3762, #3309 ) ) ;
#11894 = CARTESIAN_POINT ( 'NONE',  ( -7.200000000000000178, 10.00000000000000000, 6.000000000000000000 ) ) ;
#11895 = FILL_AREA_STYLE_COLOUR ( '', #5304 ) ;
#11896 = CARTESIAN_POINT ( 'NONE',  ( -4.396574867224620320, 10.08002995006778058, -1.199999999999999956 ) ) ;
#11897 = DIRECTION ( 'NONE',  ( 1.000000000000000000, 4.962700161537330485E-15, 0.000000000000000000 ) ) ;
#11898 = EDGE_CURVE ( 'NONE', #11528, #11387, #6927, .T. ) ;
#11899 = PLANE ( 'NONE',  #7246 ) ;
#11900 = EDGE_CURVE ( 'NONE', #2396, #5801, #8193, .T. ) ;
#11901 = CARTESIAN_POINT ( 'NONE',  ( -7.849999999999999645, 3.200000000000000178, -4.500000000000000000 ) ) ;
#11902 = STYLED_ITEM ( 'NONE', ( #8704 ), #8078 ) ;
#11903 = CARTESIAN_POINT ( 'NONE',  ( -10.09999999999999964, 8.900000000000000355, 7.299999999999999822 ) ) ;
#11904 = ORIENTED_EDGE ( 'NONE', *, *, #704, .T. ) ;
#11905 = LINE ( 'NONE', #7206, #800 ) ;
#11906 = DIRECTION ( 'NONE',  ( 0.000000000000000000, 0.000000000000000000, -1.000000000000000000 ) ) ;
#11907 = EDGE_CURVE ( 'NONE', #8036, #671, #8569, .T. ) ;
#11908 = VECTOR ( 'NONE', #587, 1000.000000000000000 ) ;
#11909 = LINE ( 'NONE', #5366, #6827 ) ;
#11910 = CARTESIAN_POINT ( 'NONE',  ( 3.500000000000000000, 2.000000000000000000, 7.299999999999999822 ) ) ;
#11911 = EDGE_CURVE ( 'NONE', #9142, #1330, #8871, .T. ) ;
#11912 = DIRECTION ( 'NONE',  ( 0.000000000000000000, 0.000000000000000000, -1.000000000000000000 ) ) ;
#11913 = ADVANCED_FACE ( 'NONE', ( #2958 ), #1381, .F. ) ;
#11914 = DIRECTION ( 'NONE',  ( -1.000000000000000000, -4.962700161537330485E-15, 0.000000000000000000 ) ) ;
#11915 = UNCERTAINTY_MEASURE_WITH_UNIT (LENGTH_MEASURE( 1.000000000000000082E-05 ), #1269, 'distance_accuracy_value', 'NONE');
#11916 = CARTESIAN_POINT ( 'NONE',  ( -0.4500000000000000111, 4.599999999999999645, -1.199999999999999956 ) ) ;
#11917 = DIRECTION ( 'NONE',  ( -6.971475708610980243E-15, 0.000000000000000000, -1.000000000000000000 ) ) ;
#11918 = DIRECTION ( 'NONE',  ( 1.000000000000000000, 0.000000000000000000, 0.000000000000000000 ) ) ;
#11919 = ORIENTED_EDGE ( 'NONE', *, *, #1489, .T. ) ;
#11920 = ORIENTED_EDGE ( 'NONE', *, *, #5685, .T. ) ;
#11921 = UNCERTAINTY_MEASURE_WITH_UNIT (LENGTH_MEASURE( 1.000000000000000082E-05 ), #9507, 'distance_accuracy_value', 'NONE');
#11922 = DIRECTION ( 'NONE',  ( 0.000000000000000000, -1.000000000000000000, -7.537786532518269223E-15 ) ) ;
#11923 = ORIENTED_EDGE ( 'NONE', *, *, #618, .T. ) ;
#11924 = EDGE_CURVE ( 'NONE', #2395, #3328, #3959, .T. ) ;
#11925 = DIRECTION ( 'NONE',  ( 0.000000000000000000, -1.000000000000000000, 0.000000000000000000 ) ) ;
#11926 =( NAMED_UNIT ( * ) SI_UNIT ( $, .STERADIAN. ) SOLID_ANGLE_UNIT ( ) );
#11927 = CIRCLE ( 'NONE', #9510, 0.9000000000000000222 ) ;
#11928 =( NAMED_UNIT ( * ) SI_UNIT ( $, .STERADIAN. ) SOLID_ANGLE_UNIT ( ) );
#11929 = CARTESIAN_POINT ( 'NONE',  ( -8.400000000000108713, 10.00000000000000000, -4.599999999999999645 ) ) ;
#11930 = FILL_AREA_STYLE_COLOUR ( '', #9932 ) ;
#11931 = DIRECTION ( 'NONE',  ( 0.000000000000000000, -1.000000000000000000, 0.000000000000000000 ) ) ;
#11932 = EDGE_CURVE ( 'NONE', #1576, #6409, #7302, .T. ) ;
#11933 = SURFACE_STYLE_FILL_AREA ( #8104 ) ;
#11934 = VECTOR ( 'NONE', #8900, 1000.000000000000000 ) ;
#11935 = DIRECTION ( 'NONE',  ( -1.362836556861370182E-14, -4.336808689942045346E-15, 1.000000000000000000 ) ) ;
#11936 = PLANE ( 'NONE',  #7582 ) ;
#11937 = LINE ( 'NONE', #8982, #7394 ) ;
#11938 = VECTOR ( 'NONE', #9524, 1000.000000000000000 ) ;
#11939 = ORIENTED_EDGE ( 'NONE', *, *, #8216, .F. ) ;
#11940 = UNCERTAINTY_MEASURE_WITH_UNIT (LENGTH_MEASURE( 1.000000000000000082E-05 ), #10410, 'distance_accuracy_value', 'NONE');
#11941 = EDGE_LOOP ( 'NONE', ( #10589, #10739, #9057, #8586 ) ) ;
#11942 = ORIENTED_EDGE ( 'NONE', *, *, #1705, .T. ) ;
#11943 = COLOUR_RGB ( '',0.2509803921568627416, 0.2509803921568627416, 0.2509803921568627416 ) ;
#11944 = COLOUR_RGB ( '',0.2509803921568627416, 0.2509803921568627416, 0.2509803921568627416 ) ;
#11945 = EDGE_LOOP ( 'NONE', ( #9272, #3500, #1768, #10752 ) ) ;
#11946 = LINE ( 'NONE', #2514, #3278 ) ;
#11947 = CARTESIAN_POINT ( 'NONE',  ( 3.200000000000000178, 7.817097663620468037E-14, 2.399999999999914646 ) ) ;
#11948 = ORIENTED_EDGE ( 'NONE', *, *, #7226, .T. ) ;
#11949 = COLOUR_RGB ( '',0.2509803921568627416, 0.2509803921568627416, 0.2509803921568627416 ) ;
#11950 = CARTESIAN_POINT ( 'NONE',  ( -4.649999999999999467, 3.200000000000000178, -4.500000000000000000 ) ) ;
#11951 = COLOUR_RGB ( '',0.2509803921568627416, 0.2509803921568627416, 0.2509803921568627416 ) ;
#11952 = CARTESIAN_POINT ( 'NONE',  ( 2.149999999999999911, 3.200000000000000178, -4.500000000000000000 ) ) ;
#11953 = MECHANICAL_DESIGN_GEOMETRIC_PRESENTATION_REPRESENTATION (  '', ( #2120 ), #9141 ) ;
#11954 = LINE ( 'NONE', #3211, #2764 ) ;
#11955 = EDGE_CURVE ( 'NONE', #8600, #4568, #10173, .T. ) ;
#11956 = VERTEX_POINT ( 'NONE', #9182 ) ;
#11957 = ORIENTED_EDGE ( 'NONE', *, *, #8567, .F. ) ;
#11958 = CARTESIAN_POINT ( 'NONE',  ( -10.15000000000017977, 17.89999999999999858, -10.99999999999986144 ) ) ;
#11959 = PLANE ( 'NONE',  #387 ) ;
#11960 = DIRECTION ( 'NONE',  ( 0.000000000000000000, 6.982962677686270655E-15, -1.000000000000000000 ) ) ;
#11961 = DIRECTION ( 'NONE',  ( -0.4999999999999940048, 0.8660254037844420383, 0.000000000000000000 ) ) ;
#11962 = CARTESIAN_POINT ( 'NONE',  ( 10.14999999999999858, 1.000000000000000000, -2.699999999999950440 ) ) ;
#11963 = CARTESIAN_POINT ( 'NONE',  ( 7.849999999999999645, 14.90000000000000036, -4.599999999999999645 ) ) ;
#11964 = EDGE_CURVE ( 'NONE', #10162, #9681, #338, .T. ) ;
#11965 = VERTEX_POINT ( 'NONE', #11005 ) ;
#11966 = CARTESIAN_POINT ( 'NONE',  ( -7.850000000000148859, 14.90000000000000036, -11.24999999999987921 ) ) ;
#11967 = DIRECTION ( 'NONE',  ( 0.000000000000000000, 1.000000000000000000, 0.000000000000000000 ) ) ;
#11968 = PRESENTATION_LAYER_ASSIGNMENT (  '', '', ( #4931 ) ) ;
#11969 = CARTESIAN_POINT ( 'NONE',  ( -7.299999999999999822, 10.00000000000000000, 7.500000000000000000 ) ) ;
#11970 = CARTESIAN_POINT ( 'NONE',  ( 0.6999999999999839684, 3.200000000000000178, -8.699999999999999289 ) ) ;
#11971 = DIRECTION ( 'NONE',  ( 0.4226182617406998299, 0.9063077870366497146, 0.000000000000000000 ) ) ;
#11972 = DIRECTION ( 'NONE',  ( 7.481554888512469916E-29, -7.537786532518270800E-15, 1.000000000000000000 ) ) ;
#11973 = COLOUR_RGB ( '',0.6666666666666666297, 0.6980392156862744724, 0.7686274509803920907 ) ;
#11974 =( NAMED_UNIT ( * ) SI_UNIT ( $, .STERADIAN. ) SOLID_ANGLE_UNIT ( ) );
#11975 = DIRECTION ( 'NONE',  ( -1.000000000000000000, 0.000000000000000000, 0.000000000000000000 ) ) ;
#11976 = VECTOR ( 'NONE', #9712, 1000.000000000000000 ) ;
#11977 = FILL_AREA_STYLE ('',( #4309 ) ) ;
#11978 = EDGE_LOOP ( 'NONE', ( #9287, #4918, #5571, #12401 ) ) ;
#11979 = EDGE_LOOP ( 'NONE', ( #9591, #10635, #5618, #7890 ) ) ;
#11980 = EDGE_CURVE ( 'NONE', #4615, #6325, #11954, .T. ) ;
#11981 = VECTOR ( 'NONE', #10343, 1000.000000000000000 ) ;
#11982 = FACE_OUTER_BOUND ( 'NONE', #10339, .T. ) ;
#11983 = EDGE_LOOP ( 'NONE', ( #11452, #2230, #4501, #5374 ) ) ;
#11984 =( NAMED_UNIT ( * ) SI_UNIT ( $, .STERADIAN. ) SOLID_ANGLE_UNIT ( ) );
#11985 = FILL_AREA_STYLE_COLOUR ( '', #712 ) ;
#11986 = SURFACE_STYLE_USAGE ( .BOTH. , #4259 ) ;
#11987 = FILL_AREA_STYLE_COLOUR ( '', #11884 ) ;
#11988 = VECTOR ( 'NONE', #8315, 1000.000000000000000 ) ;
#11989 = LINE ( 'NONE', #7287, #6593 ) ;
#11990 =( LENGTH_UNIT ( ) NAMED_UNIT ( * ) SI_UNIT ( .MILLI., .METRE. ) );
#11991 = DIRECTION ( 'NONE',  ( 0.000000000000000000, 0.000000000000000000, 1.000000000000000000 ) ) ;
#11992 = FILL_AREA_STYLE_COLOUR ( '', #6991 ) ;
#11993 = DIRECTION ( 'NONE',  ( 0.000000000000000000, -0.7071067811865414665, -0.7071067811865535679 ) ) ;
#11994 = ORIENTED_EDGE ( 'NONE', *, *, #11038, .T. ) ;
#11995 = EDGE_CURVE ( 'NONE', #2981, #3854, #7062, .T. ) ;
#11996 = ADVANCED_FACE ( 'NONE', ( #1473 ), #9120, .T. ) ;
#11997 = STYLED_ITEM ( 'NONE', ( #12009 ), #12024 ) ;
#11998 = ORIENTED_EDGE ( 'NONE', *, *, #10073, .F. ) ;
#11999 = ORIENTED_EDGE ( 'NONE', *, *, #3839, .T. ) ;
#12000 = ORIENTED_EDGE ( 'NONE', *, *, #11767, .F. ) ;
#12001 = DIRECTION ( 'NONE',  ( 1.000000000000000000, 0.000000000000000000, 0.000000000000000000 ) ) ;
#12002 = SURFACE_STYLE_FILL_AREA ( #5397 ) ;
#12003 = ORIENTED_EDGE ( 'NONE', *, *, #177, .T. ) ;
#12004 = STYLED_ITEM ( 'NONE', ( #6197 ), #7174 ) ;
#12005 = CARTESIAN_POINT ( 'NONE',  ( -7.849999999999999645, -3.000000000000000000, -8.000000000000000000 ) ) ;
#12006 = AXIS2_PLACEMENT_3D ( 'NONE', #5737, #6503, #8446 ) ;
#12007 = PLANE ( 'NONE',  #12174 ) ;
#12008 = MECHANICAL_DESIGN_GEOMETRIC_PRESENTATION_REPRESENTATION (  '', ( #3771 ), #2781 ) ;
#12009 = PRESENTATION_STYLE_ASSIGNMENT (( #8184 ) ) ;
#12010 = PRESENTATION_STYLE_ASSIGNMENT (( #3398 ) ) ;
#12011 = EDGE_CURVE ( 'NONE', #6868, #5755, #535, .T. ) ;
#12012 = VERTEX_POINT ( 'NONE', #5086 ) ;
#12013 = VERTEX_POINT ( 'NONE', #3397 ) ;
#12014 = PRESENTATION_LAYER_ASSIGNMENT (  '', '', ( #1200 ) ) ;
#12015 = VERTEX_POINT ( 'NONE', #10873 ) ;
#12016 = SURFACE_STYLE_FILL_AREA ( #5163 ) ;
#12017 = PRESENTATION_LAYER_ASSIGNMENT (  '', '', ( #5577 ) ) ;
#12018 = DIRECTION ( 'NONE',  ( 0.000000000000000000, 0.000000000000000000, -1.000000000000000000 ) ) ;
#12019 = DIRECTION ( 'NONE',  ( 0.000000000000000000, 0.000000000000000000, 1.000000000000000000 ) ) ;
#12020 = PRESENTATION_STYLE_ASSIGNMENT (( #3345 ) ) ;
#12021 = CARTESIAN_POINT ( 'NONE',  ( 10.10244762502074067, 21.21615850254429958, 7.501999999999999780 ) ) ;
#12022 = DIRECTION ( 'NONE',  ( 0.000000000000000000, 0.000000000000000000, -1.000000000000000000 ) ) ;
#12023 = CARTESIAN_POINT ( 'NONE',  ( -5.349999999999999645, -3.000000000000000000, -5.500000000000000000 ) ) ;
#12024 = ADVANCED_FACE ( 'NONE', ( #8238 ), #4215, .F. ) ;
#12025 = VECTOR ( 'NONE', #5200, 1000.000000000000000 ) ;
#12026 = DIRECTION ( 'NONE',  ( 1.000000000000000000, 0.000000000000000000, 0.000000000000000000 ) ) ;
#12027 = SURFACE_STYLE_FILL_AREA ( #7383 ) ;
#12028 = PRESENTATION_LAYER_ASSIGNMENT (  '', '', ( #200 ) ) ;
#12029 = ORIENTED_EDGE ( 'NONE', *, *, #152, .F. ) ;
#12030 = CARTESIAN_POINT ( 'NONE',  ( -5.349999999999999645, 3.200000000000000178, -4.500000000000000000 ) ) ;
#12031 = FACE_OUTER_BOUND ( 'NONE', #8257, .T. ) ;
#12032 = FACE_OUTER_BOUND ( 'NONE', #4736, .T. ) ;
#12033 = STYLED_ITEM ( 'NONE', ( #1174 ), #9147 ) ;
#12034 = DIRECTION ( 'NONE',  ( 0.000000000000000000, -1.000000000000000000, -8.054073281320982040E-15 ) ) ;
#12035 = ADVANCED_FACE ( 'NONE', ( #11888 ), #3277, .F. ) ;
#12036 = LINE ( 'NONE', #8091, #6161 ) ;
#12037 = CARTESIAN_POINT ( 'NONE',  ( -2.000000000000000000, 1.699999999999999956, 5.500000000000000000 ) ) ;
#12038 =( NAMED_UNIT ( * ) SI_UNIT ( $, .STERADIAN. ) SOLID_ANGLE_UNIT ( ) );
#12039 = ADVANCED_FACE ( 'NONE', ( #7485 ), #3691, .T. ) ;
#12040 = ORIENTED_EDGE ( 'NONE', *, *, #5598, .T. ) ;
#12041 = ORIENTED_EDGE ( 'NONE', *, *, #3982, .F. ) ;
#12042 = CIRCLE ( 'NONE', #9235, 0.5000000000000004441 ) ;
#12043 = DIRECTION ( 'NONE',  ( 1.000000000000000000, 0.000000000000000000, 0.000000000000000000 ) ) ;
#12044 = CARTESIAN_POINT ( 'NONE',  ( 3.200000000000000178, 0.000000000000000000, -17.80452084174450178 ) ) ;
#12045 = DIRECTION ( 'NONE',  ( -1.000000000000000000, 0.000000000000000000, 0.000000000000000000 ) ) ;
#12046 = SURFACE_STYLE_USAGE ( .BOTH. , #7405 ) ;
#12047 = FACE_OUTER_BOUND ( 'NONE', #7971, .T. ) ;
#12048 =( NAMED_UNIT ( * ) SI_UNIT ( $, .STERADIAN. ) SOLID_ANGLE_UNIT ( ) );
#12049 = CARTESIAN_POINT ( 'NONE',  ( 0.000000000000000000, 0.000000000000000000, -1.199999999999999956 ) ) ;
#12050 = ADVANCED_FACE ( 'NONE', ( #7550 ), #6473, .F. ) ;
#12051 = MECHANICAL_DESIGN_GEOMETRIC_PRESENTATION_REPRESENTATION (  '', ( #9640 ), #4418 ) ;
#12052 = DIRECTION ( 'NONE',  ( -3.178365879782598973E-14, 1.000000000000000000, 0.000000000000000000 ) ) ;
#12053 = DIRECTION ( 'NONE',  ( 1.000000000000000000, 0.000000000000000000, 0.000000000000000000 ) ) ;
#12054 = EDGE_LOOP ( 'NONE', ( #2182, #4845, #5318, #12211 ) ) ;
#12055 = UNCERTAINTY_MEASURE_WITH_UNIT (LENGTH_MEASURE( 1.000000000000000082E-05 ), #2582, 'distance_accuracy_value', 'NONE');
#12056 = ORIENTED_EDGE ( 'NONE', *, *, #6627, .T. ) ;
#12057 = ORIENTED_EDGE ( 'NONE', *, *, #3194, .T. ) ;
#12058 = ORIENTED_EDGE ( 'NONE', *, *, #2084, .F. ) ;
#12059 = CARTESIAN_POINT ( 'NONE',  ( -8.400000000000099831, 8.599999999999999645, 5.700000000000000178 ) ) ;
#12060 = CIRCLE ( 'NONE', #4430, 0.8999999999999889200 ) ;
#12061 = ORIENTED_EDGE ( 'NONE', *, *, #5347, .F. ) ;
#12062 = ADVANCED_FACE ( 'NONE', ( #3755 ), #3506, .T. ) ;
#12063 = EDGE_CURVE ( 'NONE', #5275, #4461, #7203, .T. ) ;
#12064 = AXIS2_PLACEMENT_3D ( 'NONE', #2603, #1612, #9208 ) ;
#12065 = SURFACE_STYLE_USAGE ( .BOTH. , #2518 ) ;
#12066 = MECHANICAL_DESIGN_GEOMETRIC_PRESENTATION_REPRESENTATION (  '', ( #5636 ), #3436 ) ;
#12067 =( LENGTH_UNIT ( ) NAMED_UNIT ( * ) SI_UNIT ( .MILLI., .METRE. ) );
#12068 = CARTESIAN_POINT ( 'NONE',  ( 0.6999999999999999556, 8.733692815482969926E-14, -11.25000000000000000 ) ) ;
#12069 = ORIENTED_EDGE ( 'NONE', *, *, #9759, .F. ) ;
#12070 = EDGE_LOOP ( 'NONE', ( #3840, #157, #7781, #9607 ) ) ;
#12071 = DIRECTION ( 'NONE',  ( 0.000000000000000000, 0.000000000000000000, -1.000000000000000000 ) ) ;
#12072 = ORIENTED_EDGE ( 'NONE', *, *, #10750, .F. ) ;
#12073 = DIRECTION ( 'NONE',  ( 1.000000000000000000, 1.927470528863118950E-15, 0.000000000000000000 ) ) ;
#12074 = AXIS2_PLACEMENT_3D ( 'NONE', #6673, #3018, #7684 ) ;
#12075 = DIRECTION ( 'NONE',  ( 0.000000000000000000, 0.000000000000000000, 1.000000000000000000 ) ) ;
#12076 = UNCERTAINTY_MEASURE_WITH_UNIT (LENGTH_MEASURE( 1.000000000000000082E-05 ), #3202, 'distance_accuracy_value', 'NONE');
#12077 = CARTESIAN_POINT ( 'NONE',  ( 2.149999999999999911, 0.5500000000000000444, -8.000000000000000000 ) ) ;
#12078 = FACE_BOUND ( 'NONE', #246, .T. ) ;
#12079 = EDGE_CURVE ( 'NONE', #11815, #3084, #1777, .T. ) ;
#12080 = CARTESIAN_POINT ( 'NONE',  ( -10.14797999999999867, 21.16464466094064889, 7.250000000000000000 ) ) ;
#12081 = DIRECTION ( 'NONE',  ( 0.000000000000000000, 0.000000000000000000, 1.000000000000000000 ) ) ;
#12082 = CARTESIAN_POINT ( 'NONE',  ( -0.3499999999999999778, -3.000000000000000000, -5.000000000000000000 ) ) ;
#12083 = VECTOR ( 'NONE', #10281, 1000.000000000000000 ) ;
#12084 =( NAMED_UNIT ( * ) SI_UNIT ( $, .STERADIAN. ) SOLID_ANGLE_UNIT ( ) );
#12085 = VECTOR ( 'NONE', #10769, 1000.000000000000000 ) ;
#12086 = AXIS2_PLACEMENT_3D ( 'NONE', #10411, #1823, #3756 ) ;
#12087 = ORIENTED_EDGE ( 'NONE', *, *, #10341, .F. ) ;
#12088 = EDGE_LOOP ( 'NONE', ( #2343, #7104, #392, #7969 ) ) ;
#12089 = DIRECTION ( 'NONE',  ( -1.000000000000000000, 0.000000000000000000, 0.000000000000000000 ) ) ;
#12090 = COLOUR_RGB ( '',0.2509803921568627416, 0.2509803921568627416, 0.2509803921568627416 ) ;
#12091 = CARTESIAN_POINT ( 'NONE',  ( -10.34999999999999964, 8.900000000000000355, 7.299999999999999822 ) ) ;
#12092 = DIRECTION ( 'NONE',  ( -0.4226182617407014397, 0.9063077870366489375, 0.000000000000000000 ) ) ;
#12093 = CARTESIAN_POINT ( 'NONE',  ( -4.004993519352499476, 11.26574617618645924, 6.799999999999999822 ) ) ;
#12094 = PRESENTATION_LAYER_ASSIGNMENT (  '', '', ( #7290 ) ) ;
#12095 = DIRECTION ( 'NONE',  ( 0.000000000000000000, 0.000000000000000000, 1.000000000000000000 ) ) ;
#12096 = DIRECTION ( 'NONE',  ( 0.000000000000000000, 0.000000000000000000, -1.000000000000000000 ) ) ;
#12097 = CARTESIAN_POINT ( 'NONE',  ( 8.550000000000000711, 17.89999999999999858, -11.24999999999986144 ) ) ;
#12098 = ORIENTED_EDGE ( 'NONE', *, *, #7593, .F. ) ;
#12099 = ORIENTED_EDGE ( 'NONE', *, *, #6828, .T. ) ;
#12100 = MECHANICAL_DESIGN_GEOMETRIC_PRESENTATION_REPRESENTATION (  '', ( #1683 ), #7111 ) ;
#12101 = CARTESIAN_POINT ( 'NONE',  ( 2.600000000000000089, -3.500000000000000000, 5.100000000000000533 ) ) ;
#12102 = EDGE_CURVE ( 'NONE', #277, #1535, #6846, .T. ) ;
#12103 =( NAMED_UNIT ( * ) PLANE_ANGLE_UNIT ( ) SI_UNIT ( $, .RADIAN. ) );
#12104 = PRESENTATION_STYLE_ASSIGNMENT (( #3126 ) ) ;
#12105 = FILL_AREA_STYLE_COLOUR ( '', #4604 ) ;
#12106 = CARTESIAN_POINT ( 'NONE',  ( -9.925400323074669806E-14, 10.00000000000000000, 5.700000000000000178 ) ) ;
#12107 = DIRECTION ( 'NONE',  ( 1.000000000000000000, 0.000000000000000000, 0.000000000000000000 ) ) ;
#12108 = DIRECTION ( 'NONE',  ( 0.000000000000000000, 1.000000000000000000, 0.000000000000000000 ) ) ;
#12109 = PRESENTATION_LAYER_ASSIGNMENT (  '', '', ( #3475 ) ) ;
#12110 =( LENGTH_UNIT ( ) NAMED_UNIT ( * ) SI_UNIT ( .MILLI., .METRE. ) );
#12111 = CARTESIAN_POINT ( 'NONE',  ( -0.3499999999999999778, 3.200000000000000178, -9.000000000000000000 ) ) ;
#12112 = FILL_AREA_STYLE ('',( #1573 ) ) ;
#12113 = EDGE_LOOP ( 'NONE', ( #5336, #4782 ) ) ;
#12114 = MECHANICAL_DESIGN_GEOMETRIC_PRESENTATION_REPRESENTATION (  '', ( #8308 ), #7313 ) ;
#12115 = ORIENTED_EDGE ( 'NONE', *, *, #9161, .T. ) ;
#12116 = ORIENTED_EDGE ( 'NONE', *, *, #5912, .F. ) ;
#12117 = PRESENTATION_LAYER_ASSIGNMENT (  '', '', ( #10502 ) ) ;
#12118 = EDGE_CURVE ( 'NONE', #8688, #24, #7731, .T. ) ;
#12119 = EDGE_LOOP ( 'NONE', ( #11121, #5601, #2542, #504 ) ) ;
#12120 = FILL_AREA_STYLE_COLOUR ( '', #9493 ) ;
#12121 = CARTESIAN_POINT ( 'NONE',  ( -10.11464466094063930, 21.19999999999999929, 5.500000000000110134 ) ) ;
#12122 = STYLED_ITEM ( 'NONE', ( #10461 ), #4356 ) ;
#12123 = ORIENTED_EDGE ( 'NONE', *, *, #8141, .T. ) ;
#12124 = CARTESIAN_POINT ( 'NONE',  ( -1.587836625789089906, 10.39672597473573923, -1.199999999999999956 ) ) ;
#12125 = COLOUR_RGB ( '',0.2509803921568627416, 0.2509803921568627416, 0.2509803921568627416 ) ;
#12126 = FILL_AREA_STYLE ('',( #1765 ) ) ;
#12127 = CARTESIAN_POINT ( 'NONE',  ( 7.349999999999999645, 2.700000000000000178, 2.299999999999999822 ) ) ;
#12128 = DIRECTION ( 'NONE',  ( 0.000000000000000000, 0.000000000000000000, -1.000000000000000000 ) ) ;
#12129 = AXIS2_PLACEMENT_3D ( 'NONE', #10240, #12075, #8424 ) ;
#12130 = ORIENTED_EDGE ( 'NONE', *, *, #1110, .F. ) ;
#12131 = EDGE_CURVE ( 'NONE', #3786, #9408, #11589, .T. ) ;
#12132 = EDGE_CURVE ( 'NONE', #7720, #3806, #3163, .T. ) ;
#12133 = EDGE_LOOP ( 'NONE', ( #7429, #11712, #2803, #58 ) ) ;
#12134 = CARTESIAN_POINT ( 'NONE',  ( -4.649999999999999467, 0.5500000000000000444, -8.500000000000000000 ) ) ;
#12135 = VERTEX_POINT ( 'NONE', #10539 ) ;
#12136 = FACE_OUTER_BOUND ( 'NONE', #3429, .T. ) ;
#12137 = LINE ( 'NONE', #12196, #8924 ) ;
#12138 = CARTESIAN_POINT ( 'NONE',  ( -2.600000000000000089, -3.500000000000000000, 4.899999999999999467 ) ) ;
#12139 = SURFACE_STYLE_USAGE ( .BOTH. , #12259 ) ;
#12140 = DIRECTION ( 'NONE',  ( 1.000000000000000000, 0.000000000000000000, 0.000000000000000000 ) ) ;
#12141 = DIRECTION ( 'NONE',  ( -1.000000000000000000, 0.000000000000000000, 0.000000000000000000 ) ) ;
#12142 =( NAMED_UNIT ( * ) SI_UNIT ( $, .STERADIAN. ) SOLID_ANGLE_UNIT ( ) );
#12143 = FACE_OUTER_BOUND ( 'NONE', #3698, .T. ) ;
#12144 = EDGE_CURVE ( 'NONE', #3399, #1563, #9618, .T. ) ;
#12145 = AXIS2_PLACEMENT_3D ( 'NONE', #2645, #12387, #12318 ) ;
#12146 = EDGE_CURVE ( 'NONE', #8022, #2379, #2073, .T. ) ;
#12147 = EDGE_LOOP ( 'NONE', ( #2833, #3093, #6692, #1466 ) ) ;
#12148 = ORIENTED_EDGE ( 'NONE', *, *, #6583, .T. ) ;
#12149 = PRESENTATION_STYLE_ASSIGNMENT (( #8320 ) ) ;
#12150 = CARTESIAN_POINT ( 'NONE',  ( 0.9000000000000279998, 6.500000000000000000, 6.799999999999999822 ) ) ;
#12151 = LINE ( 'NONE', #2665, #5575 ) ;
#12152 = COLOUR_RGB ( '',0.2509803921568627416, 0.2509803921568627416, 0.2509803921568627416 ) ;
#12153 = DIRECTION ( 'NONE',  ( 1.000000000000000000, 0.000000000000000000, 0.000000000000000000 ) ) ;
#12154 = LINE ( 'NONE', #5248, #7365 ) ;
#12155 = CARTESIAN_POINT ( 'NONE',  ( 10.16615850254429887, 21.15244762502075204, 7.501999999999999780 ) ) ;
#12156 = CARTESIAN_POINT ( 'NONE',  ( 10.05000000000000071, 8.900000000000000355, 7.299999999999999822 ) ) ;
#12157 = DIRECTION ( 'NONE',  ( -1.000000000000000000, 2.409338161078775428E-16, 3.718869191154470885E-15 ) ) ;
#12158 = ORIENTED_EDGE ( 'NONE', *, *, #2234, .F. ) ;
#12159 = ORIENTED_EDGE ( 'NONE', *, *, #4784, .F. ) ;
#12160 = ADVANCED_FACE ( 'NONE', ( #4072 ), #2013, .F. ) ;
#12161 = DIRECTION ( 'NONE',  ( 0.000000000000000000, 0.000000000000000000, -1.000000000000000000 ) ) ;
#12162 = VECTOR ( 'NONE', #5387, 1000.000000000000000 ) ;
#12163 = CARTESIAN_POINT ( 'NONE',  ( 5.349999999999999645, 0.5500000000000000444, -5.500000000000000000 ) ) ;
#12164 = DIRECTION ( 'NONE',  ( 0.000000000000000000, 0.000000000000000000, -1.000000000000000000 ) ) ;
#12165 = FILL_AREA_STYLE ('',( #12105 ) ) ;
#12166 =( NAMED_UNIT ( * ) PLANE_ANGLE_UNIT ( ) SI_UNIT ( $, .RADIAN. ) );
#12167 = COLOUR_RGB ( '',0.2509803921568627416, 0.2509803921568627416, 0.2509803921568627416 ) ;
#12168 = PRESENTATION_STYLE_ASSIGNMENT (( #6213 ) ) ;
#12169 = PRESENTATION_LAYER_ASSIGNMENT (  '', '', ( #349 ) ) ;
#12170 =( NAMED_UNIT ( * ) SI_UNIT ( $, .STERADIAN. ) SOLID_ANGLE_UNIT ( ) );
#12171 = EDGE_CURVE ( 'NONE', #3983, #7921, #8856, .T. ) ;
#12172 = FACE_OUTER_BOUND ( 'NONE', #1173, .T. ) ;
#12173 = EDGE_LOOP ( 'NONE', ( #5013, #2789 ) ) ;
#12175 = EDGE_LOOP ( 'NONE', ( #1732, #217, #697, #20 ) ) ;
#12174 = AXIS2_PLACEMENT_3D ( 'NONE', #337, #3208, #3394 ) ;
#12176 = ORIENTED_EDGE ( 'NONE', *, *, #4265, .F. ) ;
#12177 = MANIFOLD_SOLID_BREP ( 'NONE', #5753 ) ;
#12178 = ORIENTED_EDGE ( 'NONE', *, *, #12422, .F. ) ;
#12179 =( NAMED_UNIT ( * ) PLANE_ANGLE_UNIT ( ) SI_UNIT ( $, .RADIAN. ) );
#12180 = UNCERTAINTY_MEASURE_WITH_UNIT (LENGTH_MEASURE( 1.000000000000000082E-05 ), #8170, 'distance_accuracy_value', 'NONE');
#12181 = DIRECTION ( 'NONE',  ( 0.000000000000000000, 1.000000000000000000, 0.000000000000000000 ) ) ;
#12182 = PRESENTATION_LAYER_ASSIGNMENT (  '', '', ( #9980 ) ) ;
#12183 = VECTOR ( 'NONE', #7614, 1000.000000000000000 ) ;
#12184 =( NAMED_UNIT ( * ) PLANE_ANGLE_UNIT ( ) SI_UNIT ( $, .RADIAN. ) );
#12185 = ADVANCED_FACE ( 'NONE', ( #455 ), #9744, .F. ) ;
#12186 = FILL_AREA_STYLE_COLOUR ( '', #6983 ) ;
#12187 = FACE_OUTER_BOUND ( 'NONE', #6590, .T. ) ;
#12188 = EDGE_LOOP ( 'NONE', ( #9731, #12388, #9367, #6083 ) ) ;
#12189 = ORIENTED_EDGE ( 'NONE', *, *, #1622, .T. ) ;
#12190 = ADVANCED_FACE ( 'NONE', ( #320 ), #2608, .F. ) ;
#12191 = ORIENTED_EDGE ( 'NONE', *, *, #11842, .F. ) ;
#12192 = DIRECTION ( 'NONE',  ( -1.298436238251450266E-29, 1.000000000000000000, 0.000000000000000000 ) ) ;
#12193 = CIRCLE ( 'NONE', #11615, 0.8999999999999889200 ) ;
#12194 = VERTEX_POINT ( 'NONE', #4132 ) ;
#12195 =( NAMED_UNIT ( * ) SI_UNIT ( $, .STERADIAN. ) SOLID_ANGLE_UNIT ( ) );
#12196 = CARTESIAN_POINT ( 'NONE',  ( -4.469323853433955662, 2.084079939631069855, -1.199999999999999956 ) ) ;
#12197 = AXIS2_PLACEMENT_3D ( 'NONE', #8598, #1884, #2142 ) ;
#12198 = LINE ( 'NONE', #4468, #5817 ) ;
#12199 = LINE ( 'NONE', #7376, #797 ) ;
#12200 = MANIFOLD_SOLID_BREP ( 'NONE', #357 ) ;
#12201 = PRESENTATION_LAYER_ASSIGNMENT (  '', '', ( #3771 ) ) ;
#12202 = CARTESIAN_POINT ( 'NONE',  ( -3.815147174716999601, 6.105240135171010607, -1.199999999999999956 ) ) ;
#12203 = LINE ( 'NONE', #3710, #8750 ) ;
#12204 = ADVANCED_FACE ( 'NONE', ( #10922 ), #10796, .T. ) ;
#12205 = CARTESIAN_POINT ( 'NONE',  ( 7.849999999999999645, 13.15000000000000036, 5.700000000000000178 ) ) ;
#12206 = DIRECTION ( 'NONE',  ( 0.000000000000000000, 0.000000000000000000, 1.000000000000000000 ) ) ;
#12207 = AXIS2_PLACEMENT_3D ( 'NONE', #6377, #7511, #676 ) ;
#12208 = DIRECTION ( 'NONE',  ( 9.843573744019160371E-15, -1.000000000000000000, -7.589415207398510528E-15 ) ) ;
#12209 = ORIENTED_EDGE ( 'NONE', *, *, #10006, .F. ) ;
#12210 = AXIS2_PLACEMENT_3D ( 'NONE', #4002, #1208, #7851 ) ;
#12211 = ORIENTED_EDGE ( 'NONE', *, *, #4070, .T. ) ;
#12212 =( NAMED_UNIT ( * ) SI_UNIT ( $, .STERADIAN. ) SOLID_ANGLE_UNIT ( ) );
#12213 = SURFACE_SIDE_STYLE ('',( #8438 ) ) ;
#12214 = CARTESIAN_POINT ( 'NONE',  ( 10.14999999999999858, 21.10000000000000142, 5.700000000000070344 ) ) ;
#12215 = CARTESIAN_POINT ( 'NONE',  ( -5.349999999999999645, 0.5500000000000000444, -8.500000000000000000 ) ) ;
#12216 = VECTOR ( 'NONE', #8610, 1000.000000000000000 ) ;
#12217 = FILL_AREA_STYLE ('',( #8381 ) ) ;
#12218 = CARTESIAN_POINT ( 'NONE',  ( 0.9000000000000000222, 10.59999999999999964, 6.799999999999999822 ) ) ;
#12219 = EDGE_CURVE ( 'NONE', #9680, #1111, #6438, .T. ) ;
#12220 = PRESENTATION_LAYER_ASSIGNMENT (  '', '', ( #9407 ) ) ;
#12221 = EDGE_CURVE ( 'NONE', #6061, #1576, #5491, .T. ) ;
#12222 = DIRECTION ( 'NONE',  ( 7.532798415146101022E-29, -7.589415207398510528E-15, 1.000000000000000000 ) ) ;
#12223 = ORIENTED_EDGE ( 'NONE', *, *, #11254, .T. ) ;
#12224 = ORIENTED_EDGE ( 'NONE', *, *, #6612, .F. ) ;
#12225 = VECTOR ( 'NONE', #8211, 1000.000000000000000 ) ;
#12226 = FILL_AREA_STYLE_COLOUR ( '', #11483 ) ;
#12227 = COLOUR_RGB ( '',0.2509803921568627416, 0.2509803921568627416, 0.2509803921568627416 ) ;
#12228 = LINE ( 'NONE', #3545, #6634 ) ;
#12229 =( NAMED_UNIT ( * ) PLANE_ANGLE_UNIT ( ) SI_UNIT ( $, .RADIAN. ) );
#12230 = FILL_AREA_STYLE_COLOUR ( '', #9034 ) ;
#12231 = DIRECTION ( 'NONE',  ( 0.000000000000000000, -1.000000000000000000, 0.000000000000000000 ) ) ;
#12232 = FILL_AREA_STYLE ('',( #6453 ) ) ;
#12233 = CARTESIAN_POINT ( 'NONE',  ( 1.956968149050240413, 13.21379621752035938, -1.199999999999999956 ) ) ;
#12234 = EDGE_CURVE ( 'NONE', #5466, #6232, #11937, .T. ) ;
#12235 = DIRECTION ( 'NONE',  ( 1.000000000000000000, 2.168404344971010101E-16, -7.575408038632519885E-31 ) ) ;
#12236 = LINE ( 'NONE', #11284, #7591 ) ;
#12237 = AXIS2_PLACEMENT_3D ( 'NONE', #1898, #313, #3763 ) ;
#12238 = DIRECTION ( 'NONE',  ( -1.000000000000000000, 0.000000000000000000, 0.000000000000000000 ) ) ;
#12239 = ORIENTED_EDGE ( 'NONE', *, *, #7548, .T. ) ;
#12240 = VERTEX_POINT ( 'NONE', #9334 ) ;
#12241 = EDGE_LOOP ( 'NONE', ( #2893, #11681, #2510, #4480 ) ) ;
#12242 = EDGE_LOOP ( 'NONE', ( #3668, #10909, #5469, #7989 ) ) ;
#12243 = LINE ( 'NONE', #11354, #12083 ) ;
#12244 = VECTOR ( 'NONE', #8260, 1000.000000000000000 ) ;
#12245 = VERTEX_POINT ( 'NONE', #388 ) ;
#12246 = DIRECTION ( 'NONE',  ( -1.000000000000000000, 2.168404344970880185E-16, 3.718869191154470885E-15 ) ) ;
#12247 =( NAMED_UNIT ( * ) SI_UNIT ( $, .STERADIAN. ) SOLID_ANGLE_UNIT ( ) );
#12248 = CARTESIAN_POINT ( 'NONE',  ( -10.10976310729376060, 21.19280904683519751, 7.275044919887499795 ) ) ;
#12249 = VECTOR ( 'NONE', #1539, 1000.000000000000000 ) ;
#12250 = VECTOR ( 'NONE', #912, 1000.000000000000000 ) ;
#12251 = EDGE_LOOP ( 'NONE', ( #3306, #1461, #8218, #1063 ) ) ;
#12252 = EDGE_LOOP ( 'NONE', ( #6642, #10159, #2583, #10667, #10107, #1800, #9988, #9602 ) ) ;
#12253 = ORIENTED_EDGE ( 'NONE', *, *, #6060, .T. ) ;
#12254 = ADVANCED_FACE ( 'NONE', ( #7115 ), #2338, .T. ) ;
#12255 = EDGE_LOOP ( 'NONE', ( #6592, #4330, #968, #6518 ) ) ;
#12256 = DIRECTION ( 'NONE',  ( 1.000000000000000000, 0.000000000000000000, 0.000000000000000000 ) ) ;
#12257 = CARTESIAN_POINT ( 'NONE',  ( 1.300000000000000044, 15.75499782797525050, 24.08550494769779959 ) ) ;
#12258 = DIRECTION ( 'NONE',  ( 1.000000000000000000, 0.000000000000000000, 0.000000000000000000 ) ) ;
#12259 = SURFACE_SIDE_STYLE ('',( #1481 ) ) ;
#12260 = DIRECTION ( 'NONE',  ( 0.000000000000000000, 0.000000000000000000, 1.000000000000000000 ) ) ;
#12261 = CARTESIAN_POINT ( 'NONE',  ( -10.11259517036270061, 21.15244739975969779, 7.297979999999999912 ) ) ;
#12262 = CARTESIAN_POINT ( 'NONE',  ( 7.150000000000000355, -3.000000000000000000, -7.500000000000000000 ) ) ;
#12263 = UNCERTAINTY_MEASURE_WITH_UNIT (LENGTH_MEASURE( 1.000000000000000082E-05 ), #8442, 'distance_accuracy_value', 'NONE');
#12264 =( LENGTH_UNIT ( ) NAMED_UNIT ( * ) SI_UNIT ( .MILLI., .METRE. ) );
#12265 = CARTESIAN_POINT ( 'NONE',  ( -2.677937912262149833, 1.248742956551454064, 6.799999999999999822 ) ) ;
#12266 = VECTOR ( 'NONE', #2515, 1000.000000000000000 ) ;
#12267 = ORIENTED_EDGE ( 'NONE', *, *, #6988, .T. ) ;
#12268 = AXIS2_PLACEMENT_3D ( 'NONE', #8997, #7871, #6035 ) ;
#12269 = ADVANCED_FACE ( 'NONE', ( #10038 ), #517, .F. ) ;
#12270 = ORIENTED_EDGE ( 'NONE', *, *, #10113, .F. ) ;
#12271 =( NAMED_UNIT ( * ) PLANE_ANGLE_UNIT ( ) SI_UNIT ( $, .RADIAN. ) );
#12272 =( NAMED_UNIT ( * ) SI_UNIT ( $, .STERADIAN. ) SOLID_ANGLE_UNIT ( ) );
#12273 = CARTESIAN_POINT ( 'NONE',  ( 3.500000000000000000, -7.828123272804480478E-16, 7.299999999999999822 ) ) ;
#12274 = LINE ( 'NONE', #11326, #1249 ) ;
#12275 = VECTOR ( 'NONE', #4318, 1000.000000000000000 ) ;
#12276 = PRESENTATION_STYLE_ASSIGNMENT (( #2797 ) ) ;
#12277 = VECTOR ( 'NONE', #9501, 1000.000000000000000 ) ;
#12278 = CARTESIAN_POINT ( 'NONE',  ( 5.030347782046989735, 10.78761563117025979, -1.199999999999999956 ) ) ;
#12279 = LINE ( 'NONE', #3725, #3099 ) ;
#12280 = DIRECTION ( 'NONE',  ( -1.000000000000000000, -9.925400323074660971E-15, 0.000000000000000000 ) ) ;
#12281 = CARTESIAN_POINT ( 'NONE',  ( -2.475435743013994827, 6.625688402361389784, -1.199999999999999956 ) ) ;
#12282 = ORIENTED_EDGE ( 'NONE', *, *, #7014, .F. ) ;
#12283 = DIRECTION ( 'NONE',  ( -1.000000000000000000, -9.757819552369546217E-15, 0.000000000000000000 ) ) ;
#12284 = EDGE_CURVE ( 'NONE', #12013, #9202, #6023, .T. ) ;
#12285 = EDGE_LOOP ( 'NONE', ( #11610, #11779, #4136, #1288 ) ) ;
#12286 = DIRECTION ( 'NONE',  ( 0.000000000000000000, 0.000000000000000000, -1.000000000000000000 ) ) ;
#12287 = EDGE_CURVE ( 'NONE', #204, #1440, #9200, .T. ) ;
#12288 = FILL_AREA_STYLE ('',( #3432 ) ) ;
#12289 = PRESENTATION_LAYER_ASSIGNMENT (  '', '', ( #8465 ) ) ;
#12290 = DIRECTION ( 'NONE',  ( -2.409338161078900167E-16, 1.000000000000000000, 0.000000000000000000 ) ) ;
#12291 = DIRECTION ( 'NONE',  ( 1.000000000000000000, 1.298436238251450266E-29, -3.718869191154470885E-15 ) ) ;
#12292 = LINE ( 'NONE', #5560, #3502 ) ;
#12293 = LINE ( 'NONE', #5623, #11711 ) ;
#12294 = LINE ( 'NONE', #12359, #6782 ) ;
#12295 = DIRECTION ( 'NONE',  ( 1.000000000000000000, 1.298436238251450266E-29, -3.718869191154470885E-15 ) ) ;
#12296 = CARTESIAN_POINT ( 'NONE',  ( 10.05000000000000071, 8.900000000000000355, 7.500000000000000000 ) ) ;
#12297 = ORIENTED_EDGE ( 'NONE', *, *, #11521, .F. ) ;
#12298 = EDGE_LOOP ( 'NONE', ( #5279, #4403, #9543, #7263 ) ) ;
#12299 = ORIENTED_EDGE ( 'NONE', *, *, #162, .F. ) ;
#12300 = ORIENTED_EDGE ( 'NONE', *, *, #7728, .T. ) ;
#12301 = ADVANCED_FACE ( 'NONE', ( #4731 ), #6561, .T. ) ;
#12302 = LINE ( 'NONE', #7610, #1467 ) ;
#12303 = FILL_AREA_STYLE ('',( #2761 ) ) ;
#12304 = VECTOR ( 'NONE', #7297, 1000.000000000000000 ) ;
#12305 = AXIS2_PLACEMENT_3D ( 'NONE', #11727, #3119, #8902 ) ;
#12306 = LINE ( 'NONE', #133, #698 ) ;
#12307 = B_SPLINE_CURVE_WITH_KNOTS ( 'NONE', 3,
 ( #4768, #4585, #11082, #10076 ),
 .UNSPECIFIED., .F., .F.,
 ( 4, 4 ),
 ( 0.000000000000000000, 1.000000000000000000 ),
 .UNSPECIFIED. ) ;
#12308 = PRESENTATION_STYLE_ASSIGNMENT (( #12065 ) ) ;
#12309 =( NAMED_UNIT ( * ) SI_UNIT ( $, .STERADIAN. ) SOLID_ANGLE_UNIT ( ) );
#12310 = PRESENTATION_LAYER_ASSIGNMENT (  '', '', ( #897 ) ) ;
#12311 = VECTOR ( 'NONE', #8456, 1000.000000000000000 ) ;
#12312 = DIRECTION ( 'NONE',  ( 0.000000000000000000, 0.000000000000000000, -1.000000000000000000 ) ) ;
#12313 = EDGE_LOOP ( 'NONE', ( #4515, #4600, #12158, #4502, #2569, #7299 ) ) ;
#12314 = ORIENTED_EDGE ( 'NONE', *, *, #4456, .F. ) ;
#12315 = VERTEX_POINT ( 'NONE', #5676 ) ;
#12316 = FILL_AREA_STYLE_COLOUR ( '', #883 ) ;
#12317 = EDGE_CURVE ( 'NONE', #6732, #2878, #10570, .T. ) ;
#12318 = DIRECTION ( 'NONE',  ( 0.000000000000000000, 0.000000000000000000, -1.000000000000000000 ) ) ;
#12319 = VERTEX_POINT ( 'NONE', #3727 ) ;
#12320 =( LENGTH_UNIT ( ) NAMED_UNIT ( * ) SI_UNIT ( .MILLI., .METRE. ) );
#12321 = AXIS2_PLACEMENT_3D ( 'NONE', #5862, #52, #11580 ) ;
#12322 = CARTESIAN_POINT ( 'NONE',  ( -2.603424410659469945, 9.923149613122019375, -1.199999999999999956 ) ) ;
#12323 = CARTESIAN_POINT ( 'NONE',  ( -2.600000000000000089, -3.500000000000000000, 5.100000000000000533 ) ) ;
#12324 = FILL_AREA_STYLE ('',( #4524 ) ) ;
#12325 = CARTESIAN_POINT ( 'NONE',  ( -10.34999999999999964, 21.16464466094064889, 7.250000000000000000 ) ) ;
#12326 = FACE_OUTER_BOUND ( 'NONE', #11303, .T. ) ;
#12327 = CARTESIAN_POINT ( 'NONE',  ( -3.000000000000000000, 1.699999999999999956, 7.250000000000000000 ) ) ;
#12328 = AXIS2_PLACEMENT_3D ( 'NONE', #2811, #9540, #6825 ) ;
#12329 = DIRECTION ( 'NONE',  ( 3.718869191154470885E-15, 0.000000000000000000, 1.000000000000000000 ) ) ;
#12330 = ADVANCED_FACE ( 'NONE', ( #4792 ), #1859, .F. ) ;
#12331 =( NAMED_UNIT ( * ) PLANE_ANGLE_UNIT ( ) SI_UNIT ( $, .RADIAN. ) );
#12332 = AXIS2_PLACEMENT_3D ( 'NONE', #1730, #6548, #12329 ) ;
#12333 = ORIENTED_EDGE ( 'NONE', *, *, #11995, .F. ) ;
#12334 = CIRCLE ( 'NONE', #9537, 1.099999999999999423 ) ;
#12335 = ORIENTED_EDGE ( 'NONE', *, *, #1167, .T. ) ;
#12336 = CARTESIAN_POINT ( 'NONE',  ( -7.849999999999999645, 3.200000000000000178, -4.500000000000000000 ) ) ;
#12337 = FACE_OUTER_BOUND ( 'NONE', #4875, .T. ) ;
#12338 = DIRECTION ( 'NONE',  ( 0.000000000000000000, 0.000000000000000000, 1.000000000000000000 ) ) ;
#12339 = CARTESIAN_POINT ( 'NONE',  ( 10.11464466094068015, 21.14999999999999858, 5.700000000000070344 ) ) ;
#12340 = PLANE ( 'NONE',  #4632 ) ;
#12341 = VECTOR ( 'NONE', #8748, 1000.000000000000000 ) ;
#12342 = CARTESIAN_POINT ( 'NONE',  ( 2.000000000000000000, 1.649999999999999911, 5.150000000000000355 ) ) ;
#12343 = AXIS2_PLACEMENT_3D ( 'NONE', #11117, #12128, #3507 ) ;
#12344 = LINE ( 'NONE', #167, #4944 ) ;
#12345 = VECTOR ( 'NONE', #4240, 1000.000000000000000 ) ;
#12346 = CARTESIAN_POINT ( 'NONE',  ( -2.000000000000000000, 1.649999999999999911, 5.100000000000000533 ) ) ;
#12347 = CARTESIAN_POINT ( 'NONE',  ( -10.14999999999999858, 8.900000000000000355, 5.700000000000000178 ) ) ;
#12348 = ADVANCED_FACE ( 'NONE', ( #54 ), #6624, .F. ) ;
#12349 = EDGE_LOOP ( 'NONE', ( #4284, #8783, #6551, #2199 ) ) ;
#12350 = DIRECTION ( 'NONE',  ( 0.000000000000000000, 0.000000000000000000, -1.000000000000000000 ) ) ;
#12351 = EDGE_CURVE ( 'NONE', #3391, #9848, #4856, .T. ) ;
#12352 = ORIENTED_EDGE ( 'NONE', *, *, #10286, .F. ) ;
#12353 =( LENGTH_UNIT ( ) NAMED_UNIT ( * ) SI_UNIT ( .MILLI., .METRE. ) );
#12354 =( NAMED_UNIT ( * ) SI_UNIT ( $, .STERADIAN. ) SOLID_ANGLE_UNIT ( ) );
#12355 = VECTOR ( 'NONE', #2272, 1000.000000000000000 ) ;
#12356 = CARTESIAN_POINT ( 'NONE',  ( -7.349999999999999645, 2.699999999999925127, 1.500000000000000000 ) ) ;
#12357 = FILL_AREA_STYLE ('',( #626 ) ) ;
#12358 = DIRECTION ( 'NONE',  ( 0.000000000000000000, 0.000000000000000000, 1.000000000000000000 ) ) ;
#12359 = CARTESIAN_POINT ( 'NONE',  ( 4.265774538051229747, 9.147983018184300263, -1.199999999999999956 ) ) ;
#12360 = SURFACE_SIDE_STYLE ('',( #1871 ) ) ;
#12361 =( NAMED_UNIT ( * ) SI_UNIT ( $, .STERADIAN. ) SOLID_ANGLE_UNIT ( ) );
#12362 = EDGE_CURVE ( 'NONE', #6442, #8332, #8701, .T. ) ;
#12363 = MECHANICAL_DESIGN_GEOMETRIC_PRESENTATION_REPRESENTATION (  '', ( #4130 ), #7169 ) ;
#12364 =( NAMED_UNIT ( * ) PLANE_ANGLE_UNIT ( ) SI_UNIT ( $, .RADIAN. ) );
#12365 = UNCERTAINTY_MEASURE_WITH_UNIT (LENGTH_MEASURE( 1.000000000000000082E-05 ), #3677, 'distance_accuracy_value', 'NONE');
#12366 = ORIENTED_EDGE ( 'NONE', *, *, #6591, .T. ) ;
#12367 = VERTEX_POINT ( 'NONE', #12415 ) ;
#12368 = ORIENTED_EDGE ( 'NONE', *, *, #7391, .T. ) ;
#12369 = VERTEX_POINT ( 'NONE', #11271 ) ;
#12370 = CARTESIAN_POINT ( 'NONE',  ( 4.004993519352499476, 11.26574617618645924, 6.799999999999999822 ) ) ;
#12371 = VECTOR ( 'NONE', #11014, 1000.000000000000000 ) ;
#12372 = CARTESIAN_POINT ( 'NONE',  ( -8.550000000000199663, 19.50000000000000000, -4.599999999999940137 ) ) ;
#12373 = VECTOR ( 'NONE', #1616, 1000.000000000000000 ) ;
#12374 = DIRECTION ( 'NONE',  ( 0.000000000000000000, 1.000000000000000000, 3.469446951953611033E-15 ) ) ;
#12375 = LINE ( 'NONE', #2943, #11171 ) ;
#12376 = EDGE_CURVE ( 'NONE', #8155, #12369, #2674, .T. ) ;
#12377 = EDGE_CURVE ( 'NONE', #10717, #10972, #3662, .T. ) ;
#12378 = DIRECTION ( 'NONE',  ( 1.000000000000000000, 0.000000000000000000, 0.000000000000000000 ) ) ;
#12379 = MECHANICAL_DESIGN_GEOMETRIC_PRESENTATION_REPRESENTATION (  '', ( #1949 ), #7571 ) ;
#12380 = DIRECTION ( 'NONE',  ( 1.000000000000000000, 0.000000000000000000, 0.000000000000000000 ) ) ;
#12381 = ORIENTED_EDGE ( 'NONE', *, *, #3008, .F. ) ;
#12382 = VECTOR ( 'NONE', #5417, 1000.000000000000000 ) ;
#12383 = ORIENTED_EDGE ( 'NONE', *, *, #4798, .F. ) ;
#12384 = VERTEX_POINT ( 'NONE', #4670 ) ;
#12385 = PRESENTATION_LAYER_ASSIGNMENT (  '', '', ( #5359 ) ) ;
#12386 = ORIENTED_EDGE ( 'NONE', *, *, #5974, .F. ) ;
#12387 = DIRECTION ( 'NONE',  ( 0.000000000000000000, -1.000000000000000000, 0.000000000000000000 ) ) ;
#12388 = ORIENTED_EDGE ( 'NONE', *, *, #9228, .F. ) ;
#12389 = DIRECTION ( 'NONE',  ( 0.000000000000000000, 7.755234363190430788E-15, -1.000000000000000000 ) ) ;
#12390 = MECHANICAL_DESIGN_GEOMETRIC_PRESENTATION_REPRESENTATION (  '', ( #10774 ), #7987 ) ;
#12391 = DIRECTION ( 'NONE',  ( 0.000000000000000000, 1.000000000000000000, 7.589415207398510528E-15 ) ) ;
#12392 = FILL_AREA_STYLE ('',( #8551 ) ) ;
#12393 = LINE ( 'NONE', #1964, #1037 ) ;
#12394 =( GEOMETRIC_REPRESENTATION_CONTEXT ( 3 ) GLOBAL_UNCERTAINTY_ASSIGNED_CONTEXT ( ( #12055 ) ) GLOBAL_UNIT_ASSIGNED_CONTEXT ( ( #2582, #8414, #12247 ) ) REPRESENTATION_CONTEXT ( 'NONE', 'WORKASPACE' ) );
#12395 = SURFACE_SIDE_STYLE ('',( #9695 ) ) ;
#12396 = LINE ( 'NONE', #10495, #2551 ) ;
#12397 = EDGE_CURVE ( 'NONE', #2379, #9049, #1583, .T. ) ;
#12398 = SURFACE_SIDE_STYLE ('',( #5600 ) ) ;
#12399 = PRESENTATION_LAYER_ASSIGNMENT (  '', '', ( #580 ) ) ;
#12400 = B_SPLINE_CURVE_WITH_KNOTS ( 'NONE', 3,
 ( #9307, #4588, #6482, #11369, #4521, #6357 ),
 .UNSPECIFIED., .F., .F.,
 ( 4, 2, 4 ),
 ( 0.000000000000000000, 0.5000000000000000000, 1.000000000000000000 ),
 .UNSPECIFIED. ) ;
#12401 = ORIENTED_EDGE ( 'NONE', *, *, #7093, .T. ) ;
#12402 = AXIS2_PLACEMENT_3D ( 'NONE', #2213, #12157, #8388 ) ;
#12403 = ORIENTED_EDGE ( 'NONE', *, *, #3381, .T. ) ;
#12404 = CARTESIAN_POINT ( 'NONE',  ( 2.475435743013954859, 7.525688402361390139, -1.199999999999999956 ) ) ;
#12405 = DIRECTION ( 'NONE',  ( 0.000000000000000000, 1.000000000000000000, 0.000000000000000000 ) ) ;
#12406 = ADVANCED_FACE ( 'NONE', ( #7646 ), #11465, .F. ) ;
#12407 =( NAMED_UNIT ( * ) PLANE_ANGLE_UNIT ( ) SI_UNIT ( $, .RADIAN. ) );
#12408 = PLANE ( 'NONE',  #4825 ) ;
#12409 = DIRECTION ( 'NONE',  ( -1.298436238251450266E-29, 1.000000000000000000, 2.414357261555910084E-44 ) ) ;
#12410 = DIRECTION ( 'NONE',  ( 0.000000000000000000, 0.000000000000000000, 1.000000000000000000 ) ) ;
#12411 = UNCERTAINTY_MEASURE_WITH_UNIT (LENGTH_MEASURE( 1.000000000000000082E-05 ), #8194, 'distance_accuracy_value', 'NONE');
#12412 = STYLED_ITEM ( 'NONE', ( #10562 ), #6425 ) ;
#12413 = PRESENTATION_STYLE_ASSIGNMENT (( #4729 ) ) ;
#12414 =( GEOMETRIC_REPRESENTATION_CONTEXT ( 3 ) GLOBAL_UNCERTAINTY_ASSIGNED_CONTEXT ( ( #10160 ) ) GLOBAL_UNIT_ASSIGNED_CONTEXT ( ( #1920, #9645, #1983 ) ) REPRESENTATION_CONTEXT ( 'NONE', 'WORKASPACE' ) );
#12415 = CARTESIAN_POINT ( 'NONE',  ( -3.000000000000000000, 1.899999999999999911, 7.250000000000000000 ) ) ;
#12416 = VECTOR ( 'NONE', #3178, 1000.000000000000114 ) ;
#12417 = EDGE_LOOP ( 'NONE', ( #2978, #8094, #5522, #7120 ) ) ;
#12418 =( NAMED_UNIT ( * ) PLANE_ANGLE_UNIT ( ) SI_UNIT ( $, .RADIAN. ) );
#12419 = VERTEX_POINT ( 'NONE', #1246 ) ;
#12420 = FACE_OUTER_BOUND ( 'NONE', #5464, .T. ) ;
#12421 = AXIS2_PLACEMENT_3D ( 'NONE', #11244, #11186, #10299 ) ;
#12422 = EDGE_CURVE ( 'NONE', #7879, #3244, #6056, .T. ) ;
#12423 =( LENGTH_UNIT ( ) NAMED_UNIT ( * ) SI_UNIT ( .MILLI., .METRE. ) );
#12424 = LINE ( 'NONE', #2929, #1388 ) ;
ENDSEC;
END-ISO-10303-21;
